solid OpenSCAD_Model
  facet normal 0 0 -1
    outer loop
      vertex 48.44499999999999 5.194999999999996 0
      vertex 48.44499999999999 7.394999999999996 0
      vertex 50.654999999999994 7.404999999999996 0
    endloop
  endfacet
  facet normal 0 0 -1
    outer loop
      vertex 48.44499999999999 5.194999999999996 0
      vertex 50.654999999999994 7.404999999999996 0
      vertex 50.644999999999996 5.194999999999996 0
    endloop
  endfacet
  facet normal 0 0 -1
    outer loop
      vertex 50.644999999999996 5.194999999999996 0
      vertex 50.654999999999994 7.404999999999996 0
      vertex 50.654999999999994 5.204999999999994 0
    endloop
  endfacet
  facet normal -1 0 0
    outer loop
      vertex 48.44499999999999 5.194999999999996 0
      vertex 48.44499999999999 5.194999999999996 2
      vertex 48.44499999999999 7.394999999999996 0
    endloop
  endfacet
  facet normal 0 -1 0
    outer loop
      vertex 48.44499999999999 5.194999999999996 0
      vertex 50.644999999999996 5.194999999999996 0
      vertex 50.644999999999996 5.194999999999996 2
    endloop
  endfacet
  facet normal 0 -1 0
    outer loop
      vertex 48.44499999999999 5.194999999999996 0
      vertex 50.644999999999996 5.194999999999996 2
      vertex 48.44499999999999 5.194999999999996 2
    endloop
  endfacet
  facet normal -1 0 0
    outer loop
      vertex 48.44499999999999 7.394999999999996 0
      vertex 48.44499999999999 5.194999999999996 2
      vertex 48.44499999999999 7.394999999999996 2
    endloop
  endfacet
  facet normal 0 0 1
    outer loop
      vertex 48.44499999999999 5.194999999999996 2
      vertex 48.45499999999999 7.394999999999996 2
      vertex 48.44499999999999 7.394999999999996 2
    endloop
  endfacet
  facet normal 0 0 1
    outer loop
      vertex 48.44499999999999 5.194999999999996 2
      vertex 50.644999999999996 7.404999999999996 2
      vertex 48.45499999999999 7.394999999999996 2
    endloop
  endfacet
  facet normal 0 0 1
    outer loop
      vertex 48.44499999999999 5.194999999999996 2
      vertex 50.644999999999996 5.194999999999996 2
      vertex 50.644999999999996 7.404999999999996 2
    endloop
  endfacet
  facet normal 0 0 -1
    outer loop
      vertex 50.644999999999996 5.194999999999996 0
      vertex 50.654999999999994 5.204999999999994 0
      vertex 52.855 5.194999999999996 0
    endloop
  endfacet
  facet normal 0 0 -1
    outer loop
      vertex 50.654999999999994 5.204999999999994 0
      vertex 52.845 7.394999999999996 0
      vertex 52.855 5.194999999999996 0
    endloop
  endfacet
  facet normal 0 0 -1
    outer loop
      vertex 50.654999999999994 5.204999999999994 0
      vertex 50.654999999999994 7.404999999999996 0
      vertex 52.845 7.394999999999996 0
    endloop
  endfacet
  facet normal 0 -1 0
    outer loop
      vertex 50.644999999999996 5.194999999999996 0
      vertex 52.855 5.194999999999996 0
      vertex 52.855 5.194999999999996 2
    endloop
  endfacet
  facet normal 0 -1 0
    outer loop
      vertex 50.644999999999996 5.194999999999996 0
      vertex 52.855 5.194999999999996 2
      vertex 50.644999999999996 5.194999999999996 2
    endloop
  endfacet
  facet normal 0 0 1
    outer loop
      vertex 50.644999999999996 5.194999999999996 2
      vertex 52.84499999999999 5.205000000000001 2
      vertex 50.644999999999996 7.404999999999996 2
    endloop
  endfacet
  facet normal 0 0 1
    outer loop
      vertex 50.644999999999996 5.194999999999996 2
      vertex 52.855 5.194999999999996 2
      vertex 52.84499999999999 5.205000000000001 2
    endloop
  endfacet
  facet normal 0 0 1
    outer loop
      vertex 50.644999999999996 7.404999999999996 2
      vertex 52.84499999999999 5.205000000000001 2
      vertex 52.84499999999999 7.395045248868774 2
    endloop
  endfacet
  facet normal 0 0 1
    outer loop
      vertex 52.84499999999999 5.205000000000001 2
      vertex 52.85499999999999 7.395000000000003 2
      vertex 52.84499999999999 7.395045248868774 2
    endloop
  endfacet
  facet normal 0 0 -1
    outer loop
      vertex 52.855 5.194999999999996 0
      vertex 52.845 7.394999999999996 0
      vertex 55.044999999999995 5.194999999999996 0
    endloop
  endfacet
  facet normal 0 0 -1
    outer loop
      vertex 52.845 7.394999999999996 0
      vertex 52.854999794327554 7.395045247938129 0
      vertex 55.044999999999995 5.194999999999996 0
    endloop
  endfacet
  facet normal 0 0 -1
    outer loop
      vertex 52.854999794327554 7.395045247938129 0
      vertex 55.05499999999999 7.404999999999996 0
      vertex 55.044999999999995 5.194999999999996 0
    endloop
  endfacet
  facet normal 0 0 -1
    outer loop
      vertex 55.05499999999999 5.204999999999994 0
      vertex 55.044999999999995 5.194999999999996 0
      vertex 55.05499999999999 7.404999999999996 0
    endloop
  endfacet
  facet normal 0 -1 0
    outer loop
      vertex 52.855 5.194999999999996 0
      vertex 55.044999999999995 5.194999999999996 0
      vertex 55.044999999999995 5.194999999999996 2
    endloop
  endfacet
  facet normal 0 -1 0
    outer loop
      vertex 52.855 5.194999999999996 0
      vertex 55.044999999999995 5.194999999999996 2
      vertex 52.855 5.194999999999996 2
    endloop
  endfacet
  facet normal 0 0 1
    outer loop
      vertex 52.84499999999999 5.205000000000001 2
      vertex 52.855 5.194999999999996 2
      vertex 52.85499999999999 7.395000000000003 2
    endloop
  endfacet
  facet normal 0 0 1
    outer loop
      vertex 52.855 5.194999999999996 2
      vertex 55.044999999999995 5.194999999999996 2
      vertex 55.044999999999995 7.404999999999996 2
    endloop
  endfacet
  facet normal 0 0 1
    outer loop
      vertex 52.855 5.194999999999996 2
      vertex 55.044999999999995 7.404999999999996 2
      vertex 52.85499999999999 7.395000000000003 2
    endloop
  endfacet
  facet normal 0 0 -1
    outer loop
      vertex 55.05499999999999 5.204999999999994 0
      vertex 57.254999999999995 5.194999999999996 0
      vertex 55.044999999999995 5.194999999999996 0
    endloop
  endfacet
  facet normal 0 0 -1
    outer loop
      vertex 55.05499999999999 5.204999999999994 0
      vertex 55.05499999999999 7.404999999999996 0
      vertex 57.245 7.394999999999996 0
    endloop
  endfacet
  facet normal 0 0 -1
    outer loop
      vertex 55.05499999999999 5.204999999999994 0
      vertex 57.245 7.394999999999996 0
      vertex 57.254999999999995 5.194999999999996 0
    endloop
  endfacet
  facet normal 0 -1 0
    outer loop
      vertex 55.044999999999995 5.194999999999996 0
      vertex 57.254999999999995 5.194999999999996 0
      vertex 57.254999999999995 5.194999999999996 2
    endloop
  endfacet
  facet normal 0 -1 0
    outer loop
      vertex 55.044999999999995 5.194999999999996 0
      vertex 57.254999999999995 5.194999999999996 2
      vertex 55.044999999999995 5.194999999999996 2
    endloop
  endfacet
  facet normal 0 0 1
    outer loop
      vertex 55.044999999999995 5.194999999999996 2
      vertex 57.245 5.204999999999994 2
      vertex 55.044999999999995 7.404999999999996 2
    endloop
  endfacet
  facet normal 0 0 1
    outer loop
      vertex 55.044999999999995 5.194999999999996 2
      vertex 57.254999999999995 5.194999999999996 2
      vertex 57.245 5.204999999999994 2
    endloop
  endfacet
  facet normal 0 0 1
    outer loop
      vertex 55.044999999999995 7.404999999999996 2
      vertex 57.245 5.204999999999994 2
      vertex 57.245 7.395045248868774 2
    endloop
  endfacet
  facet normal 0 0 1
    outer loop
      vertex 57.245 5.204999999999994 2
      vertex 57.254999999999995 7.394999999999996 2
      vertex 57.245 7.395045248868774 2
    endloop
  endfacet
  facet normal 0 0 -1
    outer loop
      vertex 57.254999999999995 5.194999999999996 0
      vertex 57.245 7.394999999999996 0
      vertex 59.445 5.204954751131216 0
    endloop
  endfacet
  facet normal 0 0 -1
    outer loop
      vertex 57.254999999999995 5.194999999999996 0
      vertex 59.445 5.204954751131216 0
      vertex 59.445 5.194999999999996 0
    endloop
  endfacet
  facet normal 0 0 -1
    outer loop
      vertex 59.445 5.204954751131216 0
      vertex 59.44998866213152 5.199988662131514 0
      vertex 59.445 5.194999999999996 0
    endloop
  endfacet
  facet normal 0 0 -1
    outer loop
      vertex 57.245 7.394999999999996 0
      vertex 59.445 7.404954751131218 0
      vertex 59.445 5.204954751131216 0
    endloop
  endfacet
  facet normal 0 -1 0
    outer loop
      vertex 57.254999999999995 5.194999999999996 0
      vertex 59.445 5.194999999999996 0
      vertex 59.445 5.194999999999996 2
    endloop
  endfacet
  facet normal 0 -1 0
    outer loop
      vertex 57.254999999999995 5.194999999999996 0
      vertex 59.445 5.194999999999996 2
      vertex 57.254999999999995 5.194999999999996 2
    endloop
  endfacet
  facet normal 0 0 1
    outer loop
      vertex 57.254999999999995 5.194999999999996 2
      vertex 57.254999999999995 7.394999999999996 2
      vertex 57.245 5.204999999999994 2
    endloop
  endfacet
  facet normal 0 0 1
    outer loop
      vertex 57.254999999999995 5.194999999999996 2
      vertex 59.445 7.404999999999996 2
      vertex 57.254999999999995 7.394999999999996 2
    endloop
  endfacet
  facet normal 0 0 1
    outer loop
      vertex 57.254999999999995 5.194999999999996 2
      vertex 59.445 5.194999999999996 2
      vertex 59.445 7.404999999999996 2
    endloop
  endfacet
  facet normal 0 0 -1
    outer loop
      vertex 59.445 5.194999999999996 0
      vertex 59.44998866213152 5.199988662131514 0
      vertex 61.655 5.194999999999996 0
    endloop
  endfacet
  facet normal 0 0 -1
    outer loop
      vertex 59.445 5.204954751131216 0
      vertex 61.645 7.394999999999996 0
      vertex 59.44998866213152 5.199988662131514 0
    endloop
  endfacet
  facet normal 0 0 -1
    outer loop
      vertex 59.445 5.204954751131216 0
      vertex 59.445 7.404954751131218 0
      vertex 61.645 7.394999999999996 0
    endloop
  endfacet
  facet normal 0 0 -1
    outer loop
      vertex 59.445 7.404954751131218 0
      vertex 59.445 7.404999999999996 0
      vertex 61.645 7.394999999999996 0
    endloop
  endfacet
  facet normal 0 0 -1
    outer loop
      vertex 61.655 7.394999999999996 0
      vertex 61.655 5.194999999999996 0
      vertex 59.44998866213152 5.199988662131514 0
    endloop
  endfacet
  facet normal 0 0 -1
    outer loop
      vertex 61.655 7.394999999999996 0
      vertex 59.44998866213152 5.199988662131514 0
      vertex 61.645 7.394999999999996 0
    endloop
  endfacet
  facet normal 0 0 -1
    outer loop
      vertex 59.445 7.404999999999996 0
      vertex 61.654999999999994 7.404999999999996 0
      vertex 61.645 7.394999999999996 0
    endloop
  endfacet
  facet normal 0 -1 0
    outer loop
      vertex 61.655 5.194999999999996 0
      vertex 61.655 5.194999999999996 2
      vertex 59.445 5.194999999999996 0
    endloop
  endfacet
  facet normal 0 -1 0
    outer loop
      vertex 59.445 5.194999999999996 2
      vertex 59.445 5.194999999999996 0
      vertex 61.655 5.194999999999996 2
    endloop
  endfacet
  facet normal 0 0 1
    outer loop
      vertex 59.445 7.404999999999996 2
      vertex 59.445 5.194999999999996 2
      vertex 61.644999999999996 5.205000000000001 2
    endloop
  endfacet
  facet normal 0 0 1
    outer loop
      vertex 61.655 5.194999999999996 2
      vertex 61.644999999999996 5.205000000000001 2
      vertex 59.445 5.194999999999996 2
    endloop
  endfacet
  facet normal 0 0 1
    outer loop
      vertex 59.445 7.404999999999996 2
      vertex 61.644999999999996 5.205000000000001 2
      vertex 61.644999999999996 7.404999999999996 2
    endloop
  endfacet
  facet normal 0 0 1
    outer loop
      vertex 61.655 7.385045248868769 2
      vertex 61.644999999999996 7.404999999999996 2
      vertex 61.644999999999996 5.205000000000001 2
    endloop
  endfacet
  facet normal 0 0 -1
    outer loop
      vertex 61.655 7.394999999999996 0
      vertex 63.84499999999999 5.194999999999996 0
      vertex 61.655 5.194999999999996 0
    endloop
  endfacet
  facet normal 0 0 -1
    outer loop
      vertex 61.655 7.394999999999996 0
      vertex 63.85495475113122 5.204954751131223 0
      vertex 63.84499999999999 5.194999999999996 0
    endloop
  endfacet
  facet normal 0 0 -1
    outer loop
      vertex 61.655 7.394999999999996 0
      vertex 63.84499999999999 7.394999999999989 0
      vertex 63.85495475113122 5.204954751131223 0
    endloop
  endfacet
  facet normal 0 0 -1
    outer loop
      vertex 61.655 7.394999999999996 0
      vertex 61.645 7.394999999999996 0
      vertex 61.654999999999994 7.404999999999996 0
    endloop
  endfacet
  facet normal 0 0 -1
    outer loop
      vertex 61.655 7.394999999999996 0
      vertex 61.654999999999994 7.404999999999996 0
      vertex 63.84499999999999 7.394999999999989 0
    endloop
  endfacet
  facet normal 0 -1 0
    outer loop
      vertex 61.655 5.194999999999996 0
      vertex 63.84499999999999 5.194999999999996 0
      vertex 63.84499999999999 5.194999999999996 2
    endloop
  endfacet
  facet normal 0 -1 0
    outer loop
      vertex 61.655 5.194999999999996 0
      vertex 63.84499999999999 5.194999999999996 2
      vertex 61.655 5.194999999999996 2
    endloop
  endfacet
  facet normal 0 0 1
    outer loop
      vertex 61.655 5.194999999999996 2
      vertex 63.84499999999999 7.404999999999996 2
      vertex 61.644999999999996 5.205000000000001 2
    endloop
  endfacet
  facet normal 0 0 1
    outer loop
      vertex 61.655 5.194999999999996 2
      vertex 63.84499999999999 5.194999999999996 2
      vertex 63.84499999999999 7.404999999999996 2
    endloop
  endfacet
  facet normal 0 0 1
    outer loop
      vertex 61.655 7.385045248868769 2
      vertex 61.644999999999996 5.205000000000001 2
      vertex 63.84499999999999 7.404999999999996 2
    endloop
  endfacet
  facet normal 0 0 1
    outer loop
      vertex 61.655 7.385045248868769 2
      vertex 63.84499999999999 7.404999999999996 2
      vertex 61.644999999999996 7.404999999999996 2
    endloop
  endfacet
  facet normal 0 0 -1
    outer loop
      vertex 63.84499999999999 7.394999999999989 0
      vertex 63.855 7.404999999999996 0
      vertex 63.85495475113122 5.204954751131223 0
    endloop
  endfacet
  facet normal 0 0 -1
    outer loop
      vertex 63.84499999999999 5.194999999999996 0
      vertex 63.85495475113122 5.204954751131223 0
      vertex 66.05499999999999 5.194999999999996 0
    endloop
  endfacet
  facet normal 0 0 -1
    outer loop
      vertex 66.05499999999999 7.394999999999996 0
      vertex 66.05499999999999 5.194999999999996 0
      vertex 63.85495475113122 5.204954751131223 0
    endloop
  endfacet
  facet normal 0 0 -1
    outer loop
      vertex 63.855 7.404999999999996 0
      vertex 66.05499999999999 7.404999999999996 0
      vertex 63.85495475113122 5.204954751131223 0
    endloop
  endfacet
  facet normal 0 0 -1
    outer loop
      vertex 66.05499999999999 7.394999999999996 0
      vertex 63.85495475113122 5.204954751131223 0
      vertex 66.05499999999999 7.404999999999996 0
    endloop
  endfacet
  facet normal 0 0 -1
    outer loop
      vertex 63.84499999999999 7.394999999999989 0
      vertex 63.84499999999999 7.404999999999996 0
      vertex 63.855 7.404999999999996 0
    endloop
  endfacet
  facet normal 0 -1 0
    outer loop
      vertex 66.05499999999999 5.194999999999996 0
      vertex 66.05499999999999 5.194999999999996 2
      vertex 63.84499999999999 5.194999999999996 0
    endloop
  endfacet
  facet normal 0 -1 0
    outer loop
      vertex 63.84499999999999 5.194999999999996 2
      vertex 63.84499999999999 5.194999999999996 0
      vertex 66.05499999999999 5.194999999999996 2
    endloop
  endfacet
  facet normal 0 0 1
    outer loop
      vertex 66.04504524886877 5.204954751131209 2
      vertex 63.84499999999999 7.404999999999996 2
      vertex 63.84499999999999 5.194999999999996 2
    endloop
  endfacet
  facet normal 0 0 1
    outer loop
      vertex 66.05499999999999 5.194999999999996 2
      vertex 66.04504524886877 5.204954751131209 2
      vertex 63.84499999999999 5.194999999999996 2
    endloop
  endfacet
  facet normal 0 0 1
    outer loop
      vertex 66.04504524886877 5.204954751131209 2
      vertex 66.05499999999999 7.395000000003122 2
      vertex 63.84499999999999 7.404999999999996 2
    endloop
  endfacet
  facet normal 0 0 1
    outer loop
      vertex 66.05499999999999 7.404999999999996 2
      vertex 63.84499999999999 7.404999999999996 2
      vertex 66.05499999999999 7.395000000003122 2
    endloop
  endfacet
  facet normal 0 0 -1
    outer loop
      vertex 68.255 5.194999999999996 0
      vertex 66.05499999999999 5.194999999999996 0
      vertex 66.05499999999999 7.394999999999996 0
    endloop
  endfacet
  facet normal 0 0 -1
    outer loop
      vertex 68.255 5.194999999999996 0
      vertex 66.05499999999999 7.394999999999996 0
      vertex 68.255 7.394999999999996 0
    endloop
  endfacet
  facet normal 0 -1 0
    outer loop
      vertex 68.255 5.194999999999996 0
      vertex 68.255 5.194999999999996 2
      vertex 66.05499999999999 5.194999999999996 0
    endloop
  endfacet
  facet normal 0 -1 0
    outer loop
      vertex 68.255 5.194999999999996 2
      vertex 66.05499999999999 5.194999999999996 2
      vertex 66.05499999999999 5.194999999999996 0
    endloop
  endfacet
  facet normal 0 0 1
    outer loop
      vertex 66.05499999999999 5.194999999999996 2
      vertex 66.05499999999999 7.395000000003122 2
      vertex 66.04504524886877 5.204954751131209 2
    endloop
  endfacet
  facet normal 0 0 1
    outer loop
      vertex 68.255 5.194999999999996 2
      vertex 66.05499999999999 7.395000000003122 2
      vertex 66.05499999999999 5.194999999999996 2
    endloop
  endfacet
  facet normal 0 0 1
    outer loop
      vertex 68.24499999999999 7.404999999999996 2
      vertex 66.05499999999999 7.395000000003122 2
      vertex 68.255 5.194999999999996 2
    endloop
  endfacet
  facet normal 1 0 0
    outer loop
      vertex 68.255 5.194999999999996 0
      vertex 68.255 7.394999999999996 0
      vertex 68.255 7.394999999999996 0.009049773755655915
    endloop
  endfacet
  facet normal 1 0 0
    outer loop
      vertex 68.255 5.194999999999996 0
      vertex 68.255 7.394999999999996 0.009049773755655915
      vertex 68.255 5.194999999999996 2
    endloop
  endfacet
  facet normal 1 0 0
    outer loop
      vertex 68.255 7.394999999999996 0.009049773755655915
      vertex 68.255 7.404999999999996 0
      vertex 68.255 7.404999999999996 2
    endloop
  endfacet
  facet normal 1 0 0
    outer loop
      vertex 68.255 7.394999999999996 0.009049773755655915
      vertex 68.255 7.404999999999996 2
      vertex 68.255 5.194999999999996 2
    endloop
  endfacet
  facet normal 0 0 1
    outer loop
      vertex 68.24499999999999 7.404999999999996 2
      vertex 68.255 5.194999999999996 2
      vertex 68.255 7.404999999999996 2
    endloop
  endfacet
  facet normal 0 0 -1
    outer loop
      vertex 48.44499999999999 7.394999999999996 0
      vertex 48.44499999999999 9.604999999999997 0
      vertex 50.644999999999996 9.594999999999999 0
    endloop
  endfacet
  facet normal 0 0 -1
    outer loop
      vertex 48.44499999999999 7.394999999999996 0
      vertex 50.644999999999996 9.594999999999999 0
      vertex 50.654999999999994 7.404999999999996 0
    endloop
  endfacet
  facet normal 0 0 -1
    outer loop
      vertex 50.644999999999996 9.594999999999999 0
      vertex 48.44499999999999 9.604999999999997 0
      vertex 50.644999999999996 9.604999999999997 0
    endloop
  endfacet
  facet normal -1 0 0
    outer loop
      vertex 48.44499999999999 7.394999999999996 0
      vertex 48.44499999999999 9.604999999999997 2
      vertex 48.44499999999999 9.604999999999997 0
    endloop
  endfacet
  facet normal 0 1 0
    outer loop
      vertex 48.44499999999999 9.604999999999997 0
      vertex 50.644999999999996 9.604999999999997 2
      vertex 50.644999999999996 9.604999999999997 0
    endloop
  endfacet
  facet normal -1 0 0
    outer loop
      vertex 48.44499999999999 7.394999999999996 0
      vertex 48.44499999999999 7.394999999999996 2
      vertex 48.44499999999999 9.604999999999997 2
    endloop
  endfacet
  facet normal 0 1 0
    outer loop
      vertex 48.44499999999999 9.604999999999997 0
      vertex 48.44499999999999 9.604999999999997 2
      vertex 50.644999999999996 9.604999999999997 2
    endloop
  endfacet
  facet normal 0 0 1
    outer loop
      vertex 48.44499999999999 7.394999999999996 2
      vertex 48.45499999999999 7.394999999999996 2
      vertex 48.44499999999999 9.604999999999997 2
    endloop
  endfacet
  facet normal 0 0 1
    outer loop
      vertex 48.45499999999999 7.394999999999996 2
      vertex 50.644999999999996 7.404999999999996 2
      vertex 48.44499999999999 9.604999999999997 2
    endloop
  endfacet
  facet normal 0 0 1
    outer loop
      vertex 50.644999999999996 7.404999999999996 2
      vertex 50.644999999999996 9.604999999999997 2
      vertex 48.44499999999999 9.604999999999997 2
    endloop
  endfacet
  facet normal 0 0 -1
    outer loop
      vertex 50.654999999999994 7.404999999999996 0
      vertex 50.644999999999996 9.594999999999999 0
      vertex 50.644999999999996 9.604999999999997 0
    endloop
  endfacet
  facet normal 0 0 -1
    outer loop
      vertex 50.654999999999994 7.404999999999996 0
      vertex 52.845 9.594999999999995 0
      vertex 52.845 7.394999999999996 0
    endloop
  endfacet
  facet normal 0 0 -1
    outer loop
      vertex 50.654999999999994 7.404999999999996 0
      vertex 50.644999999999996 9.604999999999997 0
      vertex 52.845 9.594999999999995 0
    endloop
  endfacet
  facet normal 0 0 -1
    outer loop
      vertex 52.845 7.394999999999996 0
      vertex 52.85495475113122 7.404954751131223 0
      vertex 52.854999794327554 7.395045247938129 0
    endloop
  endfacet
  facet normal 0 0 -1
    outer loop
      vertex 52.845 9.594999999999995 0
      vertex 50.644999999999996 9.604999999999997 0
      vertex 50.654999999999994 9.604999999999997 0
    endloop
  endfacet
  facet normal 0 0 -1
    outer loop
      vertex 52.845 9.594999999999995 0
      vertex 50.654999999999994 9.604999999999997 0
      vertex 52.84499999999999 9.604954751131219 0
    endloop
  endfacet
  facet normal 0 0 -1
    outer loop
      vertex 52.84499999999999 9.604954751131219 0
      vertex 52.84499999999999 9.604999999999997 0
      vertex 52.849999999999994 9.599999999999996 0
    endloop
  endfacet
  facet normal 0 0 -1
    outer loop
      vertex 52.845 9.594999999999995 0
      vertex 52.84499999999999 9.604954751131219 0
      vertex 52.849999999999994 9.599999999999996 0
    endloop
  endfacet
  facet normal 0 0 1
    outer loop
      vertex 50.644999999999996 7.404999999999996 2
      vertex 50.655 9.594999999999995 2
      vertex 50.644999999999996 9.604999999999997 2
    endloop
  endfacet
  facet normal 0 0 1
    outer loop
      vertex 50.644999999999996 7.404999999999996 2
      vertex 52.84499999999999 7.405000000000001 2
      vertex 50.655 9.594999999999995 2
    endloop
  endfacet
  facet normal 0 0 1
    outer loop
      vertex 50.644999999999996 7.404999999999996 2
      vertex 52.84499999999999 7.395045248868774 2
      vertex 52.84499999999999 7.405000000000001 2
    endloop
  endfacet
  facet normal 0 0 1
    outer loop
      vertex 50.655 9.594999999999995 2
      vertex 52.84499999999999 7.405000000000001 2
      vertex 52.84499999999999 9.595045248868773 2
    endloop
  endfacet
  facet normal 0 0 1
    outer loop
      vertex 52.84499999999999 7.405000000000001 2
      vertex 52.85499999999999 9.594999999999995 2
      vertex 52.84499999999999 9.595045248868773 2
    endloop
  endfacet
  facet normal 0 0 -1
    outer loop
      vertex 52.845 7.394999999999996 0
      vertex 52.845 9.594999999999995 0
      vertex 52.85495475113122 7.404954751131223 0
    endloop
  endfacet
  facet normal 0 0 -1
    outer loop
      vertex 52.854999794327554 7.395045247938129 0
      vertex 52.85495475113122 7.404954751131223 0
      vertex 55.05499999999999 7.404999999999996 0
    endloop
  endfacet
  facet normal 0 0 -1
    outer loop
      vertex 52.85495475113122 7.404954751131223 0
      vertex 55.044999999999995 9.594999999999995 0
      vertex 55.05499999999999 7.404999999999996 0
    endloop
  endfacet
  facet normal 0 0 -1
    outer loop
      vertex 52.85495475113122 7.404954751131223 0
      vertex 52.845 9.594999999999995 0
      vertex 55.044999999999995 9.594999999999995 0
    endloop
  endfacet
  facet normal 0 0 1
    outer loop
      vertex 52.84499999999999 7.395045248868774 2
      vertex 52.85499999999999 7.395000000000003 2
      vertex 52.84499999999999 7.405000000000001 2
    endloop
  endfacet
  facet normal 0 0 1
    outer loop
      vertex 52.85499999999999 7.395000000000003 2
      vertex 52.85499999999999 9.594999999999995 2
      vertex 52.84499999999999 7.405000000000001 2
    endloop
  endfacet
  facet normal 0 0 1
    outer loop
      vertex 52.85499999999999 7.395000000000003 2
      vertex 55.044999999999995 7.404999999999996 2
      vertex 52.85499999999999 9.594999999999995 2
    endloop
  endfacet
  facet normal 0 0 1
    outer loop
      vertex 52.85499999999999 9.594999999999995 2
      vertex 55.044999999999995 7.404999999999996 2
      vertex 55.05499999999999 9.594999999999995 2
    endloop
  endfacet
  facet normal 0 0 1
    outer loop
      vertex 52.85499999999999 9.594999999999995 2
      vertex 55.04499999999999 9.604999999999997 2
      vertex 52.84499999999999 9.605000000000004 2
    endloop
  endfacet
  facet normal 0 0 1
    outer loop
      vertex 52.85499999999999 9.594999999999995 2
      vertex 55.05499999999999 9.594999999999995 2
      vertex 55.04499999999999 9.604999999999997 2
    endloop
  endfacet
  facet normal 0 0 -1
    outer loop
      vertex 55.05499999999999 7.404999999999996 0
      vertex 55.044999999999995 9.594999999999995 0
      vertex 57.24499999999922 9.594999999999999 0
    endloop
  endfacet
  facet normal 0 0 -1
    outer loop
      vertex 55.05499999999999 7.404999999999996 0
      vertex 57.24499999999922 9.594999999999999 0
      vertex 57.245 7.394999999999996 0
    endloop
  endfacet
  facet normal 0 0 -1
    outer loop
      vertex 57.245 7.394999999999996 0
      vertex 57.24499999999922 9.594999999999999 0
      vertex 57.254999999999995 9.594999999999995 0
    endloop
  endfacet
  facet normal 0 0 -1
    outer loop
      vertex 55.044999999999995 9.594999999999995 0
      vertex 55.05499999999999 9.604999999999997 0
      vertex 57.24499999999922 9.594999999999999 0
    endloop
  endfacet
  facet normal 0 0 -1
    outer loop
      vertex 57.24499999999922 9.594999999999999 0
      vertex 57.25 9.599999999999996 0
      vertex 57.254999999999995 9.594999999999995 0
    endloop
  endfacet
  facet normal 0 0 1
    outer loop
      vertex 55.044999999999995 7.404999999999996 2
      vertex 57.245 7.404999999999994 2
      vertex 55.05499999999999 9.594999999999995 2
    endloop
  endfacet
  facet normal 0 0 1
    outer loop
      vertex 55.044999999999995 7.404999999999996 2
      vertex 57.245 7.395045248868774 2
      vertex 57.245 7.404999999999994 2
    endloop
  endfacet
  facet normal 0 0 1
    outer loop
      vertex 55.05499999999999 9.594999999999995 2
      vertex 57.245 7.404999999999994 2
      vertex 57.254999999999995 9.594999999999999 2
    endloop
  endfacet
  facet normal 0 0 1
    outer loop
      vertex 57.254999999999995 7.394999999999996 2
      vertex 57.254999999999995 9.594999999999999 2
      vertex 57.245 7.404999999999994 2
    endloop
  endfacet
  facet normal 0 0 1
    outer loop
      vertex 55.05499999999999 9.594999999999995 2
      vertex 57.254999999999995 9.594999999999999 2
      vertex 57.25 9.599999999999996 2
    endloop
  endfacet
  facet normal 0 0 1
    outer loop
      vertex 55.05499999999999 9.594999999999995 2
      vertex 57.25 9.599999999999996 2
      vertex 57.245 9.604999999999993 2
    endloop
  endfacet
  facet normal 0 0 -1
    outer loop
      vertex 57.245 7.394999999999996 0
      vertex 57.254999999999995 9.594999999999995 0
      vertex 59.445 9.594999999999995 0
    endloop
  endfacet
  facet normal 0 0 -1
    outer loop
      vertex 57.254999999999995 9.594999999999995 0
      vertex 57.25 9.599999999999996 0
      vertex 57.25500000000077 9.604999999999993 0
    endloop
  endfacet
  facet normal 0 0 -1
    outer loop
      vertex 57.254999999999995 9.594999999999995 0
      vertex 57.25500000000077 9.604999999999993 0
      vertex 59.445 9.594999999999995 0
    endloop
  endfacet
  facet normal 0 0 -1
    outer loop
      vertex 57.245 7.394999999999996 0
      vertex 59.445 7.404999999999996 0
      vertex 59.445 7.404954751131218 0
    endloop
  endfacet
  facet normal 0 0 -1
    outer loop
      vertex 59.445 9.594999999999995 0
      vertex 59.445 7.404999999999996 0
      vertex 57.245 7.394999999999996 0
    endloop
  endfacet
  facet normal 0 0 1
    outer loop
      vertex 57.254999999999995 7.394999999999996 2
      vertex 57.245 7.404999999999994 2
      vertex 57.245 7.395045248868774 2
    endloop
  endfacet
  facet normal 0 0 1
    outer loop
      vertex 57.254999999999995 7.394999999999996 2
      vertex 59.445 7.404999999999996 2
      vertex 57.254999999999995 9.594999999999999 2
    endloop
  endfacet
  facet normal 0 0 1
    outer loop
      vertex 57.254999999999995 9.594999999999999 2
      vertex 59.445 7.404999999999996 2
      vertex 59.455 9.594999999999995 2
    endloop
  endfacet
  facet normal 0 0 1
    outer loop
      vertex 57.254999999999995 9.594999999999999 2
      vertex 59.455 9.594999999999995 2
      vertex 59.44499999999999 9.604999999999997 2
    endloop
  endfacet
  facet normal 0 0 -1
    outer loop
      vertex 59.445 9.594999999999995 0
      vertex 61.644999999999996 9.594999999999992 0
      vertex 59.445 7.404999999999996 0
    endloop
  endfacet
  facet normal 0 0 -1
    outer loop
      vertex 61.644999999999996 9.594999999999992 0
      vertex 61.654999999999994 7.404999999999996 0
      vertex 59.445 7.404999999999996 0
    endloop
  endfacet
  facet normal 0 0 -1
    outer loop
      vertex 59.445 9.594999999999995 0
      vertex 59.455 9.604999999999997 0
      vertex 61.644999999999996 9.594999999999992 0
    endloop
  endfacet
  facet normal 0 0 1
    outer loop
      vertex 59.455 9.594999999999995 2
      vertex 59.445 7.404999999999996 2
      vertex 61.644999999999996 7.404999999999996 2
    endloop
  endfacet
  facet normal 0 0 1
    outer loop
      vertex 59.455 9.594999999999995 2
      vertex 61.644999999999996 7.404999999999996 2
      vertex 61.644999999999996 9.594999999999995 2
    endloop
  endfacet
  facet normal 0 0 1
    outer loop
      vertex 61.644999999999996 7.404999999999996 2
      vertex 61.65500000000078 9.594999999999995 2
      vertex 61.644999999999996 9.594999999999995 2
    endloop
  endfacet
  facet normal 0 0 1
    outer loop
      vertex 61.644999999999996 9.594999999999995 2
      vertex 61.65500000000078 9.594999999999995 2
      vertex 61.644999999999996 9.605 2
    endloop
  endfacet
  facet normal 0 0 -1
    outer loop
      vertex 61.654999999999994 7.404999999999996 0
      vertex 63.84499999999999 7.404999999999996 0
      vertex 63.84499999999999 7.394999999999989 0
    endloop
  endfacet
  facet normal 0 0 -1
    outer loop
      vertex 63.84499999999999 9.594999999999992 0
      vertex 63.84499999999999 7.404999999999996 0
      vertex 61.654999999999994 7.404999999999996 0
    endloop
  endfacet
  facet normal 0 0 -1
    outer loop
      vertex 61.644999999999996 9.594999999999992 0
      vertex 63.84499999999999 9.594999999999992 0
      vertex 61.654999999999994 7.404999999999996 0
    endloop
  endfacet
  facet normal 0 0 -1
    outer loop
      vertex 61.644999999999996 9.594999999999992 0
      vertex 61.644999999999996 9.604999999999997 0
      vertex 61.65495475113122 9.604954751131219 0
    endloop
  endfacet
  facet normal 0 0 -1
    outer loop
      vertex 61.644999999999996 9.594999999999992 0
      vertex 61.65495475113122 9.604954751131219 0
      vertex 63.84499999999999 9.594999999999992 0
    endloop
  endfacet
  facet normal 0 0 -1
    outer loop
      vertex 61.65495475113122 9.604954751131219 0
      vertex 63.84504524886877 9.595045248868773 0
      vertex 63.84499999999999 9.594999999999992 0
    endloop
  endfacet
  facet normal 0 0 -1
    outer loop
      vertex 63.84499999999999 9.594999999999992 0
      vertex 63.855 7.404999999999996 0
      vertex 63.84499999999999 7.404999999999996 0
    endloop
  endfacet
  facet normal 0 0 1
    outer loop
      vertex 61.644999999999996 7.404999999999996 2
      vertex 63.84499999999999 7.404999999999996 2
      vertex 61.65500000000078 9.594999999999995 2
    endloop
  endfacet
  facet normal 0 0 1
    outer loop
      vertex 61.65500000000078 9.594999999999995 2
      vertex 63.84499999999999 7.404999999999996 2
      vertex 63.855 9.594999999999995 2
    endloop
  endfacet
  facet normal 0 0 -1
    outer loop
      vertex 63.84499999999999 9.594999999999992 0
      vertex 63.855 9.594999999999995 0
      vertex 63.855 7.404999999999996 0
    endloop
  endfacet
  facet normal 0 0 -1
    outer loop
      vertex 63.84499999999999 9.594999999999992 0
      vertex 63.84504524886877 9.595045248868773 0
      vertex 63.855 9.594999999999995 0
    endloop
  endfacet
  facet normal 0 0 -1
    outer loop
      vertex 66.05499999999999 9.604999999999997 0
      vertex 66.05499999999999 7.404999999999996 0
      vertex 63.855 7.404999999999996 0
    endloop
  endfacet
  facet normal 0 0 -1
    outer loop
      vertex 63.855 9.594999999999995 0
      vertex 66.05499999999999 9.604999999999997 0
      vertex 63.855 7.404999999999996 0
    endloop
  endfacet
  facet normal 0 0 -1
    outer loop
      vertex 63.855 9.594999999999995 0
      vertex 63.855 9.604999999999997 0
      vertex 66.05499999999999 9.604999999999997 0
    endloop
  endfacet
  facet normal 0 0 1
    outer loop
      vertex 63.84499999999999 7.404999999999996 2
      vertex 66.05499999999999 7.404999999999996 2
      vertex 63.855 9.594999999999995 2
    endloop
  endfacet
  facet normal 0 0 1
    outer loop
      vertex 63.855 9.594999999999995 2
      vertex 66.05499999999999 7.404999999999996 2
      vertex 66.05499999999999 9.604999999999997 2
    endloop
  endfacet
  facet normal 0 0 1
    outer loop
      vertex 63.855 9.594999999999995 2
      vertex 66.05499999999999 9.604999999999997 2
      vertex 63.855 9.604999999999997 2
    endloop
  endfacet
  facet normal 0 0 -1
    outer loop
      vertex 68.255 7.394999999999996 0
      vertex 66.05499999999999 7.394999999999996 0
      vertex 66.05499999999999 7.404999999999996 0
    endloop
  endfacet
  facet normal 0 0 -1
    outer loop
      vertex 66.05499999999999 9.604999999999997 0
      vertex 68.255 7.394999999999996 0
      vertex 66.05499999999999 7.404999999999996 0
    endloop
  endfacet
  facet normal 0 0 -1
    outer loop
      vertex 66.05499999999999 9.604999999999997 0
      vertex 68.255 7.404999999999996 0
      vertex 68.255 7.394999999999996 0
    endloop
  endfacet
  facet normal 0 0 -1
    outer loop
      vertex 66.05499999999999 9.604999999999997 0
      vertex 68.255 9.604999999999997 0
      vertex 68.255 7.404999999999996 0
    endloop
  endfacet
  facet normal 0 1 0
    outer loop
      vertex 66.05499999999999 9.604999999999997 0
      vertex 68.255 9.604999999999997 2
      vertex 68.255 9.604999999999997 0
    endloop
  endfacet
  facet normal 0 1 0
    outer loop
      vertex 66.05499999999999 9.604999999999997 0
      vertex 66.05499999999999 9.604999999999997 2
      vertex 68.255 9.604999999999997 2
    endloop
  endfacet
  facet normal 0 0 1
    outer loop
      vertex 66.05499999999999 7.404999999999996 2
      vertex 66.05499999999999 7.395000000003122 2
      vertex 68.255 9.604999999999997 2
    endloop
  endfacet
  facet normal 0 0 1
    outer loop
      vertex 66.05499999999999 9.604999999999997 2
      vertex 66.05499999999999 7.404999999999996 2
      vertex 68.255 9.604999999999997 2
    endloop
  endfacet
  facet normal 0 0 1
    outer loop
      vertex 68.24499999999999 7.404999999999996 2
      vertex 68.255 9.604999999999997 2
      vertex 66.05499999999999 7.395000000003122 2
    endloop
  endfacet
  facet normal 1 0 0
    outer loop
      vertex 68.255 7.394999999999996 0
      vertex 68.255 7.404999999999996 0
      vertex 68.255 7.394999999999996 0.009049773755655915
    endloop
  endfacet
  facet normal 1 0 0
    outer loop
      vertex 68.255 7.404999999999996 0
      vertex 68.255 9.604999999999997 0
      vertex 68.255 7.404999999999996 2
    endloop
  endfacet
  facet normal 1 0 0
    outer loop
      vertex 68.255 9.604999999999997 0
      vertex 68.255 9.604999999999997 2
      vertex 68.255 7.404999999999996 2
    endloop
  endfacet
  facet normal 0 0 1
    outer loop
      vertex 68.24499999999999 7.404999999999996 2
      vertex 68.255 7.404999999999996 2
      vertex 68.255 9.604999999999997 2
    endloop
  endfacet
  facet normal 0 0 -1
    outer loop
      vertex 50.644999999999996 9.604999999999997 0
      vertex 50.644999999999996 11.804999999999996 0
      vertex 50.654999999999994 9.604999999999997 0
    endloop
  endfacet
  facet normal 0 0 -1
    outer loop
      vertex 50.654999999999994 9.604999999999997 0
      vertex 50.644999999999996 11.804999999999996 0
      vertex 52.84499999999999 9.604999999999997 0
    endloop
  endfacet
  facet normal 0 0 -1
    outer loop
      vertex 50.654999999999994 9.604999999999997 0
      vertex 52.84499999999999 9.604999999999997 0
      vertex 52.84499999999999 9.604954751131219 0
    endloop
  endfacet
  facet normal 0 0 -1
    outer loop
      vertex 50.644999999999996 11.804999999999996 0
      vertex 52.84499999999999 11.804999999999996 0
      vertex 52.84499999999999 9.604999999999997 0
    endloop
  endfacet
  facet normal 0 0 -1
    outer loop
      vertex 52.84499999999999 9.604999999999997 0
      vertex 52.85499999999999 9.60499999999999 0
      vertex 52.849999999999994 9.599999999999996 0
    endloop
  endfacet
  facet normal 0 0 -1
    outer loop
      vertex 52.84499999999999 9.604999999999997 0
      vertex 52.854999999998434 9.605000000342336 0
      vertex 52.85499999999999 9.60499999999999 0
    endloop
  endfacet
  facet normal -1 0 0
    outer loop
      vertex 50.644999999999996 9.604999999999997 0
      vertex 50.644999999999996 9.604999999999997 2
      vertex 50.644999999999996 11.804999999999996 0
    endloop
  endfacet
  facet normal 0 1 0
    outer loop
      vertex 50.644999999999996 11.804999999999996 0
      vertex 50.644999999999996 11.804999999999996 2
      vertex 52.84499999999999 11.804999999999996 0
    endloop
  endfacet
  facet normal -1 0 0
    outer loop
      vertex 50.644999999999996 11.804999999999996 0
      vertex 50.644999999999996 9.604999999999997 2
      vertex 50.644999999999996 11.804999999999996 2
    endloop
  endfacet
  facet normal 0 1 0
    outer loop
      vertex 52.84499999999999 11.804999999999996 0
      vertex 50.644999999999996 11.804999999999996 2
      vertex 52.84499999999999 11.804999999999996 2
    endloop
  endfacet
  facet normal 0 0 1
    outer loop
      vertex 50.655 9.594999999999995 2
      vertex 52.84499999999999 9.605000000000004 2
      vertex 50.644999999999996 9.604999999999997 2
    endloop
  endfacet
  facet normal 0 0 1
    outer loop
      vertex 50.644999999999996 9.604999999999997 2
      vertex 52.84499999999999 9.605000000000004 2
      vertex 50.644999999999996 11.804999999999996 2
    endloop
  endfacet
  facet normal 0 0 1
    outer loop
      vertex 50.655 9.594999999999995 2
      vertex 52.84499999999999 9.595045248868773 2
      vertex 52.84499999999999 9.605000000000004 2
    endloop
  endfacet
  facet normal 0 0 1
    outer loop
      vertex 50.644999999999996 11.804999999999996 2
      vertex 52.84499999999999 9.605000000000004 2
      vertex 52.84499999999999 11.804999999999996 2
    endloop
  endfacet
  facet normal 0 0 1
    outer loop
      vertex 52.84499999999999 9.595045248868773 2
      vertex 52.85499999999999 9.594999999999995 2
      vertex 52.84499999999999 9.605000000000004 2
    endloop
  endfacet
  facet normal 0 0 -1
    outer loop
      vertex 52.84499999999999 9.604999999999997 0
      vertex 52.84499999999999 11.804999999999996 0
      vertex 52.854999999998434 9.605000000342336 0
    endloop
  endfacet
  facet normal 0 0 -1
    outer loop
      vertex 52.849999999999994 9.599999999999996 0
      vertex 52.85499999999999 9.60499999999999 0
      vertex 55.044999999999995 9.594999999999995 0
    endloop
  endfacet
  facet normal 0 0 -1
    outer loop
      vertex 52.845 9.594999999999995 0
      vertex 52.849999999999994 9.599999999999996 0
      vertex 55.044999999999995 9.594999999999995 0
    endloop
  endfacet
  facet normal 0 0 -1
    outer loop
      vertex 52.85499999999999 9.60499999999999 0
      vertex 52.854999999998434 9.605000000342336 0
      vertex 55.044999999999995 11.794999999999996 0
    endloop
  endfacet
  facet normal 0 0 -1
    outer loop
      vertex 52.85499999999999 9.60499999999999 0
      vertex 55.05499999999999 9.604999999999997 0
      vertex 55.044999999999995 9.594999999999995 0
    endloop
  endfacet
  facet normal 0 0 -1
    outer loop
      vertex 52.85499999999999 9.60499999999999 0
      vertex 55.044999999999995 11.794999999999996 0
      vertex 55.05499999999999 9.604999999999997 0
    endloop
  endfacet
  facet normal 0 0 -1
    outer loop
      vertex 52.854999999998434 9.605000000342336 0
      vertex 52.84499999999999 11.804999999999996 0
      vertex 55.044999999999995 11.794999999999996 0
    endloop
  endfacet
  facet normal 0 0 -1
    outer loop
      vertex 55.044999999999995 11.794999999999996 0
      vertex 55.05 11.799999999999997 0
      vertex 55.05499999999999 11.794999999999996 0
    endloop
  endfacet
  facet normal 0 0 -1
    outer loop
      vertex 52.84499999999999 11.804999999999996 0
      vertex 55.044999999999995 11.804999999999996 0
      vertex 55.044999999999995 11.794999999999996 0
    endloop
  endfacet
  facet normal 0 0 1
    outer loop
      vertex 52.84499999999999 9.605000000000004 2
      vertex 55.04499999999999 9.604999999999997 2
      vertex 55.044999999999995 10.702494305239176 2
    endloop
  endfacet
  facet normal 0 0 1
    outer loop
      vertex 52.84499999999999 9.605000000000004 2
      vertex 55.044999999999995 11.804999999999994 2
      vertex 52.84499999999999 11.804999999999996 2
    endloop
  endfacet
  facet normal 0 0 1
    outer loop
      vertex 52.84499999999999 9.605000000000004 2
      vertex 55.044999999999995 10.702494305239176 2
      vertex 55.05499999999999 11.794999999999998 2
    endloop
  endfacet
  facet normal 0 0 1
    outer loop
      vertex 52.84499999999999 9.605000000000004 2
      vertex 55.05 11.799999999999997 2
      vertex 55.044999999999995 11.804999999999994 2
    endloop
  endfacet
  facet normal 0 0 1
    outer loop
      vertex 52.84499999999999 9.605000000000004 2
      vertex 55.05499999999999 11.794999999999998 2
      vertex 55.05 11.799999999999997 2
    endloop
  endfacet
  facet normal 0 0 -1
    outer loop
      vertex 55.05499999999999 9.604999999999997 0
      vertex 55.044999999999995 11.794999999999996 0
      vertex 55.05499999999999 11.794999999999996 0
    endloop
  endfacet
  facet normal 0 0 -1
    outer loop
      vertex 55.05499999999999 9.604999999999997 0
      vertex 55.05499999999999 11.794999999999996 0
      vertex 57.245 11.794999999999996 0
    endloop
  endfacet
  facet normal 0 0 -1
    outer loop
      vertex 55.05499999999999 11.794999999999996 0
      vertex 55.05 11.799999999999997 0
      vertex 55.05500000000038 11.804999999999994 0
    endloop
  endfacet
  facet normal 0 0 -1
    outer loop
      vertex 55.05499999999999 11.794999999999996 0
      vertex 55.05500000000038 11.804999999999994 0
      vertex 57.245 11.794999999999996 0
    endloop
  endfacet
  facet normal 0 0 -1
    outer loop
      vertex 55.05499999999999 9.604999999999997 0
      vertex 57.25500000000077 9.604999999999993 0
      vertex 57.25 9.599999999999996 0
    endloop
  endfacet
  facet normal 0 0 -1
    outer loop
      vertex 57.24499999999922 9.594999999999999 0
      vertex 55.05499999999999 9.604999999999997 0
      vertex 57.25 9.599999999999996 0
    endloop
  endfacet
  facet normal 0 0 -1
    outer loop
      vertex 55.05499999999999 9.604999999999997 0
      vertex 57.245 11.794999999999996 0
      vertex 57.25500000000077 9.604999999999993 0
    endloop
  endfacet
  facet normal 0 0 1
    outer loop
      vertex 55.05499999999999 9.594999999999995 2
      vertex 57.245 9.604999999999993 2
      vertex 55.04499999999999 9.604999999999997 2
    endloop
  endfacet
  facet normal 0 0 1
    outer loop
      vertex 55.04499999999999 9.604999999999997 2
      vertex 57.245 9.604999999999993 2
      vertex 55.05499999999999 11.794999999999998 2
    endloop
  endfacet
  facet normal 0 0 1
    outer loop
      vertex 55.04499999999999 9.604999999999997 2
      vertex 55.05499999999999 11.794999999999998 2
      vertex 55.044999999999995 10.702494305239176 2
    endloop
  endfacet
  facet normal 0 0 1
    outer loop
      vertex 55.05499999999999 11.794999999999998 2
      vertex 57.245 9.604999999999993 2
      vertex 57.254999999999995 11.794999999999996 2
    endloop
  endfacet
  facet normal 0 0 1
    outer loop
      vertex 57.25 9.599999999999996 2
      vertex 57.254999999999995 9.604999999999997 2
      vertex 57.245 9.604999999999993 2
    endloop
  endfacet
  facet normal 0 0 1
    outer loop
      vertex 55.05499999999999 11.794999999999998 2
      vertex 57.254999999999995 11.794999999999996 2
      vertex 57.245 11.804999999999996 2
    endloop
  endfacet
  facet normal 0 0 -1
    outer loop
      vertex 57.25500000000077 9.604999999999993 0
      vertex 57.245 11.794999999999996 0
      vertex 57.254999999999995 11.804999999999996 0
    endloop
  endfacet
  facet normal 0 0 -1
    outer loop
      vertex 57.25500000000077 9.604999999999993 0
      vertex 57.254999999999995 11.804999999999996 0
      vertex 59.455 11.804999999999996 0
    endloop
  endfacet
  facet normal 0 0 -1
    outer loop
      vertex 57.25500000000077 9.604999999999993 0
      vertex 59.455 9.604999999999997 0
      vertex 59.445 9.594999999999995 0
    endloop
  endfacet
  facet normal 0 0 -1
    outer loop
      vertex 57.25500000000077 9.604999999999993 0
      vertex 59.455 11.804999999999996 0
      vertex 59.455 9.604999999999997 0
    endloop
  endfacet
  facet normal 0 0 1
    outer loop
      vertex 57.254999999999995 9.594999999999999 2
      vertex 57.254999999999995 9.604999999999997 2
      vertex 57.25 9.599999999999996 2
    endloop
  endfacet
  facet normal 0 0 1
    outer loop
      vertex 57.245 9.604999999999993 2
      vertex 57.254999999999995 9.604999999999997 2
      vertex 57.254999999999995 11.794999999999996 2
    endloop
  endfacet
  facet normal 0 0 1
    outer loop
      vertex 57.254999999999995 9.594999999999999 2
      vertex 59.44499999999999 9.604999999999997 2
      vertex 57.254999999999995 9.604999999999997 2
    endloop
  endfacet
  facet normal 0 0 1
    outer loop
      vertex 57.254999999999995 9.604999999999997 2
      vertex 59.44499999999999 9.604999999999997 2
      vertex 57.254999999999995 11.794999999999996 2
    endloop
  endfacet
  facet normal 0 0 1
    outer loop
      vertex 57.254999999999995 11.794999999999996 2
      vertex 59.445 11.804954545454542 2
      vertex 57.254999999999995 11.804999999999996 2
    endloop
  endfacet
  facet normal 0 0 1
    outer loop
      vertex 57.254999999999995 11.794999999999996 2
      vertex 59.44499999999999 9.604999999999997 2
      vertex 59.45495454545454 11.794999999999998 2
    endloop
  endfacet
  facet normal 0 0 1
    outer loop
      vertex 59.44499999999999 9.604999999999997 2
      vertex 59.455 11.794999999999998 2
      vertex 59.45495454545454 11.794999999999998 2
    endloop
  endfacet
  facet normal 0 0 1
    outer loop
      vertex 59.45495454545454 11.794999999999998 2
      vertex 59.455 11.794999999999998 2
      vertex 59.45495475113122 11.795045248868776 2
    endloop
  endfacet
  facet normal 0 0 1
    outer loop
      vertex 57.254999999999995 11.804999999999996 2
      vertex 59.445 11.804954545454542 2
      vertex 59.44504524886877 11.804954751131218 2
    endloop
  endfacet
  facet normal 0 0 1
    outer loop
      vertex 57.254999999999995 11.804999999999996 2
      vertex 59.44504524886877 11.804954751131218 2
      vertex 59.455 11.804999999999996 2
    endloop
  endfacet
  facet normal 0 0 1
    outer loop
      vertex 57.254999999999995 11.794999999999996 2
      vertex 59.45495454545454 11.794999999999998 2
      vertex 59.445 11.804954545454542 2
    endloop
  endfacet
  facet normal 0 0 1
    outer loop
      vertex 59.45495475113122 11.795045248868776 2
      vertex 59.455 11.794999999999998 2
      vertex 59.455 11.804999999999996 2
    endloop
  endfacet
  facet normal 0 0 -1
    outer loop
      vertex 59.455 9.604999999999997 0
      vertex 59.455 11.804999999999996 0
      vertex 61.644999999999996 11.794999999999991 0
    endloop
  endfacet
  facet normal 0 0 -1
    outer loop
      vertex 61.644999999999996 9.594999999999992 0
      vertex 59.455 9.604999999999997 0
      vertex 61.644999999999996 9.604999999999997 0
    endloop
  endfacet
  facet normal 0 0 -1
    outer loop
      vertex 59.455 9.604999999999997 0
      vertex 61.644999999999996 11.794999999999991 0
      vertex 61.644999999999996 9.604999999999997 0
    endloop
  endfacet
  facet normal 0 0 -1
    outer loop
      vertex 61.655 9.605 0
      vertex 61.65495475113122 9.604954751131219 0
      vertex 61.644999999999996 9.604999999999997 0
    endloop
  endfacet
  facet normal 0 0 -1
    outer loop
      vertex 61.655 9.605 0
      vertex 61.644999999999996 9.604999999999997 0
      vertex 61.644999999999996 11.794999999999991 0
    endloop
  endfacet
  facet normal 0 0 -1
    outer loop
      vertex 59.455 11.804999999999996 0
      vertex 61.644999999999996 11.804999999999996 0
      vertex 61.644999999999996 11.794999999999991 0
    endloop
  endfacet
  facet normal 0 1 0
    outer loop
      vertex 59.455 11.804999999999996 0
      vertex 59.455 11.804999999999996 2
      vertex 61.644999999999996 11.804999999999996 0
    endloop
  endfacet
  facet normal 0 1 0
    outer loop
      vertex 61.644999999999996 11.804999999999996 0
      vertex 59.455 11.804999999999996 2
      vertex 61.644999999999996 11.804999999999996 2
    endloop
  endfacet
  facet normal 0 0 1
    outer loop
      vertex 59.455 9.594999999999995 2
      vertex 61.644999999999996 9.605 2
      vertex 59.44499999999999 9.604999999999997 2
    endloop
  endfacet
  facet normal 0 0 1
    outer loop
      vertex 59.44499999999999 9.604999999999997 2
      vertex 61.644999999999996 9.605 2
      vertex 59.455 11.794999999999998 2
    endloop
  endfacet
  facet normal 0 0 1
    outer loop
      vertex 59.45495454545454 11.794999999999998 2
      vertex 59.45495475113122 11.795045248868776 2
      vertex 59.445 11.804954545454542 2
    endloop
  endfacet
  facet normal 0 0 1
    outer loop
      vertex 59.45495475113122 11.795045248868776 2
      vertex 59.44504524886877 11.804954751131218 2
      vertex 59.445 11.804954545454542 2
    endloop
  endfacet
  facet normal 0 0 1
    outer loop
      vertex 59.455 11.794999999999998 2
      vertex 61.644999999999996 11.804999999999996 2
      vertex 59.455 11.804999999999996 2
    endloop
  endfacet
  facet normal 0 0 1
    outer loop
      vertex 59.455 9.594999999999995 2
      vertex 61.644999999999996 9.594999999999995 2
      vertex 61.644999999999996 9.605 2
    endloop
  endfacet
  facet normal 0 0 1
    outer loop
      vertex 59.455 11.794999999999998 2
      vertex 61.644999999999996 9.605 2
      vertex 61.644999999999996 11.804999999999996 2
    endloop
  endfacet
  facet normal 0 0 1
    outer loop
      vertex 61.644999999999996 9.605 2
      vertex 61.655 11.794999999999991 2
      vertex 61.644999999999996 11.804999999999996 2
    endloop
  endfacet
  facet normal 0 0 -1
    outer loop
      vertex 61.655 9.605 0
      vertex 63.84504524886877 9.595045248868773 0
      vertex 61.65495475113122 9.604954751131219 0
    endloop
  endfacet
  facet normal 0 0 -1
    outer loop
      vertex 61.655 9.605 0
      vertex 63.855 9.604999999999997 0
      vertex 63.84504524886877 9.595045248868773 0
    endloop
  endfacet
  facet normal 0 0 -1
    outer loop
      vertex 61.655 9.605 0
      vertex 63.84499999999999 11.794999999999991 0
      vertex 63.855 9.604999999999997 0
    endloop
  endfacet
  facet normal 0 0 -1
    outer loop
      vertex 61.655 9.605 0
      vertex 61.644999999999996 11.794999999999991 0
      vertex 63.84499999999999 11.794999999999991 0
    endloop
  endfacet
  facet normal 0 0 -1
    outer loop
      vertex 61.644999999999996 11.794999999999991 0
      vertex 61.644999999999996 11.804999999999996 0
      vertex 63.84499999999999 11.794999999999991 0
    endloop
  endfacet
  facet normal 0 0 -1
    outer loop
      vertex 61.644999999999996 11.804999999999996 0
      vertex 63.855 11.804999999999996 0
      vertex 63.84499999999999 11.794999999999991 0
    endloop
  endfacet
  facet normal 0 0 -1
    outer loop
      vertex 63.84504524886877 9.595045248868773 0
      vertex 63.855 9.604999999999997 0
      vertex 63.855 9.594999999999995 0
    endloop
  endfacet
  facet normal 0 1 0
    outer loop
      vertex 61.644999999999996 11.804999999999996 0
      vertex 61.644999999999996 11.804999999999996 2
      vertex 63.855 11.804999999999996 0
    endloop
  endfacet
  facet normal 0 1 0
    outer loop
      vertex 63.855 11.804999999999996 0
      vertex 61.644999999999996 11.804999999999996 2
      vertex 63.855 11.804999999999996 2
    endloop
  endfacet
  facet normal 0 0 1
    outer loop
      vertex 61.65500000000078 9.594999999999995 2
      vertex 63.84499999999999 9.605 2
      vertex 61.644999999999996 9.605 2
    endloop
  endfacet
  facet normal 0 0 1
    outer loop
      vertex 61.644999999999996 9.605 2
      vertex 63.84499999999999 9.605 2
      vertex 61.655 11.794999999999991 2
    endloop
  endfacet
  facet normal 0 0 1
    outer loop
      vertex 61.65500000000078 9.594999999999995 2
      vertex 63.855 9.594999999999995 2
      vertex 63.84499999999999 9.605 2
    endloop
  endfacet
  facet normal 0 0 1
    outer loop
      vertex 61.655 11.794999999999991 2
      vertex 63.84499999999999 9.605 2
      vertex 63.855 11.794999999999991 2
    endloop
  endfacet
  facet normal 0 0 1
    outer loop
      vertex 61.655 11.794999999999991 2
      vertex 63.855 11.804999999999996 2
      vertex 61.644999999999996 11.804999999999996 2
    endloop
  endfacet
  facet normal 0 0 1
    outer loop
      vertex 61.655 11.794999999999991 2
      vertex 63.855 11.794999999999991 2
      vertex 63.855 11.804999999999996 2
    endloop
  endfacet
  facet normal 0 0 -1
    outer loop
      vertex 63.855 9.604999999999997 0
      vertex 63.84499999999999 11.794999999999991 0
      vertex 63.855 11.804999999999996 0
    endloop
  endfacet
  facet normal 0 0 -1
    outer loop
      vertex 63.855 9.604999999999997 0
      vertex 66.05499999999999 11.804999999999996 0
      vertex 66.05499999999999 9.604999999999997 0
    endloop
  endfacet
  facet normal 0 0 -1
    outer loop
      vertex 63.855 9.604999999999997 0
      vertex 63.855 11.804999999999996 0
      vertex 66.05499999999999 11.804999999999996 0
    endloop
  endfacet
  facet normal 0 1 0
    outer loop
      vertex 63.855 11.804999999999996 0
      vertex 63.855 11.804999999999996 2
      vertex 66.05499999999999 11.804999999999996 0
    endloop
  endfacet
  facet normal 1 0 0
    outer loop
      vertex 66.05499999999999 9.604999999999997 0
      vertex 66.05499999999999 11.804999999999996 0
      vertex 66.05499999999999 11.804999999999996 2
    endloop
  endfacet
  facet normal 0 1 0
    outer loop
      vertex 66.05499999999999 11.804999999999996 0
      vertex 63.855 11.804999999999996 2
      vertex 66.05499999999999 11.804999999999996 2
    endloop
  endfacet
  facet normal 1 0 0
    outer loop
      vertex 66.05499999999999 9.604999999999997 0
      vertex 66.05499999999999 11.804999999999996 2
      vertex 66.05499999999999 9.604999999999997 2
    endloop
  endfacet
  facet normal 0 0 1
    outer loop
      vertex 63.855 9.594999999999995 2
      vertex 63.855 9.604999999999997 2
      vertex 63.84499999999999 9.605 2
    endloop
  endfacet
  facet normal 0 0 1
    outer loop
      vertex 63.84499999999999 9.605 2
      vertex 63.855 9.604999999999997 2
      vertex 63.855 11.794999999999991 2
    endloop
  endfacet
  facet normal 0 0 1
    outer loop
      vertex 63.855 9.604999999999997 2
      vertex 66.05499999999999 9.604999999999997 2
      vertex 63.855 11.794999999999991 2
    endloop
  endfacet
  facet normal 0 0 1
    outer loop
      vertex 63.855 11.794999999999991 2
      vertex 66.05499999999999 9.604999999999997 2
      vertex 66.05499999999999 11.804999999999996 2
    endloop
  endfacet
  facet normal 0 0 1
    outer loop
      vertex 63.855 11.794999999999991 2
      vertex 66.05499999999999 11.804999999999996 2
      vertex 63.855 11.804999999999996 2
    endloop
  endfacet
  facet normal 0 0 -1
    outer loop
      vertex 52.84499999999999 11.804999999999996 0
      vertex 52.84499999999999 14.004999999999995 0
      vertex 55.044999999999995 11.804999999999996 0
    endloop
  endfacet
  facet normal 0 0 -1
    outer loop
      vertex 55.044999999999995 11.804999999999996 0
      vertex 52.84499999999999 14.004999999999995 0
      vertex 55.044999999999995 14.004999999999995 0
    endloop
  endfacet
  facet normal 0 0 -1
    outer loop
      vertex 55.044999999999995 11.804999999999996 0
      vertex 55.05500000000038 11.804999999999994 0
      vertex 55.05 11.799999999999997 0
    endloop
  endfacet
  facet normal 0 0 -1
    outer loop
      vertex 55.044999999999995 11.794999999999996 0
      vertex 55.044999999999995 11.804999999999996 0
      vertex 55.05 11.799999999999997 0
    endloop
  endfacet
  facet normal -1 0 0
    outer loop
      vertex 52.84499999999999 11.804999999999996 0
      vertex 52.84499999999999 14.004999999999995 2
      vertex 52.84499999999999 14.004999999999995 0
    endloop
  endfacet
  facet normal 0 1 0
    outer loop
      vertex 52.84499999999999 14.004999999999995 0
      vertex 55.044999999999995 14.004999999999995 2
      vertex 55.044999999999995 14.004999999999995 0
    endloop
  endfacet
  facet normal -1 0 0
    outer loop
      vertex 52.84499999999999 11.804999999999996 0
      vertex 52.84499999999999 11.804999999999996 2
      vertex 52.84499999999999 14.004999999999995 2
    endloop
  endfacet
  facet normal 0 0 1
    outer loop
      vertex 52.84499999999999 11.804999999999996 2
      vertex 55.044999999999995 11.804999999999994 2
      vertex 52.84499999999999 14.004999999999995 2
    endloop
  endfacet
  facet normal 0 0 1
    outer loop
      vertex 55.044999999999995 11.804999999999994 2
      vertex 55.044999999999995 14.004999999999995 2
      vertex 52.84499999999999 14.004999999999995 2
    endloop
  endfacet
  facet normal 0 0 1
    outer loop
      vertex 55.05 11.799999999999997 2
      vertex 55.05499999999999 11.804999999999996 2
      vertex 55.044999999999995 11.804999999999994 2
    endloop
  endfacet
  facet normal 0 1 0
    outer loop
      vertex 52.84499999999999 14.004999999999995 0
      vertex 52.84499999999999 14.004999999999995 2
      vertex 55.044999999999995 14.004999999999995 2
    endloop
  endfacet
  facet normal 0 0 -1
    outer loop
      vertex 55.044999999999995 11.804999999999996 0
      vertex 55.044999999999995 14.004999999999995 0
      vertex 55.05500000000038 11.804999999999994 0
    endloop
  endfacet
  facet normal 0 0 -1
    outer loop
      vertex 55.05500000000038 11.804999999999994 0
      vertex 55.044999999999995 14.004999999999995 0
      vertex 57.245 13.994999999999996 0
    endloop
  endfacet
  facet normal 0 0 -1
    outer loop
      vertex 55.05500000000038 11.804999999999994 0
      vertex 57.254999999999995 11.804999999999996 0
      vertex 57.245 11.794999999999996 0
    endloop
  endfacet
  facet normal 0 0 -1
    outer loop
      vertex 55.05500000000038 11.804999999999994 0
      vertex 57.245 13.994999999999996 0
      vertex 57.254999999999995 11.804999999999996 0
    endloop
  endfacet
  facet normal 0 0 -1
    outer loop
      vertex 57.254999999999995 11.804999999999996 0
      vertex 57.245 13.994999999999996 0
      vertex 57.254999999999995 13.994999999999996 0
    endloop
  endfacet
  facet normal 0 0 -1
    outer loop
      vertex 57.245 13.994999999999996 0
      vertex 57.25 13.999999999999996 0
      vertex 57.254999999999995 13.994999999999996 0
    endloop
  endfacet
  facet normal 0 0 -1
    outer loop
      vertex 57.245 13.994999999999996 0
      vertex 55.044999999999995 14.004999999999995 0
      vertex 57.245 14.004999999999995 0
    endloop
  endfacet
  facet normal 0 0 1
    outer loop
      vertex 55.05499999999999 11.794999999999998 2
      vertex 55.05499999999999 11.804999999999996 2
      vertex 55.05 11.799999999999997 2
    endloop
  endfacet
  facet normal 0 0 1
    outer loop
      vertex 55.044999999999995 11.804999999999994 2
      vertex 55.05499999999999 11.804999999999996 2
      vertex 55.05499999999999 13.994999999999996 2
    endloop
  endfacet
  facet normal 0 0 1
    outer loop
      vertex 55.05499999999999 11.794999999999998 2
      vertex 57.245 11.804999999999996 2
      vertex 55.05499999999999 11.804999999999996 2
    endloop
  endfacet
  facet normal 0 0 1
    outer loop
      vertex 55.05499999999999 11.804999999999996 2
      vertex 57.245 11.804999999999996 2
      vertex 55.05499999999999 13.994999999999996 2
    endloop
  endfacet
  facet normal 0 0 1
    outer loop
      vertex 55.044999999999995 11.804999999999994 2
      vertex 55.05499999999999 13.994999999999996 2
      vertex 55.044999999999995 14.004999999999995 2
    endloop
  endfacet
  facet normal 0 0 1
    outer loop
      vertex 55.05499999999999 13.994999999999996 2
      vertex 57.245 11.804999999999996 2
      vertex 57.245 13.994999999999996 2
    endloop
  endfacet
  facet normal 0 0 1
    outer loop
      vertex 57.245 13.994999999999996 2
      vertex 57.25 13.999999999999996 2
      vertex 57.245 14.004999999999994 2
    endloop
  endfacet
  facet normal 0 0 -1
    outer loop
      vertex 57.254999999999995 11.804999999999996 0
      vertex 57.254999999999995 13.994999999999996 0
      vertex 59.455 14.004999999999994 0
    endloop
  endfacet
  facet normal 0 0 -1
    outer loop
      vertex 57.254999999999995 13.994999999999996 0
      vertex 57.25 13.999999999999996 0
      vertex 57.254999999999995 14.004999999999994 0
    endloop
  endfacet
  facet normal 0 0 -1
    outer loop
      vertex 57.254999999999995 11.804999999999996 0
      vertex 59.455 13.994999999999996 0
      vertex 59.455 11.804999999999996 0
    endloop
  endfacet
  facet normal 0 0 -1
    outer loop
      vertex 57.254999999999995 11.804999999999996 0
      vertex 59.455 14.004999999999994 0
      vertex 59.455 13.994999999999996 0
    endloop
  endfacet
  facet normal 1 0 0
    outer loop
      vertex 59.455 11.804999999999996 0
      vertex 59.455 13.994999999999996 0
      vertex 59.455 13.994999999999996 2
    endloop
  endfacet
  facet normal 0 0 1
    outer loop
      vertex 57.254999999999995 11.794999999999996 2
      vertex 57.254999999999995 11.804999999999996 2
      vertex 57.245 11.804999999999996 2
    endloop
  endfacet
  facet normal 0 0 1
    outer loop
      vertex 57.254999999999995 11.804999999999996 2
      vertex 57.254999999999995 13.994999999999997 2
      vertex 57.245 11.804999999999996 2
    endloop
  endfacet
  facet normal 0 0 1
    outer loop
      vertex 57.254999999999995 11.804999999999996 2
      vertex 59.455 11.804999999999996 2
      vertex 57.254999999999995 13.994999999999997 2
    endloop
  endfacet
  facet normal 0 0 1
    outer loop
      vertex 57.245 11.804999999999996 2
      vertex 57.254999999999995 13.994999999999997 2
      vertex 57.245 13.994999999999996 2
    endloop
  endfacet
  facet normal 0 0 1
    outer loop
      vertex 57.245 13.994999999999996 2
      vertex 57.254999999999995 13.994999999999997 2
      vertex 57.25 13.999999999999996 2
    endloop
  endfacet
  facet normal 0 0 1
    outer loop
      vertex 57.254999999999995 13.994999999999997 2
      vertex 59.445 14.004999999999995 2
      vertex 57.254999999999995 14.004999999999995 2
    endloop
  endfacet
  facet normal 1 0 0
    outer loop
      vertex 59.455 11.804999999999996 0
      vertex 59.455 13.994999999999996 2
      vertex 59.455 11.804999999999996 2
    endloop
  endfacet
  facet normal 0 0 1
    outer loop
      vertex 59.45495475113122 11.795045248868776 2
      vertex 59.455 11.804999999999996 2
      vertex 59.44504524886877 11.804954751131218 2
    endloop
  endfacet
  facet normal 0 0 1
    outer loop
      vertex 57.254999999999995 13.994999999999997 2
      vertex 59.455 11.804999999999996 2
      vertex 59.455 13.994999999999996 2
    endloop
  endfacet
  facet normal 0 0 1
    outer loop
      vertex 57.254999999999995 13.994999999999997 2
      vertex 59.455 14.004999999999995 2
      vertex 59.445 14.004999999999995 2
    endloop
  endfacet
  facet normal 0 0 1
    outer loop
      vertex 57.254999999999995 13.994999999999997 2
      vertex 59.455 13.994999999999996 2
      vertex 59.455 14.004999999999995 2
    endloop
  endfacet
  facet normal 0 0 -1
    outer loop
      vertex 55.044999999999995 14.004999999999995 0
      vertex 55.044999999999995 16.204999999999995 0
      vertex 57.245 14.004999999999995 0
    endloop
  endfacet
  facet normal 0 0 -1
    outer loop
      vertex 55.044999999999995 16.204999999999995 0
      vertex 57.245 16.204999999999995 0
      vertex 57.245 14.004999999999995 0
    endloop
  endfacet
  facet normal 0 0 -1
    outer loop
      vertex 57.245 14.004999999999995 0
      vertex 57.254999999999995 14.004999999999994 0
      vertex 57.25 13.999999999999996 0
    endloop
  endfacet
  facet normal 0 0 -1
    outer loop
      vertex 57.245 13.994999999999996 0
      vertex 57.245 14.004999999999995 0
      vertex 57.25 13.999999999999996 0
    endloop
  endfacet
  facet normal -1 0 0
    outer loop
      vertex 55.044999999999995 14.004999999999995 0
      vertex 55.044999999999995 14.004999999999995 2
      vertex 55.044999999999995 16.204999999999995 0
    endloop
  endfacet
  facet normal 0 1 0
    outer loop
      vertex 55.044999999999995 16.204999999999995 0
      vertex 55.044999999999995 16.204999999999995 2
      vertex 57.245 16.204999999999995 0
    endloop
  endfacet
  facet normal -1 0 0
    outer loop
      vertex 55.044999999999995 16.204999999999995 0
      vertex 55.044999999999995 14.004999999999995 2
      vertex 55.044999999999995 16.204999999999995 2
    endloop
  endfacet
  facet normal 0 1 0
    outer loop
      vertex 57.245 16.204999999999995 0
      vertex 55.044999999999995 16.204999999999995 2
      vertex 57.245 16.204999999999995 2
    endloop
  endfacet
  facet normal 0 0 1
    outer loop
      vertex 55.05499999999999 13.994999999999996 2
      vertex 57.245 14.004999999999994 2
      vertex 55.044999999999995 14.004999999999995 2
    endloop
  endfacet
  facet normal 0 0 1
    outer loop
      vertex 55.044999999999995 14.004999999999995 2
      vertex 57.245 14.004999999999994 2
      vertex 55.044999999999995 16.204999999999995 2
    endloop
  endfacet
  facet normal 0 0 1
    outer loop
      vertex 55.05499999999999 13.994999999999996 2
      vertex 57.245 13.994999999999996 2
      vertex 57.245 14.004999999999994 2
    endloop
  endfacet
  facet normal 0 0 1
    outer loop
      vertex 55.044999999999995 16.204999999999995 2
      vertex 57.245 14.004999999999994 2
      vertex 57.245 16.204999999999995 2
    endloop
  endfacet
  facet normal 0 0 1
    outer loop
      vertex 57.25 13.999999999999996 2
      vertex 57.254999999999995 14.004999999999995 2
      vertex 57.245 14.004999999999994 2
    endloop
  endfacet
  facet normal 0 0 1
    outer loop
      vertex 57.245 14.004999999999994 2
      vertex 57.254999999999995 14.004999999999995 2
      vertex 57.254999999999995 16.194999999999997 2
    endloop
  endfacet
  facet normal 0 0 1
    outer loop
      vertex 57.245 14.004999999999994 2
      vertex 57.254999999999995 16.194999999999997 2
      vertex 57.245 16.204999999999995 2
    endloop
  endfacet
  facet normal 0 0 -1
    outer loop
      vertex 57.245 14.004999999999995 0
      vertex 57.245 16.204999999999995 0
      vertex 57.254999999999995 14.004999999999994 0
    endloop
  endfacet
  facet normal 0 0 -1
    outer loop
      vertex 57.254999999999995 13.994999999999996 0
      vertex 57.254999999999995 14.004999999999994 0
      vertex 59.455 14.004999999999994 0
    endloop
  endfacet
  facet normal 0 0 -1
    outer loop
      vertex 57.254999999999995 14.004999999999994 0
      vertex 57.245 16.204999999999995 0
      vertex 58.349999999999994 16.199977272727267 0
    endloop
  endfacet
  facet normal 0 0 -1
    outer loop
      vertex 57.254999999999995 14.004999999999994 0
      vertex 59.445 16.194999999999997 0
      vertex 59.455 14.004999999999994 0
    endloop
  endfacet
  facet normal 0 0 -1
    outer loop
      vertex 57.254999999999995 14.004999999999994 0
      vertex 58.349999999999994 16.199977272727267 0
      vertex 59.445 16.194999999999997 0
    endloop
  endfacet
  facet normal 0 0 -1
    outer loop
      vertex 57.245 16.204999999999995 0
      vertex 59.455 16.204999999999995 0
      vertex 58.349999999999994 16.199977272727267 0
    endloop
  endfacet
  facet normal 0 0 1
    outer loop
      vertex 57.254999999999995 13.994999999999997 2
      vertex 57.254999999999995 14.004999999999995 2
      vertex 57.25 13.999999999999996 2
    endloop
  endfacet
  facet normal 0 0 1
    outer loop
      vertex 57.254999999999995 14.004999999999995 2
      vertex 59.445 14.004999999999995 2
      vertex 57.254999999999995 16.194999999999997 2
    endloop
  endfacet
  facet normal 0 0 1
    outer loop
      vertex 57.254999999999995 16.194999999999997 2
      vertex 59.455 16.194999999999997 2
      vertex 57.245 16.204999999999995 2
    endloop
  endfacet
  facet normal 0 0 1
    outer loop
      vertex 57.254999999999995 16.194999999999997 2
      vertex 59.445 14.004999999999995 2
      vertex 59.455 16.194999999999997 2
    endloop
  endfacet
  facet normal 0 0 1
    outer loop
      vertex 57.245 16.204999999999995 2
      vertex 59.455 16.194999999999997 2
      vertex 59.445 16.204999999999995 2
    endloop
  endfacet
  facet normal 0 -1 0
    outer loop
      vertex 59.455 13.994999999999996 0
      vertex 61.655 13.994999999999996 0
      vertex 61.655 13.994999999999996 2
    endloop
  endfacet
  facet normal 0 0 -1
    outer loop
      vertex 59.455 14.004999999999994 0
      vertex 59.445 16.194999999999997 0
      vertex 59.455 16.194999999999997 0
    endloop
  endfacet
  facet normal 0 0 -1
    outer loop
      vertex 59.455 13.994999999999996 0
      vertex 59.455 14.004999999999994 0
      vertex 61.655 13.994999999999996 0
    endloop
  endfacet
  facet normal 0 0 -1
    outer loop
      vertex 59.455 14.004999999999994 0
      vertex 59.455 16.194999999999997 0
      vertex 61.645 16.194999999999997 0
    endloop
  endfacet
  facet normal 0 0 -1
    outer loop
      vertex 59.455 16.194999999999997 0
      vertex 59.455 16.204999999999995 0
      vertex 61.645 16.194999999999997 0
    endloop
  endfacet
  facet normal 0 0 -1
    outer loop
      vertex 61.655 13.994999999999996 0
      vertex 59.455 14.004999999999994 0
      vertex 61.645 16.194999999999997 0
    endloop
  endfacet
  facet normal 0 0 -1
    outer loop
      vertex 61.655 13.994999999999996 0
      vertex 61.645 16.194999999999997 0
      vertex 61.655 16.194999999999997 0
    endloop
  endfacet
  facet normal 1 0 0
    outer loop
      vertex 61.655 13.994999999999996 0
      vertex 61.655 16.194999999999997 0
      vertex 61.655 16.194999999999997 2
    endloop
  endfacet
  facet normal 0 -1 0
    outer loop
      vertex 59.455 13.994999999999996 0
      vertex 61.655 13.994999999999996 2
      vertex 59.455 13.994999999999996 2
    endloop
  endfacet
  facet normal 1 0 0
    outer loop
      vertex 61.655 13.994999999999996 0
      vertex 61.655 16.194999999999997 2
      vertex 61.655 13.994999999999996 2
    endloop
  endfacet
  facet normal 0 0 1
    outer loop
      vertex 59.445 14.004999999999995 2
      vertex 59.455 14.004999999999995 2
      vertex 59.455 16.194999999999997 2
    endloop
  endfacet
  facet normal 0 0 1
    outer loop
      vertex 59.455 13.994999999999996 2
      vertex 61.655 13.994999999999996 2
      vertex 59.455 14.004999999999995 2
    endloop
  endfacet
  facet normal 0 0 1
    outer loop
      vertex 61.655 13.994999999999996 2
      vertex 59.455 16.194999999999997 2
      vertex 59.455 14.004999999999995 2
    endloop
  endfacet
  facet normal 0 0 1
    outer loop
      vertex 61.655 13.994999999999996 2
      vertex 61.655 16.194999999999997 2
      vertex 59.455 16.194999999999997 2
    endloop
  endfacet
  facet normal 0 0 -1
    outer loop
      vertex 57.245 16.204999999999995 0
      vertex 57.245 18.404999999999998 0
      vertex 59.445 18.395 0
    endloop
  endfacet
  facet normal -1 0 0
    outer loop
      vertex 57.245 16.204999999999995 0
      vertex 57.245 18.404999999999998 2
      vertex 57.245 18.404999999999998 0
    endloop
  endfacet
  facet normal 0 1 0
    outer loop
      vertex 57.245 18.404999999999998 0
      vertex 57.245 18.404999999999998 2
      vertex 59.455 18.404999999999998 0
    endloop
  endfacet
  facet normal 0 0 -1
    outer loop
      vertex 57.245 16.204999999999995 0
      vertex 59.445 18.395 0
      vertex 59.455 16.204999999999995 0
    endloop
  endfacet
  facet normal 0 0 -1
    outer loop
      vertex 59.445 16.194999999999997 0
      vertex 58.349999999999994 16.199977272727267 0
      vertex 59.455 16.204999999999995 0
    endloop
  endfacet
  facet normal 0 0 -1
    outer loop
      vertex 59.445 16.194999999999997 0
      vertex 59.455 16.204999999999995 0
      vertex 59.455 16.194999999999997 0
    endloop
  endfacet
  facet normal 0 0 -1
    outer loop
      vertex 57.245 18.404999999999998 0
      vertex 59.455 18.404999999999998 0
      vertex 59.445 18.395 0
    endloop
  endfacet
  facet normal -1 0 0
    outer loop
      vertex 57.245 16.204999999999995 0
      vertex 57.245 16.204999999999995 2
      vertex 57.245 18.404999999999998 2
    endloop
  endfacet
  facet normal 0 0 1
    outer loop
      vertex 57.245 16.204999999999995 2
      vertex 59.445 16.204999999999995 2
      vertex 57.245 18.404999999999998 2
    endloop
  endfacet
  facet normal 0 1 0
    outer loop
      vertex 59.455 18.404999999999998 0
      vertex 57.245 18.404999999999998 2
      vertex 59.455 18.404999999999998 2
    endloop
  endfacet
  facet normal 0 0 1
    outer loop
      vertex 57.245 18.404999999999998 2
      vertex 59.445 16.204999999999995 2
      vertex 59.455 18.395 2
    endloop
  endfacet
  facet normal 0 0 1
    outer loop
      vertex 57.245 18.404999999999998 2
      vertex 59.455 18.395 2
      vertex 59.455 18.404999999999998 2
    endloop
  endfacet
  facet normal 0 0 -1
    outer loop
      vertex 59.455 16.204999999999995 0
      vertex 59.445 18.395 0
      vertex 59.455 18.404999999999998 0
    endloop
  endfacet
  facet normal 0 0 -1
    outer loop
      vertex 59.455 16.204999999999995 0
      vertex 59.455 18.404999999999998 0
      vertex 61.644999999999996 18.404999999999998 0
    endloop
  endfacet
  facet normal 0 0 -1
    outer loop
      vertex 59.455 16.204999999999995 0
      vertex 61.644999999999996 18.404999999999998 0
      vertex 61.645 16.194999999999997 0
    endloop
  endfacet
  facet normal 0 0 -1
    outer loop
      vertex 61.645 16.194999999999997 0
      vertex 61.644999999999996 18.404999999999998 0
      vertex 61.655 16.194999999999997 0
    endloop
  endfacet
  facet normal 0 0 -1
    outer loop
      vertex 61.655 16.194999999999997 0
      vertex 61.644999999999996 18.404999999999998 0
      vertex 61.654999999999994 18.40499999999999 0
    endloop
  endfacet
  facet normal 0 1 0
    outer loop
      vertex 59.455 18.404999999999998 0
      vertex 59.455 18.404999999999998 2
      vertex 61.644999999999996 18.404999999999998 0
    endloop
  endfacet
  facet normal 0 1 0
    outer loop
      vertex 61.644999999999996 18.404999999999998 0
      vertex 59.455 18.404999999999998 2
      vertex 61.644999999999996 18.404999999999998 2
    endloop
  endfacet
  facet normal 0 0 1
    outer loop
      vertex 59.455 16.194999999999997 2
      vertex 59.455 18.395 2
      vertex 59.445 16.204999999999995 2
    endloop
  endfacet
  facet normal 0 0 1
    outer loop
      vertex 59.455 16.194999999999997 2
      vertex 61.655 16.194999999999997 2
      vertex 59.455 18.395 2
    endloop
  endfacet
  facet normal 0 0 1
    outer loop
      vertex 59.455 18.395 2
      vertex 61.655 16.194999999999997 2
      vertex 61.645045248868776 18.40495475113122 2
    endloop
  endfacet
  facet normal 0 0 1
    outer loop
      vertex 59.455 18.395 2
      vertex 61.644999999999996 18.404999999999998 2
      vertex 59.455 18.404999999999998 2
    endloop
  endfacet
  facet normal 0 0 1
    outer loop
      vertex 59.455 18.395 2
      vertex 61.645045248868776 18.40495475113122 2
      vertex 61.644999999999996 18.404999999999998 2
    endloop
  endfacet
  facet normal 0 0 1
    outer loop
      vertex 61.65001133786835 18.404977324263037 2
      vertex 61.644999999999996 18.404999999999998 2
      vertex 61.645045248868776 18.40495475113122 2
    endloop
  endfacet
  facet normal 0 0 -1
    outer loop
      vertex 61.655 16.194999999999997 0
      vertex 63.84504524886877 16.195045248868773 0
      vertex 63.855 16.194999999999997 0
    endloop
  endfacet
  facet normal 0 0 -1
    outer loop
      vertex 61.655 16.194999999999997 0
      vertex 63.85495475113122 16.204954751131222 0
      vertex 63.84504524886877 16.195045248868773 0
    endloop
  endfacet
  facet normal 0 0 -1
    outer loop
      vertex 61.655 16.194999999999997 0
      vertex 63.845 18.395000000000007 0
      vertex 63.85495475113122 16.204954751131222 0
    endloop
  endfacet
  facet normal 0 0 -1
    outer loop
      vertex 61.655 16.194999999999997 0
      vertex 61.654999999999994 18.40499999999999 0
      vertex 63.845 18.395000000000007 0
    endloop
  endfacet
  facet normal 0 -1 0
    outer loop
      vertex 61.655 16.194999999999997 0
      vertex 63.855 16.194999999999997 0
      vertex 61.655 16.194999999999997 2
    endloop
  endfacet
  facet normal 0 -1 0
    outer loop
      vertex 63.855 16.194999999999997 0
      vertex 63.855 16.194999999999997 2
      vertex 61.655 16.194999999999997 2
    endloop
  endfacet
  facet normal 0 0 1
    outer loop
      vertex 61.655 16.194999999999997 2
      vertex 63.84499999999999 16.205000000000002 2
      vertex 61.645045248868776 18.40495475113122 2
    endloop
  endfacet
  facet normal 0 0 1
    outer loop
      vertex 61.655 16.194999999999997 2
      vertex 63.855 16.194999999999997 2
      vertex 63.84499999999999 16.205000000000002 2
    endloop
  endfacet
  facet normal 0 0 1
    outer loop
      vertex 61.65001133786835 18.404977324263037 2
      vertex 61.645045248868776 18.40495475113122 2
      vertex 63.84499999999999 16.205000000000002 2
    endloop
  endfacet
  facet normal 0 0 1
    outer loop
      vertex 61.65001133786835 18.404977324263037 2
      vertex 63.84499999999999 16.205000000000002 2
      vertex 63.85499999999999 18.395000000000007 2
    endloop
  endfacet
  facet normal 0 0 -1
    outer loop
      vertex 63.84504524886877 16.195045248868773 0
      vertex 63.85495475113122 16.204954751131222 0
      vertex 63.855 16.194999999999997 0
    endloop
  endfacet
  facet normal 0 0 -1
    outer loop
      vertex 63.855 16.194999999999997 0
      vertex 63.85495475113122 16.204954751131222 0
      vertex 66.05499999999999 16.194999999999997 0
    endloop
  endfacet
  facet normal 0 0 -1
    outer loop
      vertex 63.85495475113122 16.204954751131222 0
      vertex 66.045 18.395000000000007 0
      vertex 66.05499999999999 16.194999999999997 0
    endloop
  endfacet
  facet normal 0 0 -1
    outer loop
      vertex 63.85495475113122 16.204954751131222 0
      vertex 63.845 18.395000000000007 0
      vertex 66.045 18.395000000000007 0
    endloop
  endfacet
  facet normal 0 0 -1
    outer loop
      vertex 63.845 18.395000000000007 0
      vertex 66.045 18.404954751131218 0
      vertex 66.045 18.395000000000007 0
    endloop
  endfacet
  facet normal 0 0 -1
    outer loop
      vertex 66.05499999999999 16.194999999999997 0
      vertex 66.045 18.395000000000007 0
      vertex 66.05499999999999 18.395 0
    endloop
  endfacet
  facet normal 0 0 -1
    outer loop
      vertex 66.045 18.395000000000007 0
      vertex 66.05499999999999 18.40499999999999 0
      vertex 66.05499999999999 18.395 0
    endloop
  endfacet
  facet normal 0 -1 0
    outer loop
      vertex 63.855 16.194999999999997 0
      vertex 66.05499999999999 16.194999999999997 0
      vertex 66.05499999999999 16.194999999999997 2
    endloop
  endfacet
  facet normal 1 0 0
    outer loop
      vertex 66.05499999999999 16.194999999999997 0
      vertex 66.05499999999999 18.395 0
      vertex 66.05499999999999 18.395 2
    endloop
  endfacet
  facet normal 0 -1 0
    outer loop
      vertex 63.855 16.194999999999997 0
      vertex 66.05499999999999 16.194999999999997 2
      vertex 63.855 16.194999999999997 2
    endloop
  endfacet
  facet normal 1 0 0
    outer loop
      vertex 66.05499999999999 16.194999999999997 0
      vertex 66.05499999999999 18.395 2
      vertex 66.05499999999999 16.194999999999997 2
    endloop
  endfacet
  facet normal 0 0 1
    outer loop
      vertex 63.855 16.194999999999997 2
      vertex 63.85499999999999 18.395000000000007 2
      vertex 63.84499999999999 16.205000000000002 2
    endloop
  endfacet
  facet normal 0 0 1
    outer loop
      vertex 63.855 16.194999999999997 2
      vertex 66.05499999999999 16.194999999999997 2
      vertex 63.85499999999999 18.395000000000007 2
    endloop
  endfacet
  facet normal 0 0 1
    outer loop
      vertex 63.85499999999999 18.395000000000007 2
      vertex 66.05499999999999 16.194999999999997 2
      vertex 66.04499999999999 18.404999999999998 2
    endloop
  endfacet
  facet normal 0 0 1
    outer loop
      vertex 66.05499999999999 16.194999999999997 2
      vertex 66.05499999999999 18.395 2
      vertex 66.04499999999999 18.404999999999998 2
    endloop
  endfacet
  facet normal 0 0 1
    outer loop
      vertex 66.05499999999999 18.395 2
      vertex 66.04504545454546 18.404999999999998 2
      vertex 66.04499999999999 18.404999999999998 2
    endloop
  endfacet
  facet normal 0 0 -1
    outer loop
      vertex 61.644999999999996 18.404999999999998 0
      vertex 61.644999999999996 20.605 0
      vertex 61.654999999999994 18.40499999999999 0
    endloop
  endfacet
  facet normal 0 0 -1
    outer loop
      vertex 61.654999999999994 18.40499999999999 0
      vertex 63.85499999999999 20.605 0
      vertex 63.845 18.395000000000007 0
    endloop
  endfacet
  facet normal 0 0 -1
    outer loop
      vertex 61.654999999999994 18.40499999999999 0
      vertex 61.644999999999996 20.605 0
      vertex 63.84499999999999 20.605 0
    endloop
  endfacet
  facet normal 0 0 -1
    outer loop
      vertex 61.654999999999994 18.40499999999999 0
      vertex 63.84499999999999 20.605 0
      vertex 63.85499999999999 20.605 0
    endloop
  endfacet
  facet normal -1 0 0
    outer loop
      vertex 61.644999999999996 18.404999999999998 0
      vertex 61.644999999999996 18.404999999999998 2
      vertex 61.644999999999996 20.605 0
    endloop
  endfacet
  facet normal 0 1 0
    outer loop
      vertex 61.644999999999996 20.605 0
      vertex 63.84499999999999 20.605 2
      vertex 63.84499999999999 20.605 0
    endloop
  endfacet
  facet normal -1 0 0
    outer loop
      vertex 61.644999999999996 20.605 0
      vertex 61.644999999999996 18.404999999999998 2
      vertex 61.644999999999996 20.605 2
    endloop
  endfacet
  facet normal 0 1 0
    outer loop
      vertex 61.644999999999996 20.605 0
      vertex 61.644999999999996 20.605 2
      vertex 63.84499999999999 20.605 2
    endloop
  endfacet
  facet normal 0 0 1
    outer loop
      vertex 61.65001133786835 18.404977324263037 2
      vertex 61.644999999999996 20.605 2
      vertex 61.644999999999996 18.404999999999998 2
    endloop
  endfacet
  facet normal 0 0 1
    outer loop
      vertex 61.65001133786835 18.404977324263037 2
      vertex 63.85499999999999 18.395000000000007 2
      vertex 61.644999999999996 20.605 2
    endloop
  endfacet
  facet normal 0 0 1
    outer loop
      vertex 61.644999999999996 20.605 2
      vertex 63.85499999999999 18.395000000000007 2
      vertex 63.84499999999999 20.605 2
    endloop
  endfacet
  facet normal 0 0 1
    outer loop
      vertex 63.85499999999999 18.395000000000007 2
      vertex 63.855 20.60495475113122 2
      vertex 63.84499999999999 20.605 2
    endloop
  endfacet
  facet normal 0 0 -1
    outer loop
      vertex 63.845 18.395000000000007 0
      vertex 66.045 20.595 0
      vertex 66.045 18.404954751131218 0
    endloop
  endfacet
  facet normal 0 0 -1
    outer loop
      vertex 63.845 18.395000000000007 0
      vertex 63.85499999999999 20.605 0
      vertex 66.045 20.595 0
    endloop
  endfacet
  facet normal 0 0 1
    outer loop
      vertex 63.85499999999999 18.395000000000007 2
      vertex 66.04499999999999 18.404999999999998 2
      vertex 66.045 20.59504524886878 2
    endloop
  endfacet
  facet normal 0 0 1
    outer loop
      vertex 63.85499999999999 18.395000000000007 2
      vertex 66.045 20.59504524886878 2
      vertex 63.855 20.60495475113122 2
    endloop
  endfacet
  facet normal 0 0 1
    outer loop
      vertex 66.04499999999999 18.404999999999998 2
      vertex 66.04504545454546 18.404999999999998 2
      vertex 66.05499999999999 20.59500000000314 2
    endloop
  endfacet
  facet normal 0 0 1
    outer loop
      vertex 66.04499999999999 18.404999999999998 2
      vertex 66.05499999999999 20.59500000000314 2
      vertex 66.045 20.59504524886878 2
    endloop
  endfacet
  facet normal 0 0 -1
    outer loop
      vertex 66.05499999999999 18.395 0
      vertex 66.05499999999999 18.40499999999999 0
      vertex 68.255 18.395 0
    endloop
  endfacet
  facet normal 0 0 -1
    outer loop
      vertex 66.045 18.395000000000007 0
      vertex 66.045 18.404954751131218 0
      vertex 66.05499999999999 18.40499999999999 0
    endloop
  endfacet
  facet normal 0 0 -1
    outer loop
      vertex 66.045 18.404954751131218 0
      vertex 66.045 20.595 0
      vertex 66.05499999999999 18.40499999999999 0
    endloop
  endfacet
  facet normal 0 0 -1
    outer loop
      vertex 66.05499999999999 18.40499999999999 0
      vertex 66.045 20.595 0
      vertex 68.245 20.59500000000001 0
    endloop
  endfacet
  facet normal 0 0 -1
    outer loop
      vertex 66.05499999999999 18.40499999999999 0
      vertex 68.245 20.59500000000001 0
      vertex 68.255 18.395 0
    endloop
  endfacet
  facet normal 0 0 -1
    outer loop
      vertex 66.045 20.595 0
      vertex 68.24504504504505 20.604954954954955 0
      vertex 68.245 20.59500000000001 0
    endloop
  endfacet
  facet normal 0 -1 0
    outer loop
      vertex 66.05499999999999 18.395 0
      vertex 68.255 18.395 0
      vertex 66.05499999999999 18.395 2
    endloop
  endfacet
  facet normal 0 -1 0
    outer loop
      vertex 66.05499999999999 18.395 2
      vertex 68.255 18.395 0
      vertex 68.255 18.395 2
    endloop
  endfacet
  facet normal 0 0 1
    outer loop
      vertex 66.05499999999999 18.395 2
      vertex 68.255 18.395 2
      vertex 66.04504545454546 18.404999999999998 2
    endloop
  endfacet
  facet normal 0 0 1
    outer loop
      vertex 66.04504545454546 18.404999999999998 2
      vertex 68.255 18.395 2
      vertex 66.05499999999999 20.59500000000314 2
    endloop
  endfacet
  facet normal 0 0 1
    outer loop
      vertex 66.05499999999999 20.59500000000314 2
      vertex 68.255 18.395 2
      vertex 68.24504524886876 20.595 2
    endloop
  endfacet
  facet normal 0 0 1
    outer loop
      vertex 66.05499999999999 20.59500000000314 2
      vertex 68.24504524886876 20.595 2
      vertex 68.24499999999999 20.605 2
    endloop
  endfacet
  facet normal 0 0 -1
    outer loop
      vertex 68.245 20.59500000000001 0
      vertex 68.255 20.595 0
      vertex 68.255 18.395 0
    endloop
  endfacet
  facet normal 0 0 -1
    outer loop
      vertex 68.245 20.59500000000001 0
      vertex 68.255 20.60499999999999 0
      vertex 68.255 20.595 0
    endloop
  endfacet
  facet normal 1 0 0
    outer loop
      vertex 68.255 18.395 0
      vertex 68.255 20.595 0
      vertex 68.255 18.395 2
    endloop
  endfacet
  facet normal 1 0 0
    outer loop
      vertex 68.255 20.595 0
      vertex 68.255 20.595 2
      vertex 68.255 18.395 2
    endloop
  endfacet
  facet normal 0 0 1
    outer loop
      vertex 68.24504524886876 20.595 2
      vertex 68.255 18.395 2
      vertex 68.255 20.595 2
    endloop
  endfacet
  facet normal 0 0 -1
    outer loop
      vertex 63.84499999999999 20.605 0
      vertex 63.84499999999999 22.805 0
      vertex 63.85499999999999 20.605 0
    endloop
  endfacet
  facet normal 0 0 -1
    outer loop
      vertex 63.85499999999999 20.605 0
      vertex 66.055 22.805 0
      vertex 66.045 20.595 0
    endloop
  endfacet
  facet normal 0 0 -1
    outer loop
      vertex 63.85499999999999 20.605 0
      vertex 63.84499999999999 22.805 0
      vertex 66.045 22.805 0
    endloop
  endfacet
  facet normal 0 0 -1
    outer loop
      vertex 63.85499999999999 20.605 0
      vertex 66.045 22.805 0
      vertex 66.055 22.805 0
    endloop
  endfacet
  facet normal -1 0 0
    outer loop
      vertex 63.84499999999999 20.605 0
      vertex 63.84499999999999 20.605 2
      vertex 63.84499999999999 22.805 0
    endloop
  endfacet
  facet normal -1 0 0
    outer loop
      vertex 63.84499999999999 20.605 2
      vertex 63.84499999999999 22.805 2
      vertex 63.84499999999999 22.805 0
    endloop
  endfacet
  facet normal 0 0 1
    outer loop
      vertex 63.84499999999999 20.605 2
      vertex 63.855 20.60495475113122 2
      vertex 63.84499999999999 22.805 2
    endloop
  endfacet
  facet normal 0 0 1
    outer loop
      vertex 63.855 20.60495475113122 2
      vertex 66.045 20.60499999999999 2
      vertex 63.84499999999999 22.805 2
    endloop
  endfacet
  facet normal 0 0 1
    outer loop
      vertex 63.855 20.60495475113122 2
      vertex 66.045 20.59504524886878 2
      vertex 66.045 20.60499999999999 2
    endloop
  endfacet
  facet normal 0 0 1
    outer loop
      vertex 66.045 20.60499999999999 2
      vertex 66.045 22.805 2
      vertex 63.84499999999999 22.805 2
    endloop
  endfacet
  facet normal 0 0 1
    outer loop
      vertex 66.05499999999999 20.59500000000314 2
      vertex 66.05499999999999 22.80495475113122 2
      vertex 66.045 20.60499999999999 2
    endloop
  endfacet
  facet normal 0 0 1
    outer loop
      vertex 66.045 20.60499999999999 2
      vertex 66.05499999999999 22.80495475113122 2
      vertex 66.045 22.805 2
    endloop
  endfacet
  facet normal 0 1 0
    outer loop
      vertex 63.84499999999999 22.805 0
      vertex 63.84499999999999 22.805 2
      vertex 66.045 22.805 0
    endloop
  endfacet
  facet normal 0 1 0
    outer loop
      vertex 66.045 22.805 0
      vertex 63.84499999999999 22.805 2
      vertex 66.045 22.805 2
    endloop
  endfacet
  facet normal 0 0 -1
    outer loop
      vertex 66.045 20.595 0
      vertex 66.055 22.805 0
      vertex 68.24499999999999 22.794999999999998 0
    endloop
  endfacet
  facet normal 0 0 -1
    outer loop
      vertex 66.045 20.595 0
      vertex 68.25495475113124 22.794999999999998 0
      vertex 68.24504504504505 20.604954954954955 0
    endloop
  endfacet
  facet normal 0 0 -1
    outer loop
      vertex 66.045 20.595 0
      vertex 68.24499999999999 22.794999999999998 0
      vertex 68.25495475113124 22.794999999999998 0
    endloop
  endfacet
  facet normal 0 0 1
    outer loop
      vertex 66.045 20.59504524886878 2
      vertex 66.05499999999999 20.59500000000314 2
      vertex 66.045 20.60499999999999 2
    endloop
  endfacet
  facet normal 0 0 1
    outer loop
      vertex 66.05499999999999 20.59500000000314 2
      vertex 68.24499999999999 20.605 2
      vertex 66.05499999999999 22.80495475113122 2
    endloop
  endfacet
  facet normal 0 0 1
    outer loop
      vertex 68.24499999999999 20.605 2
      vertex 68.245 22.795045248868778 2
      vertex 66.05499999999999 22.80495475113122 2
    endloop
  endfacet
  facet normal 0 0 -1
    outer loop
      vertex 68.245 20.59500000000001 0
      vertex 68.24504504504505 20.604954954954955 0
      vertex 68.255 20.60499999999999 0
    endloop
  endfacet
  facet normal 0 0 1
    outer loop
      vertex 68.24504524886876 20.595 2
      vertex 68.255 20.595 2
      vertex 68.24499999999999 20.605 2
    endloop
  endfacet
  facet normal 0 0 1
    outer loop
      vertex 68.24499999999999 20.605 2
      vertex 68.255 22.79500000000001 2
      vertex 68.245 22.795045248868778 2
    endloop
  endfacet
  facet normal 0 0 1
    outer loop
      vertex 68.245 22.795045248868778 2
      vertex 68.255 22.79500000000001 2
      vertex 68.245 22.80499999999999 2
    endloop
  endfacet
  facet normal 0 0 -1
    outer loop
      vertex 68.255 20.595 0
      vertex 68.255 20.60499999999999 0
      vertex 70.455 20.595 0
    endloop
  endfacet
  facet normal 0 0 -1
    outer loop
      vertex 68.24504504504505 20.604954954954955 0
      vertex 68.25495475113124 22.794999999999998 0
      vertex 68.255 20.60499999999999 0
    endloop
  endfacet
  facet normal 0 0 -1
    outer loop
      vertex 68.255 20.60499999999999 0
      vertex 68.25495475113124 22.794999999999998 0
      vertex 70.44500000000001 22.794999999999998 0
    endloop
  endfacet
  facet normal 0 0 -1
    outer loop
      vertex 68.25495475113124 22.794999999999998 0
      vertex 68.25500000000001 22.805 0
      vertex 70.44500000000001 22.794999999999998 0
    endloop
  endfacet
  facet normal 0 0 -1
    outer loop
      vertex 70.455 20.595 0
      vertex 68.255 20.60499999999999 0
      vertex 70.44500000000001 22.794999999999998 0
    endloop
  endfacet
  facet normal 0 0 -1
    outer loop
      vertex 70.455 20.595 0
      vertex 70.44500000000001 22.794999999999998 0
      vertex 70.455 22.794999999999998 0
    endloop
  endfacet
  facet normal 0 -1 0
    outer loop
      vertex 68.255 20.595 0
      vertex 70.455 20.595 0
      vertex 70.455 20.595 2
    endloop
  endfacet
  facet normal 1 0 0
    outer loop
      vertex 70.455 20.595 0
      vertex 70.455 22.794999999999998 0
      vertex 70.455 20.595 2
    endloop
  endfacet
  facet normal 0 -1 0
    outer loop
      vertex 68.255 20.595 0
      vertex 70.455 20.595 2
      vertex 68.255 20.595 2
    endloop
  endfacet
  facet normal 1 0 0
    outer loop
      vertex 70.455 22.794999999999998 0
      vertex 70.455 22.794999999999998 2
      vertex 70.455 20.595 2
    endloop
  endfacet
  facet normal 0 0 1
    outer loop
      vertex 68.24499999999999 20.605 2
      vertex 68.255 20.595 2
      vertex 70.455 20.595 2
    endloop
  endfacet
  facet normal 0 0 1
    outer loop
      vertex 68.24499999999999 20.605 2
      vertex 70.455 20.595 2
      vertex 68.255 22.79500000000001 2
    endloop
  endfacet
  facet normal 0 0 1
    outer loop
      vertex 68.255 22.79500000000001 2
      vertex 70.44500000000001 22.795045248868778 2
      vertex 68.255 22.80495475113122 2
    endloop
  endfacet
  facet normal 0 0 1
    outer loop
      vertex 70.455 20.595 2
      vertex 70.44500000000001 22.795045248868778 2
      vertex 68.255 22.79500000000001 2
    endloop
  endfacet
  facet normal 0 0 1
    outer loop
      vertex 70.455 20.595 2
      vertex 70.455 22.794999999999998 2
      vertex 70.44500000000001 22.795045248868778 2
    endloop
  endfacet
  facet normal 0 0 -1
    outer loop
      vertex 68.24504524886876 22.805 0
      vertex 68.25500000000001 22.805 0
      vertex 68.25495475113124 22.794999999999998 0
    endloop
  endfacet
  facet normal 0 0 -1
    outer loop
      vertex 68.24499999999999 22.794999999999998 0
      vertex 68.24504524886876 22.805 0
      vertex 68.25495475113124 22.794999999999998 0
    endloop
  endfacet
  facet normal 0 0 -1
    outer loop
      vertex 66.045 22.805 0
      vertex 66.045 25.005 0
      vertex 66.055 22.805 0
    endloop
  endfacet
  facet normal 0 0 -1
    outer loop
      vertex 66.055 22.805 0
      vertex 66.045 25.005 0
      vertex 68.245 24.995000000000008 0
    endloop
  endfacet
  facet normal 0 0 -1
    outer loop
      vertex 68.24499999999999 22.794999999999998 0
      vertex 66.055 22.805 0
      vertex 68.245 24.995000000000008 0
    endloop
  endfacet
  facet normal 0 0 -1
    outer loop
      vertex 68.24499999999999 22.794999999999998 0
      vertex 68.245 24.995000000000008 0
      vertex 68.24504524886876 22.805 0
    endloop
  endfacet
  facet normal 0 0 -1
    outer loop
      vertex 68.24504524886876 22.805 0
      vertex 68.245 24.995000000000008 0
      vertex 68.25495495495495 24.995045045045043 0
    endloop
  endfacet
  facet normal 0 0 -1
    outer loop
      vertex 68.245 24.995000000000008 0
      vertex 66.045 25.005 0
      vertex 68.245 25.005 0
    endloop
  endfacet
  facet normal -1 0 0
    outer loop
      vertex 66.045 22.805 0
      vertex 66.045 22.805 2
      vertex 66.045 25.005 0
    endloop
  endfacet
  facet normal 0 1 0
    outer loop
      vertex 66.045 25.005 0
      vertex 68.245 25.005 2
      vertex 68.245 25.005 0
    endloop
  endfacet
  facet normal -1 0 0
    outer loop
      vertex 66.045 25.005 0
      vertex 66.045 22.805 2
      vertex 66.045 25.005 2
    endloop
  endfacet
  facet normal 0 1 0
    outer loop
      vertex 66.045 25.005 0
      vertex 66.045 25.005 2
      vertex 68.245 25.005 2
    endloop
  endfacet
  facet normal 0 0 1
    outer loop
      vertex 66.045 22.805 2
      vertex 66.05499999999999 22.80495475113122 2
      vertex 66.045 25.005 2
    endloop
  endfacet
  facet normal 0 0 1
    outer loop
      vertex 66.05499999999999 22.80495475113122 2
      vertex 68.245 22.80499999999999 2
      vertex 66.045 25.005 2
    endloop
  endfacet
  facet normal 0 0 1
    outer loop
      vertex 68.245 22.795045248868778 2
      vertex 68.245 22.80499999999999 2
      vertex 66.05499999999999 22.80495475113122 2
    endloop
  endfacet
  facet normal 0 0 1
    outer loop
      vertex 68.245 22.80499999999999 2
      vertex 68.245 25.005 2
      vertex 66.045 25.005 2
    endloop
  endfacet
  facet normal 0 0 1
    outer loop
      vertex 68.245 22.80499999999999 2
      vertex 68.255 24.994999999996885 2
      vertex 68.245 25.005 2
    endloop
  endfacet
  facet normal 0 0 -1
    outer loop
      vertex 68.245 24.995000000000008 0
      vertex 68.255 25.00499999999999 0
      vertex 68.25495495495495 24.995045045045043 0
    endloop
  endfacet
  facet normal 0 0 1
    outer loop
      vertex 68.245 22.80499999999999 2
      vertex 68.255 22.79500000000001 2
      vertex 68.255 22.80495475113122 2
    endloop
  endfacet
  facet normal 0 0 1
    outer loop
      vertex 68.245 22.80499999999999 2
      vertex 68.255 22.80495475113122 2
      vertex 68.255 24.994999999996885 2
    endloop
  endfacet
  facet normal 0 0 -1
    outer loop
      vertex 68.24504524886876 22.805 0
      vertex 68.25495495495495 24.995045045045043 0
      vertex 68.25500000000001 22.805 0
    endloop
  endfacet
  facet normal 0 0 -1
    outer loop
      vertex 68.25500000000001 22.805 0
      vertex 68.25495495495495 24.995045045045043 0
      vertex 70.45500000000001 25.005 0
    endloop
  endfacet
  facet normal 0 0 -1
    outer loop
      vertex 70.44500000000001 22.794999999999998 0
      vertex 68.25500000000001 22.805 0
      vertex 70.45500000000001 25.005 0
    endloop
  endfacet
  facet normal 0 0 1
    outer loop
      vertex 68.255 22.80495475113122 2
      vertex 70.44500000000001 25.00500000000311 2
      vertex 68.255 24.994999999996885 2
    endloop
  endfacet
  facet normal 0 0 1
    outer loop
      vertex 70.44500000000001 22.795045248868778 2
      vertex 70.44500000000001 25.00500000000311 2
      vertex 68.255 22.80495475113122 2
    endloop
  endfacet
  facet normal 0 0 1
    outer loop
      vertex 70.455 24.995000000000008 2
      vertex 70.455 25.00495475113122 2
      vertex 70.44500000000001 25.00500000000311 2
    endloop
  endfacet
  facet normal 0 0 -1
    outer loop
      vertex 70.455 22.794999999999998 0
      vertex 72.65495475113123 22.80495475113121 0
      vertex 72.655 22.794999999999998 0
    endloop
  endfacet
  facet normal 0 -1 0
    outer loop
      vertex 70.455 22.794999999999998 0
      vertex 72.655 22.794999999999998 0
      vertex 70.455 22.794999999999998 2
    endloop
  endfacet
  facet normal 0 -1 0
    outer loop
      vertex 72.655 22.794999999999998 0
      vertex 72.655 22.794999999999998 2
      vertex 70.455 22.794999999999998 2
    endloop
  endfacet
  facet normal 0 0 1
    outer loop
      vertex 70.455 22.794999999999998 2
      vertex 72.655 22.794999999999998 2
      vertex 72.64500000000001 22.80499999999999 2
    endloop
  endfacet
  facet normal 0 0 -1
    outer loop
      vertex 70.44500000000001 22.794999999999998 0
      vertex 72.64500000000001 24.994999999999997 0
      vertex 70.455 22.794999999999998 0
    endloop
  endfacet
  facet normal 0 0 -1
    outer loop
      vertex 70.455 22.794999999999998 0
      vertex 72.64500000000001 24.994999999999997 0
      vertex 72.65495475113123 22.80495475113121 0
    endloop
  endfacet
  facet normal 0 0 -1
    outer loop
      vertex 70.44500000000001 22.794999999999998 0
      vertex 70.45500000000001 25.005 0
      vertex 72.64500000000001 24.994999999999997 0
    endloop
  endfacet
  facet normal 0 0 -1
    outer loop
      vertex 72.655 22.80499999999999 0
      vertex 72.65495475113123 22.80495475113121 0
      vertex 72.64500000000001 24.994999999999997 0
    endloop
  endfacet
  facet normal 0 0 1
    outer loop
      vertex 70.44500000000001 22.795045248868778 2
      vertex 70.455 22.794999999999998 2
      vertex 70.44500000000001 25.00500000000311 2
    endloop
  endfacet
  facet normal 0 0 1
    outer loop
      vertex 70.455 22.794999999999998 2
      vertex 70.455 24.995000000000008 2
      vertex 70.44500000000001 25.00500000000311 2
    endloop
  endfacet
  facet normal 0 0 1
    outer loop
      vertex 70.455 22.794999999999998 2
      vertex 72.64500000000001 22.80499999999999 2
      vertex 70.455 24.995000000000008 2
    endloop
  endfacet
  facet normal 0 0 1
    outer loop
      vertex 70.455 24.995000000000008 2
      vertex 72.64500000000001 24.995045248868777 2
      vertex 70.455 25.00495475113122 2
    endloop
  endfacet
  facet normal 0 0 1
    outer loop
      vertex 70.455 24.995000000000008 2
      vertex 72.64500000000001 22.80499999999999 2
      vertex 72.64500000000001 24.995045248868777 2
    endloop
  endfacet
  facet normal 0 0 1
    outer loop
      vertex 72.64500000000001 22.80499999999999 2
      vertex 72.655 24.995000000003124 2
      vertex 72.64500000000001 24.995045248868777 2
    endloop
  endfacet
  facet normal 0 0 -1
    outer loop
      vertex 72.655 22.794999999999998 0
      vertex 72.65495475113123 22.80495475113121 0
      vertex 74.855 22.794999999999998 0
    endloop
  endfacet
  facet normal 0 -1 0
    outer loop
      vertex 72.655 22.794999999999998 0
      vertex 74.855 22.794999999999998 0
      vertex 74.855 22.794999999999998 2
    endloop
  endfacet
  facet normal 0 -1 0
    outer loop
      vertex 72.655 22.794999999999998 0
      vertex 74.855 22.794999999999998 2
      vertex 72.655 22.794999999999998 2
    endloop
  endfacet
  facet normal 0 0 -1
    outer loop
      vertex 72.655 22.80499999999999 0
      vertex 72.64500000000001 24.994999999999997 0
      vertex 72.655 24.995045248868777 0
    endloop
  endfacet
  facet normal 0 0 -1
    outer loop
      vertex 74.855 22.794999999999998 0
      vertex 72.65495475113123 22.80495475113121 0
      vertex 72.655 22.80499999999999 0
    endloop
  endfacet
  facet normal 0 0 -1
    outer loop
      vertex 74.855 22.794999999999998 0
      vertex 72.655 22.80499999999999 0
      vertex 74.855 25.005 0
    endloop
  endfacet
  facet normal 0 0 -1
    outer loop
      vertex 72.655 22.80499999999999 0
      vertex 72.655 24.995045248868777 0
      vertex 74.855 25.005 0
    endloop
  endfacet
  facet normal 1 0 0
    outer loop
      vertex 74.855 22.794999999999998 0
      vertex 74.855 25.005 0
      vertex 74.855 22.794999999999998 2
    endloop
  endfacet
  facet normal 1 0 0
    outer loop
      vertex 74.855 22.794999999999998 2
      vertex 74.855 25.005 0
      vertex 74.855 25.005 2
    endloop
  endfacet
  facet normal 0 0 1
    outer loop
      vertex 72.655 22.794999999999998 2
      vertex 72.655 24.995000000003124 2
      vertex 72.64500000000001 22.80499999999999 2
    endloop
  endfacet
  facet normal 0 0 1
    outer loop
      vertex 72.655 22.794999999999998 2
      vertex 74.855 22.794999999999998 2
      vertex 72.655 24.995000000003124 2
    endloop
  endfacet
  facet normal 0 0 1
    outer loop
      vertex 74.855 22.794999999999998 2
      vertex 74.845 25.005 2
      vertex 72.655 24.995000000003124 2
    endloop
  endfacet
  facet normal 0 0 1
    outer loop
      vertex 74.855 22.794999999999998 2
      vertex 74.855 25.005 2
      vertex 74.845 25.005 2
    endloop
  endfacet
  facet normal 0 0 -1
    outer loop
      vertex 68.245 24.995000000000008 0
      vertex 68.245 25.005 0
      vertex 68.255 25.00499999999999 0
    endloop
  endfacet
  facet normal 0 0 -1
    outer loop
      vertex 68.245 25.005 0
      vertex 68.245 27.205 0
      vertex 68.255 25.00499999999999 0
    endloop
  endfacet
  facet normal -1 0 0
    outer loop
      vertex 68.245 25.005 0
      vertex 68.245 25.005 2
      vertex 68.245 27.205 0
    endloop
  endfacet
  facet normal -1 0 0
    outer loop
      vertex 68.245 27.205 0
      vertex 68.245 25.005 2
      vertex 68.245 27.205 2
    endloop
  endfacet
  facet normal 0 0 1
    outer loop
      vertex 68.245 25.005 2
      vertex 68.255 24.994999999996885 2
      vertex 68.245 27.205 2
    endloop
  endfacet
  facet normal 0 0 -1
    outer loop
      vertex 68.25495495495495 24.995045045045043 0
      vertex 68.255 25.00499999999999 0
      vertex 70.45500000000001 25.005 0
    endloop
  endfacet
  facet normal 0 0 -1
    outer loop
      vertex 68.245 27.205 0
      vertex 70.44500000000001 27.195000000000007 0
      vertex 68.255 25.00499999999999 0
    endloop
  endfacet
  facet normal 0 0 -1
    outer loop
      vertex 68.255 25.00499999999999 0
      vertex 70.44500000000001 27.195000000000007 0
      vertex 70.45500000000001 25.005 0
    endloop
  endfacet
  facet normal 0 0 -1
    outer loop
      vertex 68.245 27.205 0
      vertex 70.44500000000001 27.205 0
      vertex 70.44500000000001 27.195000000000007 0
    endloop
  endfacet
  facet normal 0 1 0
    outer loop
      vertex 68.245 27.205 0
      vertex 70.44500000000001 27.205 2
      vertex 70.44500000000001 27.205 0
    endloop
  endfacet
  facet normal 0 1 0
    outer loop
      vertex 68.245 27.205 0
      vertex 68.245 27.205 2
      vertex 70.44500000000001 27.205 2
    endloop
  endfacet
  facet normal 0 0 1
    outer loop
      vertex 68.245 27.205 2
      vertex 68.255 24.994999999996885 2
      vertex 70.44500000000001 25.00500000000311 2
    endloop
  endfacet
  facet normal 0 0 1
    outer loop
      vertex 68.245 27.205 2
      vertex 70.44500000000001 25.00500000000311 2
      vertex 70.44500000000001 27.205 2
    endloop
  endfacet
  facet normal 0 0 -1
    outer loop
      vertex 70.45500000000001 25.005 0
      vertex 70.44500000000001 27.195000000000007 0
      vertex 70.44500000000001 27.205 0
    endloop
  endfacet
  facet normal 0 0 -1
    outer loop
      vertex 72.655 24.995045248868777 0
      vertex 72.64500000000001 24.994999999999997 0
      vertex 72.655 25.00499999999999 0
    endloop
  endfacet
  facet normal 0 0 -1
    outer loop
      vertex 70.45500000000001 25.005 0
      vertex 72.65495495495496 27.195045045045042 0
      vertex 72.64500000000001 24.994999999999997 0
    endloop
  endfacet
  facet normal 0 0 -1
    outer loop
      vertex 70.45500000000001 25.005 0
      vertex 70.44500000000001 27.205 0
      vertex 72.655 27.205 0
    endloop
  endfacet
  facet normal 0 0 -1
    outer loop
      vertex 70.45500000000001 25.005 0
      vertex 72.655 27.205 0
      vertex 72.65495495495496 27.195045045045042 0
    endloop
  endfacet
  facet normal 0 0 -1
    outer loop
      vertex 72.64500000000001 24.994999999999997 0
      vertex 72.65495495495496 27.195045045045042 0
      vertex 72.655 25.00499999999999 0
    endloop
  endfacet
  facet normal 0 0 1
    outer loop
      vertex 70.44500000000001 25.00500000000311 2
      vertex 70.455 25.00495475113122 2
      vertex 70.44500000000001 27.205 2
    endloop
  endfacet
  facet normal 0 0 1
    outer loop
      vertex 70.455 25.00495475113122 2
      vertex 72.64500000000001 25.00499999999999 2
      vertex 70.44500000000001 27.205 2
    endloop
  endfacet
  facet normal 0 0 1
    outer loop
      vertex 70.455 25.00495475113122 2
      vertex 72.64500000000001 24.995045248868777 2
      vertex 72.64500000000001 25.00499999999999 2
    endloop
  endfacet
  facet normal 0 0 1
    outer loop
      vertex 72.64500000000001 25.00499999999999 2
      vertex 72.655 27.205 2
      vertex 70.44500000000001 27.205 2
    endloop
  endfacet
  facet normal 0 0 1
    outer loop
      vertex 72.655 24.995000000003124 2
      vertex 72.655 27.205 2
      vertex 72.64500000000001 25.00499999999999 2
    endloop
  endfacet
  facet normal 0 0 -1
    outer loop
      vertex 72.655 24.995045248868777 0
      vertex 72.655 25.00499999999999 0
      vertex 74.855 25.005 0
    endloop
  endfacet
  facet normal 0 0 -1
    outer loop
      vertex 72.655 25.00499999999999 0
      vertex 74.855 27.205 0
      vertex 74.855 25.005 0
    endloop
  endfacet
  facet normal 0 0 -1
    outer loop
      vertex 72.655 25.00499999999999 0
      vertex 72.65495495495496 27.195045045045042 0
      vertex 74.855 27.205 0
    endloop
  endfacet
  facet normal 0 0 -1
    outer loop
      vertex 72.65495495495496 27.195045045045042 0
      vertex 72.655 27.205 0
      vertex 74.855 27.205 0
    endloop
  endfacet
  facet normal 1 0 0
    outer loop
      vertex 74.855 25.005 0
      vertex 74.855 27.205 0
      vertex 74.855 25.005 2
    endloop
  endfacet
  facet normal 0 1 0
    outer loop
      vertex 72.655 27.205 0
      vertex 74.855 27.205 2
      vertex 74.855 27.205 0
    endloop
  endfacet
  facet normal 1 0 0
    outer loop
      vertex 74.855 27.205 0
      vertex 74.855 27.205 2
      vertex 74.855 25.005 2
    endloop
  endfacet
  facet normal 0 1 0
    outer loop
      vertex 72.655 27.205 0
      vertex 72.655 27.205 2
      vertex 74.855 27.205 2
    endloop
  endfacet
  facet normal 0 0 1
    outer loop
      vertex 72.655 24.995000000003124 2
      vertex 72.64500000000001 25.00499999999999 2
      vertex 72.64500000000001 24.995045248868777 2
    endloop
  endfacet
  facet normal 0 0 1
    outer loop
      vertex 72.655 24.995000000003124 2
      vertex 74.845 25.005 2
      vertex 74.855 27.205 2
    endloop
  endfacet
  facet normal 0 0 1
    outer loop
      vertex 72.655 24.995000000003124 2
      vertex 74.855 27.205 2
      vertex 72.655 27.205 2
    endloop
  endfacet
  facet normal 0 0 1
    outer loop
      vertex 74.855 25.005 2
      vertex 74.855 27.205 2
      vertex 74.845 25.005 2
    endloop
  endfacet
  facet normal 0 0 -1
    outer loop
      vertex 85.845 24.994999999999997 0
      vertex 85.845 27.205 0
      vertex 88.05499999999999 27.205 0
    endloop
  endfacet
  facet normal 0 0 -1
    outer loop
      vertex 85.845 24.994999999999997 0
      vertex 88.05499999999999 27.205 0
      vertex 88.05499999999999 24.994999999999997 0
    endloop
  endfacet
  facet normal 0 -1 0
    outer loop
      vertex 85.845 24.994999999999997 0
      vertex 88.05499999999999 24.994999999999997 0
      vertex 88.05499999999999 24.994999999999997 2
    endloop
  endfacet
  facet normal -1 0 0
    outer loop
      vertex 85.845 24.994999999999997 0
      vertex 85.845 27.205 2
      vertex 85.845 27.205 0
    endloop
  endfacet
  facet normal 1 0 0
    outer loop
      vertex 88.05499999999999 24.994999999999997 0
      vertex 88.05499999999999 27.205 0
      vertex 88.05499999999999 24.994999999999997 2
    endloop
  endfacet
  facet normal 0 1 0
    outer loop
      vertex 85.845 27.205 0
      vertex 85.845 27.205 2
      vertex 88.05499999999999 27.205 0
    endloop
  endfacet
  facet normal 0 -1 0
    outer loop
      vertex 85.845 24.994999999999997 0
      vertex 88.05499999999999 24.994999999999997 2
      vertex 85.845 24.994999999999997 2
    endloop
  endfacet
  facet normal -1 0 0
    outer loop
      vertex 85.845 24.994999999999997 0
      vertex 85.845 24.994999999999997 2
      vertex 85.845 27.205 2
    endloop
  endfacet
  facet normal 1 0 0
    outer loop
      vertex 88.05499999999999 27.205 0
      vertex 88.05499999999999 27.205 2
      vertex 88.05499999999999 24.994999999999997 2
    endloop
  endfacet
  facet normal 0 1 0
    outer loop
      vertex 88.05499999999999 27.205 0
      vertex 85.845 27.205 2
      vertex 88.05499999999999 27.205 2
    endloop
  endfacet
  facet normal 0 0 1
    outer loop
      vertex 85.845 24.994999999999997 2
      vertex 88.05499999999999 24.994999999999997 2
      vertex 85.845 27.205 2
    endloop
  endfacet
  facet normal 0 0 1
    outer loop
      vertex 88.05499999999999 24.994999999999997 2
      vertex 88.05499999999999 27.205 2
      vertex 85.845 27.205 2
    endloop
  endfacet
  facet normal 0 0 -1
    outer loop
      vertex 70.44500000000001 27.205 0
      vertex 72.655 29.404999999999998 0
      vertex 72.655 27.205 0
    endloop
  endfacet
  facet normal 0 0 -1
    outer loop
      vertex 70.44500000000001 27.205 0
      vertex 70.44500000000001 29.404999999999998 0
      vertex 72.655 29.404999999999998 0
    endloop
  endfacet
  facet normal -1 0 0
    outer loop
      vertex 70.44500000000001 27.205 0
      vertex 70.44500000000001 27.205 2
      vertex 70.44500000000001 29.404999999999998 0
    endloop
  endfacet
  facet normal 1 0 0
    outer loop
      vertex 72.655 27.205 0
      vertex 72.655 29.404999999999998 0
      vertex 72.655 29.404999999999998 2
    endloop
  endfacet
  facet normal 0 1 0
    outer loop
      vertex 70.44500000000001 29.404999999999998 0
      vertex 70.44500000000001 29.404999999999998 2
      vertex 72.655 29.404999999999998 0
    endloop
  endfacet
  facet normal -1 0 0
    outer loop
      vertex 70.44500000000001 29.404999999999998 0
      vertex 70.44500000000001 27.205 2
      vertex 70.44500000000001 29.404999999999998 2
    endloop
  endfacet
  facet normal 1 0 0
    outer loop
      vertex 72.655 27.205 0
      vertex 72.655 29.404999999999998 2
      vertex 72.655 27.205 2
    endloop
  endfacet
  facet normal 0 1 0
    outer loop
      vertex 72.655 29.404999999999998 0
      vertex 70.44500000000001 29.404999999999998 2
      vertex 72.655 29.404999999999998 2
    endloop
  endfacet
  facet normal 0 0 1
    outer loop
      vertex 70.44500000000001 27.205 2
      vertex 72.655 27.205 2
      vertex 70.44500000000001 29.404999999999998 2
    endloop
  endfacet
  facet normal 0 0 1
    outer loop
      vertex 70.44500000000001 29.404999999999998 2
      vertex 72.655 27.205 2
      vertex 72.655 29.404999999999998 2
    endloop
  endfacet
  facet normal 0 0 -1
    outer loop
      vertex 77.045 35.995 0
      vertex 77.045 38.205 0
      vertex 79.245 38.19500000000001 0
    endloop
  endfacet
  facet normal -1 0 0
    outer loop
      vertex 77.045 35.995 0
      vertex 77.045 38.205 2
      vertex 77.045 38.205 0
    endloop
  endfacet
  facet normal 0 0 -1
    outer loop
      vertex 77.045 35.995 0
      vertex 79.245 38.19500000000001 0
      vertex 79.245 35.995 0
    endloop
  endfacet
  facet normal 0 0 -1
    outer loop
      vertex 79.245 35.995 0
      vertex 79.245 38.19500000000001 0
      vertex 79.25495475113122 36.00495475113121 0
    endloop
  endfacet
  facet normal 0 0 -1
    outer loop
      vertex 77.045 38.205 0
      vertex 79.245 38.205 0
      vertex 79.245 38.19500000000001 0
    endloop
  endfacet
  facet normal 0 -1 0
    outer loop
      vertex 77.045 35.995 0
      vertex 79.245 35.995 0
      vertex 79.245 35.995 2
    endloop
  endfacet
  facet normal 0 1 0
    outer loop
      vertex 77.045 38.205 0
      vertex 79.245 38.205 2
      vertex 79.245 38.205 0
    endloop
  endfacet
  facet normal 0 -1 0
    outer loop
      vertex 77.045 35.995 0
      vertex 79.245 35.995 2
      vertex 77.045 35.995 2
    endloop
  endfacet
  facet normal -1 0 0
    outer loop
      vertex 77.045 35.995 0
      vertex 77.045 35.995 2
      vertex 77.045 38.205 2
    endloop
  endfacet
  facet normal 0 1 0
    outer loop
      vertex 77.045 38.205 0
      vertex 77.045 38.205 2
      vertex 79.245 38.205 2
    endloop
  endfacet
  facet normal 0 0 1
    outer loop
      vertex 77.045 35.995 2
      vertex 79.245 38.205 2
      vertex 77.045 38.205 2
    endloop
  endfacet
  facet normal 0 0 1
    outer loop
      vertex 77.045 35.995 2
      vertex 79.245 35.995 2
      vertex 79.245 38.205 2
    endloop
  endfacet
  facet normal 0 0 -1
    outer loop
      vertex 79.245 35.995 0
      vertex 79.25495475113122 36.00495475113121 0
      vertex 81.455 35.995 0
    endloop
  endfacet
  facet normal 0 0 -1
    outer loop
      vertex 79.25495475113122 36.00495475113121 0
      vertex 79.245 38.19500000000001 0
      vertex 79.245 38.205 0
    endloop
  endfacet
  facet normal 0 0 -1
    outer loop
      vertex 79.25495475113122 36.00495475113121 0
      vertex 79.245 38.205 0
      vertex 81.455 38.205 0
    endloop
  endfacet
  facet normal 0 0 -1
    outer loop
      vertex 81.455 35.995 0
      vertex 79.25495475113122 36.00495475113121 0
      vertex 81.455 38.19499999999999 0
    endloop
  endfacet
  facet normal 0 0 -1
    outer loop
      vertex 79.25495475113122 36.00495475113121 0
      vertex 81.455 38.205 0
      vertex 81.455 38.19499999999999 0
    endloop
  endfacet
  facet normal 0 -1 0
    outer loop
      vertex 79.245 35.995 0
      vertex 81.455 35.995 0
      vertex 81.455 35.995 2
    endloop
  endfacet
  facet normal 1 0 0
    outer loop
      vertex 81.455 35.995 0
      vertex 81.455 38.19499999999999 0
      vertex 81.455 35.995 2
    endloop
  endfacet
  facet normal 0 -1 0
    outer loop
      vertex 79.245 35.995 0
      vertex 81.455 35.995 2
      vertex 79.245 35.995 2
    endloop
  endfacet
  facet normal 1 0 0
    outer loop
      vertex 81.455 38.19499999999999 0
      vertex 81.455 38.19499999999999 2
      vertex 81.455 35.995 2
    endloop
  endfacet
  facet normal 0 0 1
    outer loop
      vertex 79.245 35.995 2
      vertex 81.455 35.995 2
      vertex 79.245 38.205 2
    endloop
  endfacet
  facet normal 0 0 1
    outer loop
      vertex 81.455 35.995 2
      vertex 81.455 38.19499999999999 2
      vertex 79.245 38.205 2
    endloop
  endfacet
  facet normal 0 0 1
    outer loop
      vertex 79.245 38.205 2
      vertex 81.455 38.19499999999999 2
      vertex 81.44500000000001 38.205 2
    endloop
  endfacet
  facet normal 0 0 1
    outer loop
      vertex 81.455 38.19499999999999 2
      vertex 81.455 38.204999999999984 2
      vertex 81.44500000000001 38.205 2
    endloop
  endfacet
  facet normal 0 0 -1
    outer loop
      vertex 79.245 38.205 0
      vertex 79.245 40.404999999999994 0
      vertex 81.44500000000001 40.395 0
    endloop
  endfacet
  facet normal 0 0 -1
    outer loop
      vertex 79.245 38.205 0
      vertex 81.44500000000001 40.395 0
      vertex 81.455 38.205 0
    endloop
  endfacet
  facet normal 0 0 -1
    outer loop
      vertex 79.245 40.404999999999994 0
      vertex 81.44500000000001 40.404999999999994 0
      vertex 81.44500000000001 40.395 0
    endloop
  endfacet
  facet normal -1 0 0
    outer loop
      vertex 79.245 38.205 0
      vertex 79.245 38.205 2
      vertex 79.245 40.404999999999994 0
    endloop
  endfacet
  facet normal 0 1 0
    outer loop
      vertex 79.245 40.404999999999994 0
      vertex 79.245 40.404999999999994 2
      vertex 81.44500000000001 40.404999999999994 0
    endloop
  endfacet
  facet normal -1 0 0
    outer loop
      vertex 79.245 40.404999999999994 0
      vertex 79.245 38.205 2
      vertex 79.245 40.404999999999994 2
    endloop
  endfacet
  facet normal 0 1 0
    outer loop
      vertex 81.44500000000001 40.404999999999994 0
      vertex 79.245 40.404999999999994 2
      vertex 81.44500000000001 40.404999999999994 2
    endloop
  endfacet
  facet normal 0 0 1
    outer loop
      vertex 79.245 38.205 2
      vertex 81.44500000000001 38.205 2
      vertex 79.245 40.404999999999994 2
    endloop
  endfacet
  facet normal 0 0 1
    outer loop
      vertex 79.245 40.404999999999994 2
      vertex 81.44500000000001 38.205 2
      vertex 81.44500000000001 40.404999999999994 2
    endloop
  endfacet
  facet normal 0 0 1
    outer loop
      vertex 81.44500000000001 38.205 2
      vertex 81.455 40.395 2
      vertex 81.44500000000001 40.404999999999994 2
    endloop
  endfacet
  facet normal 0 0 -1
    outer loop
      vertex 81.455 38.19499999999999 0
      vertex 81.455 38.205 0
      vertex 83.655 38.19499999999999 0
    endloop
  endfacet
  facet normal 0 0 -1
    outer loop
      vertex 81.455 38.205 0
      vertex 83.655 38.204999999999984 0
      vertex 83.655 38.19499999999999 0
    endloop
  endfacet
  facet normal 0 0 -1
    outer loop
      vertex 81.455 38.205 0
      vertex 83.64500000000001 40.395 0
      vertex 83.655 38.204999999999984 0
    endloop
  endfacet
  facet normal 0 0 -1
    outer loop
      vertex 81.455 38.205 0
      vertex 81.44500000000001 40.395 0
      vertex 83.64500000000001 40.395 0
    endloop
  endfacet
  facet normal 0 0 -1
    outer loop
      vertex 81.44500000000001 40.395 0
      vertex 81.44500000000001 40.404999999999994 0
      vertex 83.64500000000001 40.395 0
    endloop
  endfacet
  facet normal 0 0 -1
    outer loop
      vertex 81.44500000000001 40.404999999999994 0
      vertex 83.655 40.404999999999994 0
      vertex 83.64500000000001 40.395 0
    endloop
  endfacet
  facet normal 0 -1 0
    outer loop
      vertex 81.455 38.19499999999999 0
      vertex 83.655 38.19499999999999 0
      vertex 83.655 38.19499999999999 2
    endloop
  endfacet
  facet normal 0 1 0
    outer loop
      vertex 81.44500000000001 40.404999999999994 0
      vertex 81.44500000000001 40.404999999999994 2
      vertex 83.655 40.404999999999994 0
    endloop
  endfacet
  facet normal 0 -1 0
    outer loop
      vertex 81.455 38.19499999999999 0
      vertex 83.655 38.19499999999999 2
      vertex 81.455 38.19499999999999 2
    endloop
  endfacet
  facet normal 0 1 0
    outer loop
      vertex 83.655 40.404999999999994 0
      vertex 81.44500000000001 40.404999999999994 2
      vertex 83.655 40.404999999999994 2
    endloop
  endfacet
  facet normal 0 0 1
    outer loop
      vertex 81.455 38.19499999999999 2
      vertex 83.64500000000001 38.204999999999984 2
      vertex 81.455 38.204999999999984 2
    endloop
  endfacet
  facet normal 0 0 1
    outer loop
      vertex 81.455 38.19499999999999 2
      vertex 83.655 38.19499999999999 2
      vertex 83.64500000000001 38.204999999999984 2
    endloop
  endfacet
  facet normal 0 0 1
    outer loop
      vertex 81.44500000000001 38.205 2
      vertex 81.455 38.204999999999984 2
      vertex 81.455 40.395 2
    endloop
  endfacet
  facet normal 0 0 1
    outer loop
      vertex 81.455 38.204999999999984 2
      vertex 83.64500000000001 38.204999999999984 2
      vertex 81.455 40.395 2
    endloop
  endfacet
  facet normal 0 0 1
    outer loop
      vertex 81.44500000000001 40.404999999999994 2
      vertex 81.455 40.395 2
      vertex 83.655 40.404999999999994 2
    endloop
  endfacet
  facet normal 0 0 1
    outer loop
      vertex 81.455 40.395 2
      vertex 83.64500000000001 38.204999999999984 2
      vertex 83.655 40.395 2
    endloop
  endfacet
  facet normal 0 0 1
    outer loop
      vertex 81.455 40.395 2
      vertex 83.655 40.395 2
      vertex 83.655 40.404999999999994 2
    endloop
  endfacet
  facet normal 0 0 -1
    outer loop
      vertex 83.655 38.19499999999999 0
      vertex 83.655 38.204999999999984 0
      vertex 85.855 38.19499999999999 0
    endloop
  endfacet
  facet normal 0 0 -1
    outer loop
      vertex 83.655 38.204999999999984 0
      vertex 83.64500000000001 40.395 0
      vertex 83.655 40.404999999999994 0
    endloop
  endfacet
  facet normal 0 0 -1
    outer loop
      vertex 83.655 38.204999999999984 0
      vertex 85.855 40.404999999999994 0
      vertex 85.855 38.19499999999999 0
    endloop
  endfacet
  facet normal 0 0 -1
    outer loop
      vertex 83.655 38.204999999999984 0
      vertex 83.655 40.404999999999994 0
      vertex 85.855 40.404999999999994 0
    endloop
  endfacet
  facet normal 0 -1 0
    outer loop
      vertex 83.655 38.19499999999999 0
      vertex 85.855 38.19499999999999 0
      vertex 85.855 38.19499999999999 2
    endloop
  endfacet
  facet normal 0 1 0
    outer loop
      vertex 83.655 40.404999999999994 0
      vertex 83.655 40.404999999999994 2
      vertex 85.855 40.404999999999994 0
    endloop
  endfacet
  facet normal 1 0 0
    outer loop
      vertex 85.855 38.19499999999999 0
      vertex 85.855 40.404999999999994 0
      vertex 85.855 38.19499999999999 2
    endloop
  endfacet
  facet normal 0 -1 0
    outer loop
      vertex 83.655 38.19499999999999 0
      vertex 85.855 38.19499999999999 2
      vertex 83.655 38.19499999999999 2
    endloop
  endfacet
  facet normal 0 1 0
    outer loop
      vertex 85.855 40.404999999999994 0
      vertex 83.655 40.404999999999994 2
      vertex 85.855 40.404999999999994 2
    endloop
  endfacet
  facet normal 1 0 0
    outer loop
      vertex 85.855 40.404999999999994 0
      vertex 85.855 40.404999999999994 2
      vertex 85.855 38.19499999999999 2
    endloop
  endfacet
  facet normal 0 0 1
    outer loop
      vertex 83.655 38.19499999999999 2
      vertex 83.655 40.395 2
      vertex 83.64500000000001 38.204999999999984 2
    endloop
  endfacet
  facet normal 0 0 1
    outer loop
      vertex 83.655 38.19499999999999 2
      vertex 85.855 38.19499999999999 2
      vertex 83.655 40.395 2
    endloop
  endfacet
  facet normal 0 0 1
    outer loop
      vertex 83.655 40.404999999999994 2
      vertex 83.655 40.395 2
      vertex 85.855 40.404999999999994 2
    endloop
  endfacet
  facet normal 0 0 1
    outer loop
      vertex 83.655 40.395 2
      vertex 85.855 38.19499999999999 2
      vertex 85.855 40.404999999999994 2
    endloop
  endfacet
endsolid OpenSCAD_Model
