solid OpenSCAD_Model
  facet normal 0 0 -1
    outer loop
      vertex 45.44499999999999 5.194999999999996 0
      vertex 45.44499999999999 7.394999999999996 0
      vertex 47.654999999999994 7.404999999999996 0
    endloop
  endfacet
  facet normal 0 0 -1
    outer loop
      vertex 45.44499999999999 5.194999999999996 0
      vertex 47.654999999999994 7.404999999999996 0
      vertex 47.644999999999996 5.194999999999996 0
    endloop
  endfacet
  facet normal 0 0 -1
    outer loop
      vertex 47.644999999999996 5.194999999999996 0
      vertex 47.654999999999994 7.404999999999996 0
      vertex 47.654999999999994 5.204999999999994 0
    endloop
  endfacet
  facet normal -1 0 0
    outer loop
      vertex 45.44499999999999 5.194999999999996 0
      vertex 45.44499999999999 5.194999999999996 2
      vertex 45.44499999999999 7.394999999999996 0
    endloop
  endfacet
  facet normal 0 -1 0
    outer loop
      vertex 45.44499999999999 5.194999999999996 0
      vertex 47.644999999999996 5.194999999999996 0
      vertex 47.644999999999996 5.194999999999996 2
    endloop
  endfacet
  facet normal 0 -1 0
    outer loop
      vertex 45.44499999999999 5.194999999999996 0
      vertex 47.644999999999996 5.194999999999996 2
      vertex 45.44499999999999 5.194999999999996 2
    endloop
  endfacet
  facet normal -1 0 0
    outer loop
      vertex 45.44499999999999 7.394999999999996 0
      vertex 45.44499999999999 5.194999999999996 2
      vertex 45.44499999999999 7.394999999999996 2
    endloop
  endfacet
  facet normal 0 0 1
    outer loop
      vertex 45.44499999999999 5.194999999999996 2
      vertex 45.45499999999999 7.394999999999996 2
      vertex 45.44499999999999 7.394999999999996 2
    endloop
  endfacet
  facet normal 0 0 1
    outer loop
      vertex 45.44499999999999 5.194999999999996 2
      vertex 47.644999999999996 7.404999999999996 2
      vertex 45.45499999999999 7.394999999999996 2
    endloop
  endfacet
  facet normal 0 0 1
    outer loop
      vertex 45.44499999999999 5.194999999999996 2
      vertex 47.644999999999996 5.194999999999996 2
      vertex 47.644999999999996 7.404999999999996 2
    endloop
  endfacet
  facet normal 0 0 -1
    outer loop
      vertex 47.644999999999996 5.194999999999996 0
      vertex 47.654999999999994 5.204999999999994 0
      vertex 49.855 5.194999999999996 0
    endloop
  endfacet
  facet normal 0 0 -1
    outer loop
      vertex 47.654999999999994 5.204999999999994 0
      vertex 49.845 7.394999999999996 0
      vertex 49.855 5.194999999999996 0
    endloop
  endfacet
  facet normal 0 0 -1
    outer loop
      vertex 47.654999999999994 5.204999999999994 0
      vertex 47.654999999999994 7.404999999999996 0
      vertex 49.845 7.394999999999996 0
    endloop
  endfacet
  facet normal 0 -1 0
    outer loop
      vertex 47.644999999999996 5.194999999999996 0
      vertex 49.855 5.194999999999996 0
      vertex 49.855 5.194999999999996 2
    endloop
  endfacet
  facet normal 0 -1 0
    outer loop
      vertex 47.644999999999996 5.194999999999996 0
      vertex 49.855 5.194999999999996 2
      vertex 47.644999999999996 5.194999999999996 2
    endloop
  endfacet
  facet normal 0 0 1
    outer loop
      vertex 47.644999999999996 5.194999999999996 2
      vertex 49.84499999999999 5.205000000000001 2
      vertex 47.644999999999996 7.404999999999996 2
    endloop
  endfacet
  facet normal 0 0 1
    outer loop
      vertex 47.644999999999996 5.194999999999996 2
      vertex 49.855 5.194999999999996 2
      vertex 49.84499999999999 5.205000000000001 2
    endloop
  endfacet
  facet normal 0 0 1
    outer loop
      vertex 47.644999999999996 7.404999999999996 2
      vertex 49.84499999999999 5.205000000000001 2
      vertex 49.84499999999999 7.395045248868774 2
    endloop
  endfacet
  facet normal 0 0 1
    outer loop
      vertex 49.84499999999999 5.205000000000001 2
      vertex 49.85499999999999 7.395000000000003 2
      vertex 49.84499999999999 7.395045248868774 2
    endloop
  endfacet
  facet normal 0 0 -1
    outer loop
      vertex 49.855 5.194999999999996 0
      vertex 49.845 7.394999999999996 0
      vertex 52.044999999999995 5.194999999999996 0
    endloop
  endfacet
  facet normal 0 0 -1
    outer loop
      vertex 49.845 7.394999999999996 0
      vertex 49.854999794327554 7.395045247938129 0
      vertex 52.044999999999995 5.194999999999996 0
    endloop
  endfacet
  facet normal 0 0 -1
    outer loop
      vertex 49.854999794327554 7.395045247938129 0
      vertex 52.05499999999999 7.404999999999996 0
      vertex 52.044999999999995 5.194999999999996 0
    endloop
  endfacet
  facet normal 0 0 -1
    outer loop
      vertex 52.05499999999999 5.204999999999994 0
      vertex 52.044999999999995 5.194999999999996 0
      vertex 52.05499999999999 7.404999999999996 0
    endloop
  endfacet
  facet normal 0 -1 0
    outer loop
      vertex 49.855 5.194999999999996 0
      vertex 52.044999999999995 5.194999999999996 0
      vertex 52.044999999999995 5.194999999999996 2
    endloop
  endfacet
  facet normal 0 -1 0
    outer loop
      vertex 49.855 5.194999999999996 0
      vertex 52.044999999999995 5.194999999999996 2
      vertex 49.855 5.194999999999996 2
    endloop
  endfacet
  facet normal 0 0 1
    outer loop
      vertex 49.84499999999999 5.205000000000001 2
      vertex 49.855 5.194999999999996 2
      vertex 49.85499999999999 7.395000000000003 2
    endloop
  endfacet
  facet normal 0 0 1
    outer loop
      vertex 49.855 5.194999999999996 2
      vertex 52.044999999999995 5.194999999999996 2
      vertex 52.044999999999995 7.404999999999996 2
    endloop
  endfacet
  facet normal 0 0 1
    outer loop
      vertex 49.855 5.194999999999996 2
      vertex 52.044999999999995 7.404999999999996 2
      vertex 49.85499999999999 7.395000000000003 2
    endloop
  endfacet
  facet normal 0 0 -1
    outer loop
      vertex 52.05499999999999 5.204999999999994 0
      vertex 54.254999999999995 5.194999999999996 0
      vertex 52.044999999999995 5.194999999999996 0
    endloop
  endfacet
  facet normal 0 0 -1
    outer loop
      vertex 52.05499999999999 5.204999999999994 0
      vertex 52.05499999999999 7.404999999999996 0
      vertex 54.245 7.394999999999996 0
    endloop
  endfacet
  facet normal 0 0 -1
    outer loop
      vertex 52.05499999999999 5.204999999999994 0
      vertex 54.245 7.394999999999996 0
      vertex 54.254999999999995 5.194999999999996 0
    endloop
  endfacet
  facet normal 0 -1 0
    outer loop
      vertex 52.044999999999995 5.194999999999996 0
      vertex 54.254999999999995 5.194999999999996 0
      vertex 54.254999999999995 5.194999999999996 2
    endloop
  endfacet
  facet normal 0 -1 0
    outer loop
      vertex 52.044999999999995 5.194999999999996 0
      vertex 54.254999999999995 5.194999999999996 2
      vertex 52.044999999999995 5.194999999999996 2
    endloop
  endfacet
  facet normal 0 0 1
    outer loop
      vertex 52.044999999999995 5.194999999999996 2
      vertex 54.245 5.204999999999994 2
      vertex 52.044999999999995 7.404999999999996 2
    endloop
  endfacet
  facet normal 0 0 1
    outer loop
      vertex 52.044999999999995 5.194999999999996 2
      vertex 54.254999999999995 5.194999999999996 2
      vertex 54.245 5.204999999999994 2
    endloop
  endfacet
  facet normal 0 0 1
    outer loop
      vertex 52.044999999999995 7.404999999999996 2
      vertex 54.245 5.204999999999994 2
      vertex 54.245 7.395045248868774 2
    endloop
  endfacet
  facet normal 0 0 1
    outer loop
      vertex 54.245 5.204999999999994 2
      vertex 54.254999999999995 7.394999999999996 2
      vertex 54.245 7.395045248868774 2
    endloop
  endfacet
  facet normal 0 0 -1
    outer loop
      vertex 54.254999999999995 5.194999999999996 0
      vertex 54.245 7.394999999999996 0
      vertex 56.445 5.204954751131216 0
    endloop
  endfacet
  facet normal 0 0 -1
    outer loop
      vertex 54.254999999999995 5.194999999999996 0
      vertex 56.445 5.204954751131216 0
      vertex 56.445 5.194999999999996 0
    endloop
  endfacet
  facet normal 0 0 -1
    outer loop
      vertex 56.445 5.204954751131216 0
      vertex 56.44998866213152 5.199988662131514 0
      vertex 56.445 5.194999999999996 0
    endloop
  endfacet
  facet normal 0 0 -1
    outer loop
      vertex 54.245 7.394999999999996 0
      vertex 56.445 7.404954751131218 0
      vertex 56.445 5.204954751131216 0
    endloop
  endfacet
  facet normal 0 -1 0
    outer loop
      vertex 54.254999999999995 5.194999999999996 0
      vertex 56.445 5.194999999999996 0
      vertex 56.445 5.194999999999996 2
    endloop
  endfacet
  facet normal 0 -1 0
    outer loop
      vertex 54.254999999999995 5.194999999999996 0
      vertex 56.445 5.194999999999996 2
      vertex 54.254999999999995 5.194999999999996 2
    endloop
  endfacet
  facet normal 0 0 1
    outer loop
      vertex 54.254999999999995 5.194999999999996 2
      vertex 54.254999999999995 7.394999999999996 2
      vertex 54.245 5.204999999999994 2
    endloop
  endfacet
  facet normal 0 0 1
    outer loop
      vertex 54.254999999999995 5.194999999999996 2
      vertex 56.445 7.404999999999996 2
      vertex 54.254999999999995 7.394999999999996 2
    endloop
  endfacet
  facet normal 0 0 1
    outer loop
      vertex 54.254999999999995 5.194999999999996 2
      vertex 56.445 5.194999999999996 2
      vertex 56.445 7.404999999999996 2
    endloop
  endfacet
  facet normal 0 0 -1
    outer loop
      vertex 56.44998866213152 5.199988662131514 0
      vertex 58.655 5.194999999999996 0
      vertex 56.445 5.194999999999996 0
    endloop
  endfacet
  facet normal 0 0 -1
    outer loop
      vertex 56.445 5.204954751131216 0
      vertex 58.645 7.394999999999996 0
      vertex 56.44998866213152 5.199988662131514 0
    endloop
  endfacet
  facet normal 0 0 -1
    outer loop
      vertex 56.445 5.204954751131216 0
      vertex 56.445 7.404954751131218 0
      vertex 58.645 7.394999999999996 0
    endloop
  endfacet
  facet normal 0 0 -1
    outer loop
      vertex 56.445 7.404954751131218 0
      vertex 56.445 7.404999999999996 0
      vertex 58.645 7.394999999999996 0
    endloop
  endfacet
  facet normal 0 0 -1
    outer loop
      vertex 58.655 7.394999999999996 0
      vertex 58.655 5.194999999999996 0
      vertex 56.44998866213152 5.199988662131514 0
    endloop
  endfacet
  facet normal 0 0 -1
    outer loop
      vertex 58.655 7.394999999999996 0
      vertex 56.44998866213152 5.199988662131514 0
      vertex 58.645 7.394999999999996 0
    endloop
  endfacet
  facet normal 0 0 -1
    outer loop
      vertex 56.445 7.404999999999996 0
      vertex 58.654999999999994 7.404999999999996 0
      vertex 58.645 7.394999999999996 0
    endloop
  endfacet
  facet normal 0 -1 0
    outer loop
      vertex 58.655 5.194999999999996 0
      vertex 58.655 5.194999999999996 2
      vertex 56.445 5.194999999999996 0
    endloop
  endfacet
  facet normal 0 -1 0
    outer loop
      vertex 56.445 5.194999999999996 2
      vertex 56.445 5.194999999999996 0
      vertex 58.655 5.194999999999996 2
    endloop
  endfacet
  facet normal 0 0 1
    outer loop
      vertex 56.445 7.404999999999996 2
      vertex 56.445 5.194999999999996 2
      vertex 58.644999999999996 5.205000000000001 2
    endloop
  endfacet
  facet normal 0 0 1
    outer loop
      vertex 58.655 5.194999999999996 2
      vertex 58.644999999999996 5.205000000000001 2
      vertex 56.445 5.194999999999996 2
    endloop
  endfacet
  facet normal 0 0 1
    outer loop
      vertex 56.445 7.404999999999996 2
      vertex 58.644999999999996 5.205000000000001 2
      vertex 58.644999999999996 7.404999999999996 2
    endloop
  endfacet
  facet normal 0 0 1
    outer loop
      vertex 58.655 7.385045248868769 2
      vertex 58.644999999999996 7.404999999999996 2
      vertex 58.644999999999996 5.205000000000001 2
    endloop
  endfacet
  facet normal 0 0 -1
    outer loop
      vertex 58.655 7.394999999999996 0
      vertex 60.84499999999999 5.194999999999996 0
      vertex 58.655 5.194999999999996 0
    endloop
  endfacet
  facet normal 0 0 -1
    outer loop
      vertex 58.655 7.394999999999996 0
      vertex 60.85495475113122 5.204954751131223 0
      vertex 60.84499999999999 5.194999999999996 0
    endloop
  endfacet
  facet normal 0 0 -1
    outer loop
      vertex 58.655 7.394999999999996 0
      vertex 60.84499999999999 7.394999999999989 0
      vertex 60.85495475113122 5.204954751131223 0
    endloop
  endfacet
  facet normal 0 0 -1
    outer loop
      vertex 58.655 7.394999999999996 0
      vertex 58.645 7.394999999999996 0
      vertex 58.654999999999994 7.404999999999996 0
    endloop
  endfacet
  facet normal 0 0 -1
    outer loop
      vertex 58.655 7.394999999999996 0
      vertex 58.654999999999994 7.404999999999996 0
      vertex 60.84499999999999 7.394999999999989 0
    endloop
  endfacet
  facet normal 0 -1 0
    outer loop
      vertex 58.655 5.194999999999996 0
      vertex 60.84499999999999 5.194999999999996 0
      vertex 60.84499999999999 5.194999999999996 2
    endloop
  endfacet
  facet normal 0 -1 0
    outer loop
      vertex 58.655 5.194999999999996 0
      vertex 60.84499999999999 5.194999999999996 2
      vertex 58.655 5.194999999999996 2
    endloop
  endfacet
  facet normal 0 0 1
    outer loop
      vertex 58.655 5.194999999999996 2
      vertex 60.84499999999999 7.404999999999996 2
      vertex 58.644999999999996 5.205000000000001 2
    endloop
  endfacet
  facet normal 0 0 1
    outer loop
      vertex 58.655 5.194999999999996 2
      vertex 60.84499999999999 5.194999999999996 2
      vertex 60.84499999999999 7.404999999999996 2
    endloop
  endfacet
  facet normal 0 0 1
    outer loop
      vertex 58.655 7.385045248868769 2
      vertex 58.644999999999996 5.205000000000001 2
      vertex 60.84499999999999 7.404999999999996 2
    endloop
  endfacet
  facet normal 0 0 1
    outer loop
      vertex 58.655 7.385045248868769 2
      vertex 60.84499999999999 7.404999999999996 2
      vertex 58.644999999999996 7.404999999999996 2
    endloop
  endfacet
  facet normal 0 0 -1
    outer loop
      vertex 60.84499999999999 7.394999999999989 0
      vertex 60.855 7.404999999999996 0
      vertex 60.85495475113122 5.204954751131223 0
    endloop
  endfacet
  facet normal 0 0 -1
    outer loop
      vertex 60.85495475113122 5.204954751131223 0
      vertex 63.05499999999999 5.194999999999996 0
      vertex 60.84499999999999 5.194999999999996 0
    endloop
  endfacet
  facet normal 0 0 -1
    outer loop
      vertex 63.05499999999999 7.395045248868774 0
      vertex 63.05499999999999 5.194999999999996 0
      vertex 60.85495475113122 5.204954751131223 0
    endloop
  endfacet
  facet normal 0 0 -1
    outer loop
      vertex 60.855 7.404999999999996 0
      vertex 63.05499999999999 7.404999999999996 0
      vertex 60.85495475113122 5.204954751131223 0
    endloop
  endfacet
  facet normal 0 0 -1
    outer loop
      vertex 63.05499999999999 7.395045248868774 0
      vertex 60.85495475113122 5.204954751131223 0
      vertex 63.05499999999999 7.404999999999996 0
    endloop
  endfacet
  facet normal 0 0 -1
    outer loop
      vertex 60.84499999999999 7.394999999999989 0
      vertex 60.84499999999999 7.404999999999996 0
      vertex 60.855 7.404999999999996 0
    endloop
  endfacet
  facet normal 0 -1 0
    outer loop
      vertex 63.05499999999999 5.194999999999996 0
      vertex 63.05499999999999 5.194999999999996 2
      vertex 60.84499999999999 5.194999999999996 0
    endloop
  endfacet
  facet normal 0 -1 0
    outer loop
      vertex 60.84499999999999 5.194999999999996 2
      vertex 60.84499999999999 5.194999999999996 0
      vertex 63.05499999999999 5.194999999999996 2
    endloop
  endfacet
  facet normal 0 0 1
    outer loop
      vertex 63.045045248868774 5.204954751131216 2
      vertex 60.84499999999999 7.404999999999996 2
      vertex 60.84499999999999 5.194999999999996 2
    endloop
  endfacet
  facet normal 0 0 1
    outer loop
      vertex 63.05499999999999 5.194999999999996 2
      vertex 63.045045248868774 5.204954751131216 2
      vertex 60.84499999999999 5.194999999999996 2
    endloop
  endfacet
  facet normal 0 0 1
    outer loop
      vertex 63.045045248868774 5.204954751131216 2
      vertex 63.05499999999999 7.394999999999996 2
      vertex 60.84499999999999 7.404999999999996 2
    endloop
  endfacet
  facet normal 0 0 1
    outer loop
      vertex 63.05499999999999 7.404999999999996 2
      vertex 60.84499999999999 7.404999999999996 2
      vertex 63.05499999999999 7.394999999999996 2
    endloop
  endfacet
  facet normal 0 0 -1
    outer loop
      vertex 65.255 5.194999999999996 0
      vertex 63.05499999999999 5.194999999999996 0
      vertex 63.05499999999999 7.395045248868774 0
    endloop
  endfacet
  facet normal 0 0 -1
    outer loop
      vertex 65.255 5.194999999999996 0
      vertex 63.05499999999999 7.395045248868774 0
      vertex 65.255 7.404999999999996 0
    endloop
  endfacet
  facet normal 0 -1 0
    outer loop
      vertex 65.255 5.194999999999996 0
      vertex 65.255 5.194999999999996 2
      vertex 63.05499999999999 5.194999999999996 0
    endloop
  endfacet
  facet normal 0 -1 0
    outer loop
      vertex 65.255 5.194999999999996 2
      vertex 63.05499999999999 5.194999999999996 2
      vertex 63.05499999999999 5.194999999999996 0
    endloop
  endfacet
  facet normal 0 0 1
    outer loop
      vertex 63.05499999999999 5.194999999999996 2
      vertex 63.05499999999999 7.394999999999996 2
      vertex 63.045045248868774 5.204954751131216 2
    endloop
  endfacet
  facet normal 0 0 1
    outer loop
      vertex 65.255 5.194999999999996 2
      vertex 63.05499999999999 7.394999999999996 2
      vertex 63.05499999999999 5.194999999999996 2
    endloop
  endfacet
  facet normal 0 0 1
    outer loop
      vertex 65.24499999999999 7.404999999999996 2
      vertex 63.05499999999999 7.394999999999996 2
      vertex 65.255 5.194999999999996 2
    endloop
  endfacet
  facet normal 1 0 0
    outer loop
      vertex 65.255 5.194999999999996 0
      vertex 65.255 7.404999999999996 0
      vertex 65.255 5.194999999999996 2
    endloop
  endfacet
  facet normal 1 0 0
    outer loop
      vertex 65.255 7.404999999999996 0
      vertex 65.255 7.404999999999996 2
      vertex 65.255 5.194999999999996 2
    endloop
  endfacet
  facet normal 0 0 1
    outer loop
      vertex 65.24499999999999 7.404999999999996 2
      vertex 65.255 5.194999999999996 2
      vertex 65.255 7.404999999999996 2
    endloop
  endfacet
  facet normal 0 0 -1
    outer loop
      vertex 45.44499999999999 7.394999999999996 0
      vertex 45.44499999999999 9.604999999999997 0
      vertex 47.644999999999996 9.594999999999999 0
    endloop
  endfacet
  facet normal 0 0 -1
    outer loop
      vertex 45.44499999999999 7.394999999999996 0
      vertex 47.644999999999996 9.594999999999999 0
      vertex 47.654999999999994 7.404999999999996 0
    endloop
  endfacet
  facet normal 0 0 -1
    outer loop
      vertex 47.644999999999996 9.594999999999999 0
      vertex 45.44499999999999 9.604999999999997 0
      vertex 47.644999999999996 9.604999999999997 0
    endloop
  endfacet
  facet normal -1 0 0
    outer loop
      vertex 45.44499999999999 7.394999999999996 0
      vertex 45.44499999999999 9.604999999999997 2
      vertex 45.44499999999999 9.604999999999997 0
    endloop
  endfacet
  facet normal 0 1 0
    outer loop
      vertex 45.44499999999999 9.604999999999997 0
      vertex 47.644999999999996 9.604999999999997 2
      vertex 47.644999999999996 9.604999999999997 0
    endloop
  endfacet
  facet normal -1 0 0
    outer loop
      vertex 45.44499999999999 7.394999999999996 0
      vertex 45.44499999999999 7.394999999999996 2
      vertex 45.44499999999999 9.604999999999997 2
    endloop
  endfacet
  facet normal 0 1 0
    outer loop
      vertex 45.44499999999999 9.604999999999997 0
      vertex 45.44499999999999 9.604999999999997 2
      vertex 47.644999999999996 9.604999999999997 2
    endloop
  endfacet
  facet normal 0 0 1
    outer loop
      vertex 45.44499999999999 7.394999999999996 2
      vertex 45.45499999999999 7.394999999999996 2
      vertex 45.44499999999999 9.604999999999997 2
    endloop
  endfacet
  facet normal 0 0 1
    outer loop
      vertex 45.45499999999999 7.394999999999996 2
      vertex 47.644999999999996 7.404999999999996 2
      vertex 45.44499999999999 9.604999999999997 2
    endloop
  endfacet
  facet normal 0 0 1
    outer loop
      vertex 47.644999999999996 7.404999999999996 2
      vertex 47.644999999999996 9.604999999999997 2
      vertex 45.44499999999999 9.604999999999997 2
    endloop
  endfacet
  facet normal 0 0 -1
    outer loop
      vertex 47.654999999999994 7.404999999999996 0
      vertex 47.644999999999996 9.594999999999999 0
      vertex 47.644999999999996 9.604999999999997 0
    endloop
  endfacet
  facet normal 0 0 -1
    outer loop
      vertex 47.654999999999994 7.404999999999996 0
      vertex 49.845 9.594999999999995 0
      vertex 49.845 7.394999999999996 0
    endloop
  endfacet
  facet normal 0 0 -1
    outer loop
      vertex 47.654999999999994 7.404999999999996 0
      vertex 47.644999999999996 9.604999999999997 0
      vertex 49.845 9.594999999999995 0
    endloop
  endfacet
  facet normal 0 0 -1
    outer loop
      vertex 49.845 7.394999999999996 0
      vertex 49.85495475113122 7.404954751131223 0
      vertex 49.854999794327554 7.395045247938129 0
    endloop
  endfacet
  facet normal 0 0 -1
    outer loop
      vertex 49.845 9.594999999999995 0
      vertex 47.644999999999996 9.604999999999997 0
      vertex 47.654999999999994 9.604999999999997 0
    endloop
  endfacet
  facet normal 0 0 -1
    outer loop
      vertex 49.845 9.594999999999995 0
      vertex 47.654999999999994 9.604999999999997 0
      vertex 49.84499999999999 9.604954751131219 0
    endloop
  endfacet
  facet normal 0 0 -1
    outer loop
      vertex 49.84499999999999 9.604954751131219 0
      vertex 49.84499999999999 9.604999999999997 0
      vertex 49.849999999999994 9.599999999999996 0
    endloop
  endfacet
  facet normal 0 0 -1
    outer loop
      vertex 49.845 9.594999999999995 0
      vertex 49.84499999999999 9.604954751131219 0
      vertex 49.849999999999994 9.599999999999996 0
    endloop
  endfacet
  facet normal 0 0 1
    outer loop
      vertex 47.644999999999996 7.404999999999996 2
      vertex 47.655 9.594999999999995 2
      vertex 47.644999999999996 9.604999999999997 2
    endloop
  endfacet
  facet normal 0 0 1
    outer loop
      vertex 47.644999999999996 7.404999999999996 2
      vertex 49.84499999999999 7.405000000000001 2
      vertex 47.655 9.594999999999995 2
    endloop
  endfacet
  facet normal 0 0 1
    outer loop
      vertex 47.644999999999996 7.404999999999996 2
      vertex 49.84499999999999 7.395045248868774 2
      vertex 49.84499999999999 7.405000000000001 2
    endloop
  endfacet
  facet normal 0 0 1
    outer loop
      vertex 47.655 9.594999999999995 2
      vertex 49.84499999999999 7.405000000000001 2
      vertex 49.84499999999999 9.595045248868773 2
    endloop
  endfacet
  facet normal 0 0 1
    outer loop
      vertex 49.84499999999999 7.405000000000001 2
      vertex 49.85499999999999 9.594999999999995 2
      vertex 49.84499999999999 9.595045248868773 2
    endloop
  endfacet
  facet normal 0 0 -1
    outer loop
      vertex 49.845 7.394999999999996 0
      vertex 49.845 9.594999999999995 0
      vertex 49.85495475113122 7.404954751131223 0
    endloop
  endfacet
  facet normal 0 0 -1
    outer loop
      vertex 49.854999794327554 7.395045247938129 0
      vertex 49.85495475113122 7.404954751131223 0
      vertex 52.05499999999999 7.404999999999996 0
    endloop
  endfacet
  facet normal 0 0 -1
    outer loop
      vertex 49.85495475113122 7.404954751131223 0
      vertex 52.044999999999995 9.594999999999995 0
      vertex 52.05499999999999 7.404999999999996 0
    endloop
  endfacet
  facet normal 0 0 -1
    outer loop
      vertex 49.85495475113122 7.404954751131223 0
      vertex 49.845 9.594999999999995 0
      vertex 52.044999999999995 9.594999999999995 0
    endloop
  endfacet
  facet normal 0 0 1
    outer loop
      vertex 49.84499999999999 7.395045248868774 2
      vertex 49.85499999999999 7.395000000000003 2
      vertex 49.84499999999999 7.405000000000001 2
    endloop
  endfacet
  facet normal 0 0 1
    outer loop
      vertex 49.85499999999999 7.395000000000003 2
      vertex 49.85499999999999 9.594999999999995 2
      vertex 49.84499999999999 7.405000000000001 2
    endloop
  endfacet
  facet normal 0 0 1
    outer loop
      vertex 49.85499999999999 7.395000000000003 2
      vertex 52.044999999999995 7.404999999999996 2
      vertex 49.85499999999999 9.594999999999995 2
    endloop
  endfacet
  facet normal 0 0 1
    outer loop
      vertex 49.85499999999999 9.594999999999995 2
      vertex 52.044999999999995 7.404999999999996 2
      vertex 52.05499999999999 9.594999999999995 2
    endloop
  endfacet
  facet normal 0 0 1
    outer loop
      vertex 49.85499999999999 9.594999999999995 2
      vertex 52.04499999999999 9.604999999999997 2
      vertex 49.84499999999999 9.605000000000004 2
    endloop
  endfacet
  facet normal 0 0 1
    outer loop
      vertex 49.85499999999999 9.594999999999995 2
      vertex 52.05499999999999 9.594999999999995 2
      vertex 52.04499999999999 9.604999999999997 2
    endloop
  endfacet
  facet normal 0 0 -1
    outer loop
      vertex 52.05499999999999 7.404999999999996 0
      vertex 52.044999999999995 9.594999999999995 0
      vertex 54.24499999999922 9.594999999999999 0
    endloop
  endfacet
  facet normal 0 0 -1
    outer loop
      vertex 52.05499999999999 7.404999999999996 0
      vertex 54.24499999999922 9.594999999999999 0
      vertex 54.245 7.394999999999996 0
    endloop
  endfacet
  facet normal 0 0 -1
    outer loop
      vertex 54.245 7.394999999999996 0
      vertex 54.24499999999922 9.594999999999999 0
      vertex 54.254999999999995 9.594999999999995 0
    endloop
  endfacet
  facet normal 0 0 -1
    outer loop
      vertex 52.044999999999995 9.594999999999995 0
      vertex 52.05499999999999 9.604999999999997 0
      vertex 54.24499999999922 9.594999999999999 0
    endloop
  endfacet
  facet normal 0 0 -1
    outer loop
      vertex 54.24499999999922 9.594999999999999 0
      vertex 54.25 9.599999999999996 0
      vertex 54.254999999999995 9.594999999999995 0
    endloop
  endfacet
  facet normal 0 0 1
    outer loop
      vertex 52.044999999999995 7.404999999999996 2
      vertex 54.245 7.404999999999994 2
      vertex 52.05499999999999 9.594999999999995 2
    endloop
  endfacet
  facet normal 0 0 1
    outer loop
      vertex 52.044999999999995 7.404999999999996 2
      vertex 54.245 7.395045248868774 2
      vertex 54.245 7.404999999999994 2
    endloop
  endfacet
  facet normal 0 0 1
    outer loop
      vertex 52.05499999999999 9.594999999999995 2
      vertex 54.245 7.404999999999994 2
      vertex 54.254999999999995 9.594999999999999 2
    endloop
  endfacet
  facet normal 0 0 1
    outer loop
      vertex 54.254999999999995 7.394999999999996 2
      vertex 54.254999999999995 9.594999999999999 2
      vertex 54.245 7.404999999999994 2
    endloop
  endfacet
  facet normal 0 0 1
    outer loop
      vertex 52.05499999999999 9.594999999999995 2
      vertex 54.254999999999995 9.594999999999999 2
      vertex 54.25 9.599999999999996 2
    endloop
  endfacet
  facet normal 0 0 1
    outer loop
      vertex 52.05499999999999 9.594999999999995 2
      vertex 54.25 9.599999999999996 2
      vertex 54.245 9.604999999999993 2
    endloop
  endfacet
  facet normal 0 0 -1
    outer loop
      vertex 54.245 7.394999999999996 0
      vertex 54.254999999999995 9.594999999999995 0
      vertex 56.445 9.594999999999995 0
    endloop
  endfacet
  facet normal 0 0 -1
    outer loop
      vertex 54.254999999999995 9.594999999999995 0
      vertex 54.25 9.599999999999996 0
      vertex 54.25500000000077 9.604999999999993 0
    endloop
  endfacet
  facet normal 0 0 -1
    outer loop
      vertex 54.254999999999995 9.594999999999995 0
      vertex 54.25500000000077 9.604999999999993 0
      vertex 56.445 9.594999999999995 0
    endloop
  endfacet
  facet normal 0 0 -1
    outer loop
      vertex 54.245 7.394999999999996 0
      vertex 56.445 7.404999999999996 0
      vertex 56.445 7.404954751131218 0
    endloop
  endfacet
  facet normal 0 0 -1
    outer loop
      vertex 56.445 9.594999999999995 0
      vertex 56.445 7.404999999999996 0
      vertex 54.245 7.394999999999996 0
    endloop
  endfacet
  facet normal 0 0 1
    outer loop
      vertex 54.254999999999995 7.394999999999996 2
      vertex 54.245 7.404999999999994 2
      vertex 54.245 7.395045248868774 2
    endloop
  endfacet
  facet normal 0 0 1
    outer loop
      vertex 54.254999999999995 7.394999999999996 2
      vertex 56.445 7.404999999999996 2
      vertex 54.254999999999995 9.594999999999999 2
    endloop
  endfacet
  facet normal 0 0 1
    outer loop
      vertex 54.254999999999995 9.594999999999999 2
      vertex 56.445 7.404999999999996 2
      vertex 56.455 9.594999999999995 2
    endloop
  endfacet
  facet normal 0 0 1
    outer loop
      vertex 54.254999999999995 9.594999999999999 2
      vertex 56.455 9.594999999999995 2
      vertex 56.44499999999999 9.604999999999997 2
    endloop
  endfacet
  facet normal 0 0 -1
    outer loop
      vertex 56.445 9.594999999999995 0
      vertex 58.644999999999996 9.594999999999992 0
      vertex 56.445 7.404999999999996 0
    endloop
  endfacet
  facet normal 0 0 -1
    outer loop
      vertex 58.644999999999996 9.594999999999992 0
      vertex 58.654999999999994 7.404999999999996 0
      vertex 56.445 7.404999999999996 0
    endloop
  endfacet
  facet normal 0 0 -1
    outer loop
      vertex 56.445 9.594999999999995 0
      vertex 56.455 9.604999999999997 0
      vertex 58.644999999999996 9.594999999999992 0
    endloop
  endfacet
  facet normal 0 0 1
    outer loop
      vertex 56.455 9.594999999999995 2
      vertex 56.445 7.404999999999996 2
      vertex 58.644999999999996 7.404999999999996 2
    endloop
  endfacet
  facet normal 0 0 1
    outer loop
      vertex 56.455 9.594999999999995 2
      vertex 58.644999999999996 7.404999999999996 2
      vertex 58.644999999999996 9.594999999999995 2
    endloop
  endfacet
  facet normal 0 0 1
    outer loop
      vertex 58.644999999999996 7.404999999999996 2
      vertex 58.65500000000078 9.594999999999995 2
      vertex 58.644999999999996 9.594999999999995 2
    endloop
  endfacet
  facet normal 0 0 1
    outer loop
      vertex 58.644999999999996 9.594999999999995 2
      vertex 58.65500000000078 9.594999999999995 2
      vertex 58.644999999999996 9.605 2
    endloop
  endfacet
  facet normal 0 0 -1
    outer loop
      vertex 58.654999999999994 7.404999999999996 0
      vertex 60.84499999999999 7.404999999999996 0
      vertex 60.84499999999999 7.394999999999989 0
    endloop
  endfacet
  facet normal 0 0 -1
    outer loop
      vertex 60.84499999999999 9.594999999999992 0
      vertex 60.84499999999999 7.404999999999996 0
      vertex 58.654999999999994 7.404999999999996 0
    endloop
  endfacet
  facet normal 0 0 -1
    outer loop
      vertex 58.644999999999996 9.594999999999992 0
      vertex 60.84499999999999 9.594999999999992 0
      vertex 58.654999999999994 7.404999999999996 0
    endloop
  endfacet
  facet normal 0 0 -1
    outer loop
      vertex 58.644999999999996 9.594999999999992 0
      vertex 58.644999999999996 9.604999999999997 0
      vertex 58.65495475113122 9.604954751131219 0
    endloop
  endfacet
  facet normal 0 0 -1
    outer loop
      vertex 58.644999999999996 9.594999999999992 0
      vertex 58.65495475113122 9.604954751131219 0
      vertex 60.84499999999999 9.594999999999992 0
    endloop
  endfacet
  facet normal 0 0 -1
    outer loop
      vertex 58.65495475113122 9.604954751131219 0
      vertex 60.84504524886877 9.595045248868773 0
      vertex 60.84499999999999 9.594999999999992 0
    endloop
  endfacet
  facet normal 0 0 -1
    outer loop
      vertex 60.84499999999999 9.594999999999992 0
      vertex 60.855 7.404999999999996 0
      vertex 60.84499999999999 7.404999999999996 0
    endloop
  endfacet
  facet normal 0 0 1
    outer loop
      vertex 58.644999999999996 7.404999999999996 2
      vertex 60.84499999999999 7.404999999999996 2
      vertex 58.65500000000078 9.594999999999995 2
    endloop
  endfacet
  facet normal 0 0 1
    outer loop
      vertex 58.65500000000078 9.594999999999995 2
      vertex 60.84499999999999 7.404999999999996 2
      vertex 60.855 9.594999999999995 2
    endloop
  endfacet
  facet normal 0 0 -1
    outer loop
      vertex 60.84499999999999 9.594999999999992 0
      vertex 60.855 9.594999999999995 0
      vertex 60.855 7.404999999999996 0
    endloop
  endfacet
  facet normal 0 0 -1
    outer loop
      vertex 60.84499999999999 9.594999999999992 0
      vertex 60.84504524886877 9.595045248868773 0
      vertex 60.855 9.594999999999995 0
    endloop
  endfacet
  facet normal 0 0 -1
    outer loop
      vertex 63.05499999999999 9.604999999999997 0
      vertex 63.05499999999999 7.404999999999996 0
      vertex 60.855 7.404999999999996 0
    endloop
  endfacet
  facet normal 0 0 -1
    outer loop
      vertex 60.855 9.594999999999995 0
      vertex 63.05499999999999 9.604999999999997 0
      vertex 60.855 7.404999999999996 0
    endloop
  endfacet
  facet normal 0 0 -1
    outer loop
      vertex 60.855 9.594999999999995 0
      vertex 60.855 9.604999999999997 0
      vertex 63.05499999999999 9.604999999999997 0
    endloop
  endfacet
  facet normal 0 0 1
    outer loop
      vertex 60.84499999999999 7.404999999999996 2
      vertex 63.05499999999999 7.404999999999996 2
      vertex 60.855 9.594999999999995 2
    endloop
  endfacet
  facet normal 0 0 1
    outer loop
      vertex 60.855 9.594999999999995 2
      vertex 63.05499999999999 7.404999999999996 2
      vertex 63.05499999999999 9.604999999999997 2
    endloop
  endfacet
  facet normal 0 0 1
    outer loop
      vertex 60.855 9.594999999999995 2
      vertex 63.05499999999999 9.604999999999997 2
      vertex 60.855 9.604999999999997 2
    endloop
  endfacet
  facet normal 0 0 -1
    outer loop
      vertex 65.255 7.404999999999996 0
      vertex 63.05499999999999 7.395045248868774 0
      vertex 63.05499999999999 7.404999999999996 0
    endloop
  endfacet
  facet normal 0 0 -1
    outer loop
      vertex 63.05499999999999 9.604999999999997 0
      vertex 65.255 7.404999999999996 0
      vertex 63.05499999999999 7.404999999999996 0
    endloop
  endfacet
  facet normal 0 0 -1
    outer loop
      vertex 63.05499999999999 9.604999999999997 0
      vertex 65.255 9.604999999999997 0
      vertex 65.255 7.404999999999996 0
    endloop
  endfacet
  facet normal 0 1 0
    outer loop
      vertex 63.05499999999999 9.604999999999997 0
      vertex 65.255 9.604999999999997 2
      vertex 65.255 9.604999999999997 0
    endloop
  endfacet
  facet normal 0 1 0
    outer loop
      vertex 63.05499999999999 9.604999999999997 0
      vertex 63.05499999999999 9.604999999999997 2
      vertex 65.255 9.604999999999997 2
    endloop
  endfacet
  facet normal 0 0 1
    outer loop
      vertex 63.05499999999999 7.404999999999996 2
      vertex 63.05499999999999 7.394999999999996 2
      vertex 65.255 9.604999999999997 2
    endloop
  endfacet
  facet normal 0 0 1
    outer loop
      vertex 63.05499999999999 9.604999999999997 2
      vertex 63.05499999999999 7.404999999999996 2
      vertex 65.255 9.604999999999997 2
    endloop
  endfacet
  facet normal 0 0 1
    outer loop
      vertex 65.24499999999999 7.404999999999996 2
      vertex 65.255 9.604999999999997 2
      vertex 63.05499999999999 7.394999999999996 2
    endloop
  endfacet
  facet normal 1 0 0
    outer loop
      vertex 65.255 7.404999999999996 0
      vertex 65.255 9.604999999999997 0
      vertex 65.255 7.404999999999996 2
    endloop
  endfacet
  facet normal 1 0 0
    outer loop
      vertex 65.255 9.604999999999997 0
      vertex 65.255 9.604999999999997 2
      vertex 65.255 7.404999999999996 2
    endloop
  endfacet
  facet normal 0 0 1
    outer loop
      vertex 65.24499999999999 7.404999999999996 2
      vertex 65.255 7.404999999999996 2
      vertex 65.255 9.604999999999997 2
    endloop
  endfacet
  facet normal 0 0 -1
    outer loop
      vertex 47.644999999999996 9.604999999999997 0
      vertex 47.644999999999996 11.804999999999996 0
      vertex 47.654999999999994 9.604999999999997 0
    endloop
  endfacet
  facet normal 0 0 -1
    outer loop
      vertex 47.654999999999994 9.604999999999997 0
      vertex 47.644999999999996 11.804999999999996 0
      vertex 49.84499999999999 9.604999999999997 0
    endloop
  endfacet
  facet normal 0 0 -1
    outer loop
      vertex 47.654999999999994 9.604999999999997 0
      vertex 49.84499999999999 9.604999999999997 0
      vertex 49.84499999999999 9.604954751131219 0
    endloop
  endfacet
  facet normal 0 0 -1
    outer loop
      vertex 47.644999999999996 11.804999999999996 0
      vertex 49.84499999999999 11.804999999999996 0
      vertex 49.84499999999999 9.604999999999997 0
    endloop
  endfacet
  facet normal 0 0 -1
    outer loop
      vertex 49.84499999999999 9.604999999999997 0
      vertex 49.85499999999999 9.60499999999999 0
      vertex 49.849999999999994 9.599999999999996 0
    endloop
  endfacet
  facet normal 0 0 -1
    outer loop
      vertex 49.84499999999999 9.604999999999997 0
      vertex 49.854999999998434 9.605000000342336 0
      vertex 49.85499999999999 9.60499999999999 0
    endloop
  endfacet
  facet normal -1 0 0
    outer loop
      vertex 47.644999999999996 9.604999999999997 0
      vertex 47.644999999999996 9.604999999999997 2
      vertex 47.644999999999996 11.804999999999996 0
    endloop
  endfacet
  facet normal 0 1 0
    outer loop
      vertex 47.644999999999996 11.804999999999996 0
      vertex 47.644999999999996 11.804999999999996 2
      vertex 49.84499999999999 11.804999999999996 0
    endloop
  endfacet
  facet normal -1 0 0
    outer loop
      vertex 47.644999999999996 11.804999999999996 0
      vertex 47.644999999999996 9.604999999999997 2
      vertex 47.644999999999996 11.804999999999996 2
    endloop
  endfacet
  facet normal 0 1 0
    outer loop
      vertex 49.84499999999999 11.804999999999996 0
      vertex 47.644999999999996 11.804999999999996 2
      vertex 49.84499999999999 11.804999999999996 2
    endloop
  endfacet
  facet normal 0 0 1
    outer loop
      vertex 47.655 9.594999999999995 2
      vertex 49.84499999999999 9.605000000000004 2
      vertex 47.644999999999996 9.604999999999997 2
    endloop
  endfacet
  facet normal 0 0 1
    outer loop
      vertex 47.644999999999996 9.604999999999997 2
      vertex 49.84499999999999 9.605000000000004 2
      vertex 47.644999999999996 11.804999999999996 2
    endloop
  endfacet
  facet normal 0 0 1
    outer loop
      vertex 47.655 9.594999999999995 2
      vertex 49.84499999999999 9.595045248868773 2
      vertex 49.84499999999999 9.605000000000004 2
    endloop
  endfacet
  facet normal 0 0 1
    outer loop
      vertex 47.644999999999996 11.804999999999996 2
      vertex 49.84499999999999 9.605000000000004 2
      vertex 49.84499999999999 11.804999999999996 2
    endloop
  endfacet
  facet normal 0 0 1
    outer loop
      vertex 49.84499999999999 9.595045248868773 2
      vertex 49.85499999999999 9.594999999999995 2
      vertex 49.84499999999999 9.605000000000004 2
    endloop
  endfacet
  facet normal 0 0 -1
    outer loop
      vertex 49.84499999999999 9.604999999999997 0
      vertex 49.84499999999999 11.804999999999996 0
      vertex 49.854999999998434 9.605000000342336 0
    endloop
  endfacet
  facet normal 0 0 -1
    outer loop
      vertex 49.849999999999994 9.599999999999996 0
      vertex 49.85499999999999 9.60499999999999 0
      vertex 52.044999999999995 9.594999999999995 0
    endloop
  endfacet
  facet normal 0 0 -1
    outer loop
      vertex 49.845 9.594999999999995 0
      vertex 49.849999999999994 9.599999999999996 0
      vertex 52.044999999999995 9.594999999999995 0
    endloop
  endfacet
  facet normal 0 0 -1
    outer loop
      vertex 49.854999999998434 9.605000000342336 0
      vertex 52.04499999991441 11.795000000000387 0
      vertex 49.85499999999999 9.60499999999999 0
    endloop
  endfacet
  facet normal 0 0 -1
    outer loop
      vertex 49.85499999999999 9.60499999999999 0
      vertex 52.05499999999999 9.604999999999997 0
      vertex 52.044999999999995 9.594999999999995 0
    endloop
  endfacet
  facet normal 0 0 -1
    outer loop
      vertex 49.85499999999999 9.60499999999999 0
      vertex 52.044999999999995 11.794999999999996 0
      vertex 52.05499999999999 9.604999999999997 0
    endloop
  endfacet
  facet normal 0 0 -1
    outer loop
      vertex 49.854999999998434 9.605000000342336 0
      vertex 49.84499999999999 11.804999999999996 0
      vertex 52.04499999991441 11.795000000000387 0
    endloop
  endfacet
  facet normal 0 0 -1
    outer loop
      vertex 49.85499999999999 9.60499999999999 0
      vertex 52.04499999991441 11.795000000000387 0
      vertex 52.044999999999995 11.794999999999996 0
    endloop
  endfacet
  facet normal 0 0 -1
    outer loop
      vertex 52.044999999999995 11.794999999999996 0
      vertex 52.05 11.799999999999997 0
      vertex 52.05499999999999 11.794999999999996 0
    endloop
  endfacet
  facet normal 0 0 -1
    outer loop
      vertex 49.84499999999999 11.804999999999996 0
      vertex 52.044999999999995 11.804999999999996 0
      vertex 52.04499999991441 11.795000000000387 0
    endloop
  endfacet
  facet normal 0 0 1
    outer loop
      vertex 49.84499999999999 9.605000000000004 2
      vertex 52.04499999999999 9.604999999999997 2
      vertex 52.044999999999995 10.702494305239176 2
    endloop
  endfacet
  facet normal 0 0 1
    outer loop
      vertex 49.84499999999999 9.605000000000004 2
      vertex 52.044999999999995 11.804999999999994 2
      vertex 49.84499999999999 11.804999999999996 2
    endloop
  endfacet
  facet normal 0 0 1
    outer loop
      vertex 49.84499999999999 9.605000000000004 2
      vertex 52.044999999999995 10.702494305239176 2
      vertex 52.05499999999999 11.794999999999998 2
    endloop
  endfacet
  facet normal 0 0 1
    outer loop
      vertex 49.84499999999999 9.605000000000004 2
      vertex 52.05 11.799999999999997 2
      vertex 52.044999999999995 11.804999999999994 2
    endloop
  endfacet
  facet normal 0 0 1
    outer loop
      vertex 49.84499999999999 9.605000000000004 2
      vertex 52.05499999999999 11.794999999999998 2
      vertex 52.05 11.799999999999997 2
    endloop
  endfacet
  facet normal 0 0 -1
    outer loop
      vertex 52.05499999999999 9.604999999999997 0
      vertex 52.044999999999995 11.794999999999996 0
      vertex 52.05499999999999 11.794999999999996 0
    endloop
  endfacet
  facet normal 0 0 -1
    outer loop
      vertex 52.05499999999999 9.604999999999997 0
      vertex 52.05499999999999 11.794999999999996 0
      vertex 54.245 11.794999999999996 0
    endloop
  endfacet
  facet normal 0 0 -1
    outer loop
      vertex 52.05499999999999 11.794999999999996 0
      vertex 52.05 11.799999999999997 0
      vertex 52.05500000000038 11.804999999999994 0
    endloop
  endfacet
  facet normal 0 0 -1
    outer loop
      vertex 52.05499999999999 11.794999999999996 0
      vertex 52.05500000000038 11.804999999999994 0
      vertex 54.245 11.794999999999996 0
    endloop
  endfacet
  facet normal 0 0 -1
    outer loop
      vertex 52.05499999999999 9.604999999999997 0
      vertex 54.25500000000077 9.604999999999993 0
      vertex 54.25 9.599999999999996 0
    endloop
  endfacet
  facet normal 0 0 -1
    outer loop
      vertex 54.24499999999922 9.594999999999999 0
      vertex 52.05499999999999 9.604999999999997 0
      vertex 54.25 9.599999999999996 0
    endloop
  endfacet
  facet normal 0 0 -1
    outer loop
      vertex 52.05499999999999 9.604999999999997 0
      vertex 54.245 11.794999999999996 0
      vertex 54.25500000000077 9.604999999999993 0
    endloop
  endfacet
  facet normal 0 0 1
    outer loop
      vertex 52.05499999999999 9.594999999999995 2
      vertex 54.245 9.604999999999993 2
      vertex 52.04499999999999 9.604999999999997 2
    endloop
  endfacet
  facet normal 0 0 1
    outer loop
      vertex 52.04499999999999 9.604999999999997 2
      vertex 54.245 9.604999999999993 2
      vertex 52.05499999999999 11.794999999999998 2
    endloop
  endfacet
  facet normal 0 0 1
    outer loop
      vertex 52.04499999999999 9.604999999999997 2
      vertex 52.05499999999999 11.794999999999998 2
      vertex 52.044999999999995 10.702494305239176 2
    endloop
  endfacet
  facet normal 0 0 1
    outer loop
      vertex 52.05499999999999 11.794999999999998 2
      vertex 54.245 9.604999999999993 2
      vertex 54.254999999999995 11.794999999999996 2
    endloop
  endfacet
  facet normal 0 0 1
    outer loop
      vertex 54.25 9.599999999999996 2
      vertex 54.254999999999995 9.604999999999997 2
      vertex 54.245 9.604999999999993 2
    endloop
  endfacet
  facet normal 0 0 1
    outer loop
      vertex 52.05499999999999 11.794999999999998 2
      vertex 54.254999999999995 11.794999999999996 2
      vertex 54.245 11.804999999999996 2
    endloop
  endfacet
  facet normal 0 0 -1
    outer loop
      vertex 54.25500000000077 9.604999999999993 0
      vertex 54.245 11.794999999999996 0
      vertex 54.254999999999995 11.804999999999996 0
    endloop
  endfacet
  facet normal 0 0 -1
    outer loop
      vertex 54.25500000000077 9.604999999999993 0
      vertex 54.254999999999995 11.804999999999996 0
      vertex 56.455 11.804999999999996 0
    endloop
  endfacet
  facet normal 0 0 -1
    outer loop
      vertex 54.25500000000077 9.604999999999993 0
      vertex 56.455 9.604999999999997 0
      vertex 56.445 9.594999999999995 0
    endloop
  endfacet
  facet normal 0 0 -1
    outer loop
      vertex 54.25500000000077 9.604999999999993 0
      vertex 56.455 11.804999999999996 0
      vertex 56.455 9.604999999999997 0
    endloop
  endfacet
  facet normal 0 0 1
    outer loop
      vertex 54.254999999999995 9.594999999999999 2
      vertex 54.254999999999995 9.604999999999997 2
      vertex 54.25 9.599999999999996 2
    endloop
  endfacet
  facet normal 0 0 1
    outer loop
      vertex 54.245 9.604999999999993 2
      vertex 54.254999999999995 9.604999999999997 2
      vertex 54.254999999999995 11.794999999999996 2
    endloop
  endfacet
  facet normal 0 0 1
    outer loop
      vertex 54.254999999999995 9.594999999999999 2
      vertex 56.44499999999999 9.604999999999997 2
      vertex 54.254999999999995 9.604999999999997 2
    endloop
  endfacet
  facet normal 0 0 1
    outer loop
      vertex 54.254999999999995 9.604999999999997 2
      vertex 56.44499999999999 9.604999999999997 2
      vertex 54.254999999999995 11.794999999999996 2
    endloop
  endfacet
  facet normal 0 0 1
    outer loop
      vertex 54.25500000008558 11.795000000000387 2
      vertex 56.445 11.804954545454542 2
      vertex 54.254999999999995 11.804999999999996 2
    endloop
  endfacet
  facet normal 0 0 1
    outer loop
      vertex 54.254999999999995 11.794999999999996 2
      vertex 56.44499999999999 9.604999999999997 2
      vertex 56.45495454545454 11.794999999999998 2
    endloop
  endfacet
  facet normal 0 0 1
    outer loop
      vertex 56.44499999999999 9.604999999999997 2
      vertex 56.455 11.794999999999998 2
      vertex 56.45495454545454 11.794999999999998 2
    endloop
  endfacet
  facet normal 0 0 1
    outer loop
      vertex 56.45495454545454 11.794999999999998 2
      vertex 56.455 11.794999999999998 2
      vertex 56.45495475113122 11.795045248868776 2
    endloop
  endfacet
  facet normal 0 0 1
    outer loop
      vertex 54.254999999999995 11.794999999999996 2
      vertex 56.45495454545454 11.794999999999998 2
      vertex 56.445 11.804954545454542 2
    endloop
  endfacet
  facet normal 0 0 1
    outer loop
      vertex 54.254999999999995 11.804999999999996 2
      vertex 56.445 11.804954545454542 2
      vertex 56.44504524886877 11.804954751131218 2
    endloop
  endfacet
  facet normal 0 0 1
    outer loop
      vertex 54.254999999999995 11.804999999999996 2
      vertex 56.44504524886877 11.804954751131218 2
      vertex 56.455 11.804999999999996 2
    endloop
  endfacet
  facet normal 0 0 1
    outer loop
      vertex 56.45495475113122 11.795045248868776 2
      vertex 56.455 11.794999999999998 2
      vertex 56.455 11.804999999999996 2
    endloop
  endfacet
  facet normal 0 0 -1
    outer loop
      vertex 56.455 9.604999999999997 0
      vertex 56.455 11.804999999999996 0
      vertex 58.644999999999996 11.794999999999991 0
    endloop
  endfacet
  facet normal 0 0 -1
    outer loop
      vertex 58.644999999999996 9.594999999999992 0
      vertex 56.455 9.604999999999997 0
      vertex 58.644999999999996 9.604999999999997 0
    endloop
  endfacet
  facet normal 0 0 -1
    outer loop
      vertex 56.455 9.604999999999997 0
      vertex 58.644999999999996 11.794999999999991 0
      vertex 58.644999999999996 9.604999999999997 0
    endloop
  endfacet
  facet normal 0 0 -1
    outer loop
      vertex 58.655 9.605 0
      vertex 58.65495475113122 9.604954751131219 0
      vertex 58.644999999999996 9.604999999999997 0
    endloop
  endfacet
  facet normal 0 0 -1
    outer loop
      vertex 58.655 9.605 0
      vertex 58.644999999999996 9.604999999999997 0
      vertex 58.644999999999996 11.794999999999991 0
    endloop
  endfacet
  facet normal 0 0 -1
    outer loop
      vertex 56.455 11.804999999999996 0
      vertex 58.644999999999996 11.804999999999996 0
      vertex 58.644999999999996 11.794999999999991 0
    endloop
  endfacet
  facet normal 0 1 0
    outer loop
      vertex 56.455 11.804999999999996 0
      vertex 56.455 11.804999999999996 2
      vertex 58.644999999999996 11.804999999999996 0
    endloop
  endfacet
  facet normal 0 1 0
    outer loop
      vertex 58.644999999999996 11.804999999999996 0
      vertex 56.455 11.804999999999996 2
      vertex 58.644999999999996 11.804999999999996 2
    endloop
  endfacet
  facet normal 0 0 1
    outer loop
      vertex 56.455 9.594999999999995 2
      vertex 58.644999999999996 9.605 2
      vertex 56.44499999999999 9.604999999999997 2
    endloop
  endfacet
  facet normal 0 0 1
    outer loop
      vertex 56.44499999999999 9.604999999999997 2
      vertex 58.644999999999996 9.605 2
      vertex 56.455 11.794999999999998 2
    endloop
  endfacet
  facet normal 0 0 1
    outer loop
      vertex 56.45495454545454 11.794999999999998 2
      vertex 56.45495475113122 11.795045248868776 2
      vertex 56.445 11.804954545454542 2
    endloop
  endfacet
  facet normal 0 0 1
    outer loop
      vertex 56.45495475113122 11.795045248868776 2
      vertex 56.44504524886877 11.804954751131218 2
      vertex 56.445 11.804954545454542 2
    endloop
  endfacet
  facet normal 0 0 1
    outer loop
      vertex 56.455 11.794999999999998 2
      vertex 58.644999999999996 11.804999999999996 2
      vertex 56.455 11.804999999999996 2
    endloop
  endfacet
  facet normal 0 0 1
    outer loop
      vertex 56.455 9.594999999999995 2
      vertex 58.644999999999996 9.594999999999995 2
      vertex 58.644999999999996 9.605 2
    endloop
  endfacet
  facet normal 0 0 1
    outer loop
      vertex 56.455 11.794999999999998 2
      vertex 58.644999999999996 9.605 2
      vertex 58.644999999999996 11.804999999999996 2
    endloop
  endfacet
  facet normal 0 0 1
    outer loop
      vertex 58.644999999999996 9.605 2
      vertex 58.655 11.794999999999991 2
      vertex 58.644999999999996 11.804999999999996 2
    endloop
  endfacet
  facet normal 0 0 -1
    outer loop
      vertex 58.655 9.605 0
      vertex 60.84504524886877 9.595045248868773 0
      vertex 58.65495475113122 9.604954751131219 0
    endloop
  endfacet
  facet normal 0 0 -1
    outer loop
      vertex 58.655 9.605 0
      vertex 60.855 9.604999999999997 0
      vertex 60.84504524886877 9.595045248868773 0
    endloop
  endfacet
  facet normal 0 0 -1
    outer loop
      vertex 58.655 9.605 0
      vertex 60.84499999999999 11.794999999999991 0
      vertex 60.855 9.604999999999997 0
    endloop
  endfacet
  facet normal 0 0 -1
    outer loop
      vertex 58.655 9.605 0
      vertex 58.644999999999996 11.794999999999991 0
      vertex 60.84499999999999 11.794999999999991 0
    endloop
  endfacet
  facet normal 0 0 -1
    outer loop
      vertex 58.644999999999996 11.794999999999991 0
      vertex 58.644999999999996 11.804999999999996 0
      vertex 60.84499999999999 11.794999999999991 0
    endloop
  endfacet
  facet normal 0 0 -1
    outer loop
      vertex 58.644999999999996 11.804999999999996 0
      vertex 60.855 11.804999999999996 0
      vertex 60.84499999999999 11.794999999999991 0
    endloop
  endfacet
  facet normal 0 0 -1
    outer loop
      vertex 60.84504524886877 9.595045248868773 0
      vertex 60.855 9.604999999999997 0
      vertex 60.855 9.594999999999995 0
    endloop
  endfacet
  facet normal 0 1 0
    outer loop
      vertex 58.644999999999996 11.804999999999996 0
      vertex 58.644999999999996 11.804999999999996 2
      vertex 60.855 11.804999999999996 0
    endloop
  endfacet
  facet normal 0 1 0
    outer loop
      vertex 60.855 11.804999999999996 0
      vertex 58.644999999999996 11.804999999999996 2
      vertex 60.855 11.804999999999996 2
    endloop
  endfacet
  facet normal 0 0 1
    outer loop
      vertex 58.65500000000078 9.594999999999995 2
      vertex 60.84499999999999 9.605 2
      vertex 58.644999999999996 9.605 2
    endloop
  endfacet
  facet normal 0 0 1
    outer loop
      vertex 58.644999999999996 9.605 2
      vertex 60.84499999999999 9.605 2
      vertex 58.655 11.794999999999991 2
    endloop
  endfacet
  facet normal 0 0 1
    outer loop
      vertex 58.65500000000078 9.594999999999995 2
      vertex 60.855 9.594999999999995 2
      vertex 60.84499999999999 9.605 2
    endloop
  endfacet
  facet normal 0 0 1
    outer loop
      vertex 58.655 11.794999999999991 2
      vertex 60.84499999999999 9.605 2
      vertex 60.855 11.794999999999991 2
    endloop
  endfacet
  facet normal 0 0 1
    outer loop
      vertex 58.655 11.794999999999991 2
      vertex 60.855 11.804999999999996 2
      vertex 58.644999999999996 11.804999999999996 2
    endloop
  endfacet
  facet normal 0 0 1
    outer loop
      vertex 58.655 11.794999999999991 2
      vertex 60.855 11.794999999999991 2
      vertex 60.855 11.804999999999996 2
    endloop
  endfacet
  facet normal 0 0 -1
    outer loop
      vertex 60.855 9.604999999999997 0
      vertex 60.84499999999999 11.794999999999991 0
      vertex 60.855 11.804999999999996 0
    endloop
  endfacet
  facet normal 0 0 -1
    outer loop
      vertex 60.855 9.604999999999997 0
      vertex 63.05499999999999 11.804999999999996 0
      vertex 63.05499999999999 9.604999999999997 0
    endloop
  endfacet
  facet normal 0 0 -1
    outer loop
      vertex 60.855 9.604999999999997 0
      vertex 60.855 11.804999999999996 0
      vertex 63.05499999999999 11.804999999999996 0
    endloop
  endfacet
  facet normal 0 1 0
    outer loop
      vertex 60.855 11.804999999999996 0
      vertex 60.855 11.804999999999996 2
      vertex 63.05499999999999 11.804999999999996 0
    endloop
  endfacet
  facet normal 1 0 0
    outer loop
      vertex 63.05499999999999 9.604999999999997 0
      vertex 63.05499999999999 11.804999999999996 0
      vertex 63.05499999999999 11.804999999999996 2
    endloop
  endfacet
  facet normal 0 1 0
    outer loop
      vertex 63.05499999999999 11.804999999999996 0
      vertex 60.855 11.804999999999996 2
      vertex 63.05499999999999 11.804999999999996 2
    endloop
  endfacet
  facet normal 1 0 0
    outer loop
      vertex 63.05499999999999 9.604999999999997 0
      vertex 63.05499999999999 11.804999999999996 2
      vertex 63.05499999999999 9.604999999999997 2
    endloop
  endfacet
  facet normal 0 0 1
    outer loop
      vertex 60.855 9.594999999999995 2
      vertex 60.855 9.604999999999997 2
      vertex 60.84499999999999 9.605 2
    endloop
  endfacet
  facet normal 0 0 1
    outer loop
      vertex 60.84499999999999 9.605 2
      vertex 60.855 9.604999999999997 2
      vertex 60.855 11.794999999999991 2
    endloop
  endfacet
  facet normal 0 0 1
    outer loop
      vertex 60.855 9.604999999999997 2
      vertex 63.05499999999999 9.604999999999997 2
      vertex 60.855 11.794999999999991 2
    endloop
  endfacet
  facet normal 0 0 1
    outer loop
      vertex 60.855 11.794999999999991 2
      vertex 63.05499999999999 9.604999999999997 2
      vertex 63.05499999999999 11.804999999999996 2
    endloop
  endfacet
  facet normal 0 0 1
    outer loop
      vertex 60.855 11.794999999999991 2
      vertex 63.05499999999999 11.804999999999996 2
      vertex 60.855 11.804999999999996 2
    endloop
  endfacet
  facet normal 0 0 -1
    outer loop
      vertex 49.84499999999999 11.804999999999996 0
      vertex 49.84499999999999 14.004999999999995 0
      vertex 52.044999999999995 11.804999999999996 0
    endloop
  endfacet
  facet normal 0 0 -1
    outer loop
      vertex 52.044999999999995 11.804999999999996 0
      vertex 49.84499999999999 14.004999999999995 0
      vertex 52.044999999999995 14.004999999999995 0
    endloop
  endfacet
  facet normal 0 0 -1
    outer loop
      vertex 52.044999999999995 11.804999999999996 0
      vertex 52.05500000000038 11.804999999999994 0
      vertex 52.05 11.799999999999997 0
    endloop
  endfacet
  facet normal 0 0 -1
    outer loop
      vertex 52.044999999999995 11.794999999999996 0
      vertex 52.044999999999995 11.804999999999996 0
      vertex 52.05 11.799999999999997 0
    endloop
  endfacet
  facet normal 0 0 -1
    outer loop
      vertex 52.04499999991441 11.795000000000387 0
      vertex 52.044999999999995 11.804999999999996 0
      vertex 52.044999999999995 11.794999999999996 0
    endloop
  endfacet
  facet normal -1 0 0
    outer loop
      vertex 49.84499999999999 11.804999999999996 0
      vertex 49.84499999999999 14.004999999999995 2
      vertex 49.84499999999999 14.004999999999995 0
    endloop
  endfacet
  facet normal 0 1 0
    outer loop
      vertex 49.84499999999999 14.004999999999995 0
      vertex 52.044999999999995 14.004999999999995 2
      vertex 52.044999999999995 14.004999999999995 0
    endloop
  endfacet
  facet normal -1 0 0
    outer loop
      vertex 49.84499999999999 11.804999999999996 0
      vertex 49.84499999999999 11.804999999999996 2
      vertex 49.84499999999999 14.004999999999995 2
    endloop
  endfacet
  facet normal 0 0 1
    outer loop
      vertex 49.84499999999999 11.804999999999996 2
      vertex 52.044999999999995 11.804999999999994 2
      vertex 49.84499999999999 14.004999999999995 2
    endloop
  endfacet
  facet normal 0 0 1
    outer loop
      vertex 52.044999999999995 11.804999999999994 2
      vertex 52.044999999999995 14.004999999999995 2
      vertex 49.84499999999999 14.004999999999995 2
    endloop
  endfacet
  facet normal 0 0 1
    outer loop
      vertex 52.05 11.799999999999997 2
      vertex 52.05499999999999 11.804999999999996 2
      vertex 52.044999999999995 11.804999999999994 2
    endloop
  endfacet
  facet normal 0 1 0
    outer loop
      vertex 49.84499999999999 14.004999999999995 0
      vertex 49.84499999999999 14.004999999999995 2
      vertex 52.044999999999995 14.004999999999995 2
    endloop
  endfacet
  facet normal 0 0 -1
    outer loop
      vertex 52.044999999999995 11.804999999999996 0
      vertex 52.044999999999995 14.004999999999995 0
      vertex 52.05500000000038 11.804999999999994 0
    endloop
  endfacet
  facet normal 0 0 -1
    outer loop
      vertex 52.05500000000038 11.804999999999994 0
      vertex 52.044999999999995 14.004999999999995 0
      vertex 54.24499999991441 13.995000000000386 0
    endloop
  endfacet
  facet normal 0 0 -1
    outer loop
      vertex 52.05500000000038 11.804999999999994 0
      vertex 54.254999999999995 11.804999999999996 0
      vertex 54.245 11.794999999999996 0
    endloop
  endfacet
  facet normal 0 0 -1
    outer loop
      vertex 52.05500000000038 11.804999999999994 0
      vertex 54.245 13.994999999999996 0
      vertex 54.254999999999995 11.804999999999996 0
    endloop
  endfacet
  facet normal 0 0 -1
    outer loop
      vertex 52.05500000000038 11.804999999999994 0
      vertex 54.24499999991441 13.995000000000386 0
      vertex 54.245 13.994999999999996 0
    endloop
  endfacet
  facet normal 0 0 -1
    outer loop
      vertex 54.254999999999995 11.804999999999996 0
      vertex 54.245 13.994999999999996 0
      vertex 54.254999999999995 13.994999999999996 0
    endloop
  endfacet
  facet normal 0 0 -1
    outer loop
      vertex 54.245 13.994999999999996 0
      vertex 54.25 13.999999999999996 0
      vertex 54.254999999999995 13.994999999999996 0
    endloop
  endfacet
  facet normal 0 0 -1
    outer loop
      vertex 54.24499999991441 13.995000000000386 0
      vertex 52.044999999999995 14.004999999999995 0
      vertex 54.245 14.004999999999995 0
    endloop
  endfacet
  facet normal 0 0 1
    outer loop
      vertex 52.05499999999999 11.794999999999998 2
      vertex 52.05499999999999 11.804999999999996 2
      vertex 52.05 11.799999999999997 2
    endloop
  endfacet
  facet normal 0 0 1
    outer loop
      vertex 52.044999999999995 11.804999999999994 2
      vertex 52.05499999999999 11.804999999999996 2
      vertex 52.05499999999999 13.994999999999996 2
    endloop
  endfacet
  facet normal 0 0 1
    outer loop
      vertex 52.05499999999999 11.794999999999998 2
      vertex 54.245 11.804999999999996 2
      vertex 52.05499999999999 11.804999999999996 2
    endloop
  endfacet
  facet normal 0 0 1
    outer loop
      vertex 52.05499999999999 11.804999999999996 2
      vertex 54.245 11.804999999999996 2
      vertex 52.05499999999999 13.994999999999996 2
    endloop
  endfacet
  facet normal 0 0 1
    outer loop
      vertex 52.044999999999995 11.804999999999994 2
      vertex 52.05499999999999 13.994999999999996 2
      vertex 52.044999999999995 14.004999999999995 2
    endloop
  endfacet
  facet normal 0 0 1
    outer loop
      vertex 52.05499999999999 13.994999999999996 2
      vertex 54.245 11.804999999999996 2
      vertex 54.245 13.994999999999996 2
    endloop
  endfacet
  facet normal 0 0 1
    outer loop
      vertex 54.245 13.994999999999996 2
      vertex 54.25 13.999999999999996 2
      vertex 54.245 14.004999999999994 2
    endloop
  endfacet
  facet normal 0 0 -1
    outer loop
      vertex 54.254999999999995 11.804999999999996 0
      vertex 54.254999999999995 13.994999999999996 0
      vertex 56.455 14.004999999999994 0
    endloop
  endfacet
  facet normal 0 0 -1
    outer loop
      vertex 54.254999999999995 13.994999999999996 0
      vertex 54.25 13.999999999999996 0
      vertex 54.254999999999995 14.004999999999994 0
    endloop
  endfacet
  facet normal 0 0 -1
    outer loop
      vertex 54.254999999999995 11.804999999999996 0
      vertex 56.455 13.994999999999996 0
      vertex 56.455 11.804999999999996 0
    endloop
  endfacet
  facet normal 0 0 -1
    outer loop
      vertex 54.254999999999995 11.804999999999996 0
      vertex 56.455 14.004999999999994 0
      vertex 56.455 13.994999999999996 0
    endloop
  endfacet
  facet normal 1 0 0
    outer loop
      vertex 56.455 11.804999999999996 0
      vertex 56.455 13.994999999999996 0
      vertex 56.455 13.994999999999996 2
    endloop
  endfacet
  facet normal 0 0 1
    outer loop
      vertex 54.254999999999995 11.794999999999996 2
      vertex 54.254999999999995 11.804999999999996 2
      vertex 54.245 11.804999999999996 2
    endloop
  endfacet
  facet normal 0 0 1
    outer loop
      vertex 54.25500000008558 11.795000000000387 2
      vertex 54.254999999999995 11.804999999999996 2
      vertex 54.254999999999995 11.794999999999996 2
    endloop
  endfacet
  facet normal 0 0 1
    outer loop
      vertex 54.254999999999995 11.804999999999996 2
      vertex 54.254999999999995 13.994999999999997 2
      vertex 54.245 11.804999999999996 2
    endloop
  endfacet
  facet normal 0 0 1
    outer loop
      vertex 54.25500000008558 11.795000000000387 2
      vertex 54.254999999999995 11.794999999999996 2
      vertex 56.445 11.804954545454542 2
    endloop
  endfacet
  facet normal 0 0 1
    outer loop
      vertex 54.254999999999995 11.804999999999996 2
      vertex 56.455 11.804999999999996 2
      vertex 54.254999999999995 13.994999999999997 2
    endloop
  endfacet
  facet normal 0 0 1
    outer loop
      vertex 54.245 11.804999999999996 2
      vertex 54.254999999999995 13.994999999999997 2
      vertex 54.245 13.994999999999996 2
    endloop
  endfacet
  facet normal 0 0 1
    outer loop
      vertex 54.245 13.994999999999996 2
      vertex 54.254999999999995 13.994999999999997 2
      vertex 54.25 13.999999999999996 2
    endloop
  endfacet
  facet normal 0 0 1
    outer loop
      vertex 54.254999999999995 13.994999999999997 2
      vertex 56.455 11.804999999999996 2
      vertex 54.25500000008558 13.995000000000386 2
    endloop
  endfacet
  facet normal 0 0 1
    outer loop
      vertex 54.25500000008558 13.995000000000386 2
      vertex 56.445 14.004999999999995 2
      vertex 54.254999999999995 14.004999999999995 2
    endloop
  endfacet
  facet normal 1 0 0
    outer loop
      vertex 56.455 11.804999999999996 0
      vertex 56.455 13.994999999999996 2
      vertex 56.455 11.804999999999996 2
    endloop
  endfacet
  facet normal 0 0 1
    outer loop
      vertex 56.45495475113122 11.795045248868776 2
      vertex 56.455 11.804999999999996 2
      vertex 56.44504524886877 11.804954751131218 2
    endloop
  endfacet
  facet normal 0 0 1
    outer loop
      vertex 54.25500000008558 13.995000000000386 2
      vertex 56.455 11.804999999999996 2
      vertex 56.455 13.994999999999996 2
    endloop
  endfacet
  facet normal 0 0 1
    outer loop
      vertex 54.25500000008558 13.995000000000386 2
      vertex 56.455 14.004999999999995 2
      vertex 56.445 14.004999999999995 2
    endloop
  endfacet
  facet normal 0 0 1
    outer loop
      vertex 54.25500000008558 13.995000000000386 2
      vertex 56.455 13.994999999999996 2
      vertex 56.455 14.004999999999995 2
    endloop
  endfacet
  facet normal 0 0 -1
    outer loop
      vertex 52.044999999999995 14.004999999999995 0
      vertex 52.044999999999995 16.204999999999995 0
      vertex 54.245 14.004999999999995 0
    endloop
  endfacet
  facet normal 0 0 -1
    outer loop
      vertex 52.044999999999995 16.204999999999995 0
      vertex 54.245 16.204999999999995 0
      vertex 54.245 14.004999999999995 0
    endloop
  endfacet
  facet normal 0 0 -1
    outer loop
      vertex 54.245 14.004999999999995 0
      vertex 54.254999999999995 14.004999999999994 0
      vertex 54.25 13.999999999999996 0
    endloop
  endfacet
  facet normal 0 0 -1
    outer loop
      vertex 54.245 13.994999999999996 0
      vertex 54.245 14.004999999999995 0
      vertex 54.25 13.999999999999996 0
    endloop
  endfacet
  facet normal 0 0 -1
    outer loop
      vertex 54.24499999991441 13.995000000000386 0
      vertex 54.245 14.004999999999995 0
      vertex 54.245 13.994999999999996 0
    endloop
  endfacet
  facet normal -1 0 0
    outer loop
      vertex 52.044999999999995 14.004999999999995 0
      vertex 52.044999999999995 14.004999999999995 2
      vertex 52.044999999999995 16.204999999999995 0
    endloop
  endfacet
  facet normal 0 1 0
    outer loop
      vertex 52.044999999999995 16.204999999999995 0
      vertex 52.044999999999995 16.204999999999995 2
      vertex 54.245 16.204999999999995 0
    endloop
  endfacet
  facet normal -1 0 0
    outer loop
      vertex 52.044999999999995 16.204999999999995 0
      vertex 52.044999999999995 14.004999999999995 2
      vertex 52.044999999999995 16.204999999999995 2
    endloop
  endfacet
  facet normal 0 1 0
    outer loop
      vertex 54.245 16.204999999999995 0
      vertex 52.044999999999995 16.204999999999995 2
      vertex 54.245 16.204999999999995 2
    endloop
  endfacet
  facet normal 0 0 1
    outer loop
      vertex 52.05499999999999 13.994999999999996 2
      vertex 54.245 14.004999999999994 2
      vertex 52.044999999999995 14.004999999999995 2
    endloop
  endfacet
  facet normal 0 0 1
    outer loop
      vertex 52.044999999999995 14.004999999999995 2
      vertex 54.245 14.004999999999994 2
      vertex 52.044999999999995 16.204999999999995 2
    endloop
  endfacet
  facet normal 0 0 1
    outer loop
      vertex 52.05499999999999 13.994999999999996 2
      vertex 54.245 13.994999999999996 2
      vertex 54.245 14.004999999999994 2
    endloop
  endfacet
  facet normal 0 0 1
    outer loop
      vertex 52.044999999999995 16.204999999999995 2
      vertex 54.245 14.004999999999994 2
      vertex 54.245 16.204999999999995 2
    endloop
  endfacet
  facet normal 0 0 1
    outer loop
      vertex 54.25 13.999999999999996 2
      vertex 54.254999999999995 14.004999999999995 2
      vertex 54.245 14.004999999999994 2
    endloop
  endfacet
  facet normal 0 0 1
    outer loop
      vertex 54.245 14.004999999999994 2
      vertex 54.254999999999995 14.004999999999995 2
      vertex 54.254999999999995 16.194999999999997 2
    endloop
  endfacet
  facet normal 0 0 1
    outer loop
      vertex 54.245 14.004999999999994 2
      vertex 54.254999999999995 16.194999999999997 2
      vertex 54.245 16.204999999999995 2
    endloop
  endfacet
  facet normal 0 0 -1
    outer loop
      vertex 54.245 14.004999999999995 0
      vertex 54.245 16.204999999999995 0
      vertex 54.254999999999995 14.004999999999994 0
    endloop
  endfacet
  facet normal 0 0 -1
    outer loop
      vertex 54.254999999999995 13.994999999999996 0
      vertex 54.254999999999995 14.004999999999994 0
      vertex 56.455 14.004999999999994 0
    endloop
  endfacet
  facet normal 0 0 -1
    outer loop
      vertex 54.254999999999995 14.004999999999994 0
      vertex 54.245 16.204999999999995 0
      vertex 55.349999999999994 16.199977272727267 0
    endloop
  endfacet
  facet normal 0 0 -1
    outer loop
      vertex 54.254999999999995 14.004999999999994 0
      vertex 56.445 16.194999999999997 0
      vertex 56.455 14.004999999999994 0
    endloop
  endfacet
  facet normal 0 0 -1
    outer loop
      vertex 54.254999999999995 14.004999999999994 0
      vertex 55.349999999999994 16.199977272727267 0
      vertex 56.445 16.194999999999997 0
    endloop
  endfacet
  facet normal 0 0 -1
    outer loop
      vertex 54.245 16.204999999999995 0
      vertex 56.455 16.204999999999995 0
      vertex 55.349999999999994 16.199977272727267 0
    endloop
  endfacet
  facet normal 0 0 1
    outer loop
      vertex 54.254999999999995 13.994999999999997 2
      vertex 54.254999999999995 14.004999999999995 2
      vertex 54.25 13.999999999999996 2
    endloop
  endfacet
  facet normal 0 0 1
    outer loop
      vertex 54.254999999999995 13.994999999999997 2
      vertex 54.25500000008558 13.995000000000386 2
      vertex 54.254999999999995 14.004999999999995 2
    endloop
  endfacet
  facet normal 0 0 1
    outer loop
      vertex 54.254999999999995 14.004999999999995 2
      vertex 56.445 14.004999999999995 2
      vertex 54.254999999999995 16.194999999999997 2
    endloop
  endfacet
  facet normal 0 0 1
    outer loop
      vertex 54.254999999999995 16.194999999999997 2
      vertex 56.455 16.194999999999997 2
      vertex 54.245 16.204999999999995 2
    endloop
  endfacet
  facet normal 0 0 1
    outer loop
      vertex 54.254999999999995 16.194999999999997 2
      vertex 56.445 14.004999999999995 2
      vertex 56.455 16.194999999999997 2
    endloop
  endfacet
  facet normal 0 0 1
    outer loop
      vertex 54.245 16.204999999999995 2
      vertex 56.455 16.194999999999997 2
      vertex 56.445 16.204999999999995 2
    endloop
  endfacet
  facet normal 0 -1 0
    outer loop
      vertex 56.455 13.994999999999996 0
      vertex 58.655 13.994999999999996 0
      vertex 58.655 13.994999999999996 2
    endloop
  endfacet
  facet normal 0 0 -1
    outer loop
      vertex 56.455 14.004999999999994 0
      vertex 56.445 16.194999999999997 0
      vertex 56.455 16.194999999999997 0
    endloop
  endfacet
  facet normal 0 0 -1
    outer loop
      vertex 56.455 13.994999999999996 0
      vertex 56.455 14.004999999999994 0
      vertex 58.655 13.994999999999996 0
    endloop
  endfacet
  facet normal 0 0 -1
    outer loop
      vertex 56.455 14.004999999999994 0
      vertex 56.455 16.194999999999997 0
      vertex 58.645 16.194999999999997 0
    endloop
  endfacet
  facet normal 0 0 -1
    outer loop
      vertex 56.455 16.194999999999997 0
      vertex 56.455 16.204999999999995 0
      vertex 58.645 16.194999999999997 0
    endloop
  endfacet
  facet normal 0 0 -1
    outer loop
      vertex 58.655 13.994999999999996 0
      vertex 56.455 14.004999999999994 0
      vertex 58.645 16.194999999999997 0
    endloop
  endfacet
  facet normal 0 0 -1
    outer loop
      vertex 58.655 13.994999999999996 0
      vertex 58.645 16.194999999999997 0
      vertex 58.655 16.194999999999997 0
    endloop
  endfacet
  facet normal 0 0 -1
    outer loop
      vertex 58.645 16.19504545454545 0
      vertex 58.654954545454544 16.204999999999995 0
      vertex 58.64504524886878 16.195045248868773 0
    endloop
  endfacet
  facet normal 0 0 -1
    outer loop
      vertex 58.64504524886878 16.195045248868773 0
      vertex 58.654954545454544 16.204999999999995 0
      vertex 58.65495475113122 16.204954751131222 0
    endloop
  endfacet
  facet normal 1 0 0
    outer loop
      vertex 58.655 13.994999999999996 0
      vertex 58.655 16.194999999999997 0
      vertex 58.655 16.194999999999997 2
    endloop
  endfacet
  facet normal 0 -1 0
    outer loop
      vertex 56.455 13.994999999999996 0
      vertex 58.655 13.994999999999996 2
      vertex 56.455 13.994999999999996 2
    endloop
  endfacet
  facet normal 1 0 0
    outer loop
      vertex 58.655 13.994999999999996 0
      vertex 58.655 16.194999999999997 2
      vertex 58.655 13.994999999999996 2
    endloop
  endfacet
  facet normal 0 0 1
    outer loop
      vertex 56.445 14.004999999999995 2
      vertex 56.455 14.004999999999995 2
      vertex 56.455 16.194999999999997 2
    endloop
  endfacet
  facet normal 0 0 1
    outer loop
      vertex 56.455 13.994999999999996 2
      vertex 58.655 13.994999999999996 2
      vertex 56.455 14.004999999999995 2
    endloop
  endfacet
  facet normal 0 0 1
    outer loop
      vertex 58.655 13.994999999999996 2
      vertex 56.455 16.194999999999997 2
      vertex 56.455 14.004999999999995 2
    endloop
  endfacet
  facet normal 0 0 1
    outer loop
      vertex 58.655 13.994999999999996 2
      vertex 58.655 16.194999999999997 2
      vertex 56.455 16.194999999999997 2
    endloop
  endfacet
  facet normal 0 0 -1
    outer loop
      vertex 54.245 16.204999999999995 0
      vertex 54.245 18.404999999999998 0
      vertex 56.445 18.395 0
    endloop
  endfacet
  facet normal -1 0 0
    outer loop
      vertex 54.245 16.204999999999995 0
      vertex 54.245 18.404999999999998 2
      vertex 54.245 18.404999999999998 0
    endloop
  endfacet
  facet normal 0 1 0
    outer loop
      vertex 54.245 18.404999999999998 0
      vertex 54.245 18.404999999999998 2
      vertex 56.455 18.404999999999998 0
    endloop
  endfacet
  facet normal 0 0 -1
    outer loop
      vertex 54.245 16.204999999999995 0
      vertex 56.445 18.395 0
      vertex 56.455 16.204999999999995 0
    endloop
  endfacet
  facet normal 0 0 -1
    outer loop
      vertex 56.445 16.194999999999997 0
      vertex 55.349999999999994 16.199977272727267 0
      vertex 56.455 16.204999999999995 0
    endloop
  endfacet
  facet normal 0 0 -1
    outer loop
      vertex 56.445 16.194999999999997 0
      vertex 56.455 16.204999999999995 0
      vertex 56.455 16.194999999999997 0
    endloop
  endfacet
  facet normal 0 0 -1
    outer loop
      vertex 54.245 18.404999999999998 0
      vertex 56.455 18.404999999999998 0
      vertex 56.445 18.395 0
    endloop
  endfacet
  facet normal -1 0 0
    outer loop
      vertex 54.245 16.204999999999995 0
      vertex 54.245 16.204999999999995 2
      vertex 54.245 18.404999999999998 2
    endloop
  endfacet
  facet normal 0 0 1
    outer loop
      vertex 54.245 16.204999999999995 2
      vertex 56.445 16.204999999999995 2
      vertex 54.245 18.404999999999998 2
    endloop
  endfacet
  facet normal 0 1 0
    outer loop
      vertex 56.455 18.404999999999998 0
      vertex 54.245 18.404999999999998 2
      vertex 56.455 18.404999999999998 2
    endloop
  endfacet
  facet normal 0 0 1
    outer loop
      vertex 54.245 18.404999999999998 2
      vertex 56.445 16.204999999999995 2
      vertex 56.455 18.395 2
    endloop
  endfacet
  facet normal 0 0 1
    outer loop
      vertex 54.245 18.404999999999998 2
      vertex 56.455 18.395 2
      vertex 56.455 18.404999999999998 2
    endloop
  endfacet
  facet normal 0 0 -1
    outer loop
      vertex 56.455 16.204999999999995 0
      vertex 56.445 18.395 0
      vertex 58.644999999999996 18.394999999999992 0
    endloop
  endfacet
  facet normal 0 0 -1
    outer loop
      vertex 56.445 18.395 0
      vertex 56.455 18.404999999999998 0
      vertex 58.644999999999996 18.394999999999992 0
    endloop
  endfacet
  facet normal 0 0 -1
    outer loop
      vertex 58.645 16.194999999999997 0
      vertex 58.64504524886878 16.195045248868773 0
      vertex 58.655 16.194999999999997 0
    endloop
  endfacet
  facet normal 0 0 -1
    outer loop
      vertex 58.645 16.194999999999997 0
      vertex 58.645 16.19504545454545 0
      vertex 58.64504524886878 16.195045248868773 0
    endloop
  endfacet
  facet normal 0 0 -1
    outer loop
      vertex 56.455 16.204999999999995 0
      vertex 58.645 16.19504545454545 0
      vertex 58.645 16.194999999999997 0
    endloop
  endfacet
  facet normal 0 0 -1
    outer loop
      vertex 56.455 16.204999999999995 0
      vertex 58.644999999999996 18.394999999999992 0
      vertex 58.645 16.19504545454545 0
    endloop
  endfacet
  facet normal 0 0 -1
    outer loop
      vertex 58.655 16.194999999999997 0
      vertex 58.65495475113122 16.204954751131222 0
      vertex 58.655 16.204999999999995 0
    endloop
  endfacet
  facet normal 0 0 -1
    outer loop
      vertex 58.654954545454544 16.204999999999995 0
      vertex 58.655 16.204999999999995 0
      vertex 58.65495475113122 16.204954751131222 0
    endloop
  endfacet
  facet normal 0 0 -1
    outer loop
      vertex 58.645 16.19504545454545 0
      vertex 58.644999999999996 18.394999999999992 0
      vertex 58.654954545454544 16.204999999999995 0
    endloop
  endfacet
  facet normal 0 0 -1
    outer loop
      vertex 58.654954545454544 16.204999999999995 0
      vertex 58.64504545454545 18.395 0
      vertex 58.655 16.204999999999995 0
    endloop
  endfacet
  facet normal 0 0 -1
    outer loop
      vertex 58.644999999999996 18.394999999999992 0
      vertex 56.455 18.404999999999998 0
      vertex 58.644999999999996 18.404999999999998 0
    endloop
  endfacet
  facet normal 0 1 0
    outer loop
      vertex 56.455 18.404999999999998 0
      vertex 56.455 18.404999999999998 2
      vertex 58.644999999999996 18.404999999999998 0
    endloop
  endfacet
  facet normal 0 1 0
    outer loop
      vertex 58.644999999999996 18.404999999999998 0
      vertex 56.455 18.404999999999998 2
      vertex 58.644999999999996 18.404999999999998 2
    endloop
  endfacet
  facet normal 0 0 1
    outer loop
      vertex 56.455 16.194999999999997 2
      vertex 56.455 18.395 2
      vertex 56.445 16.204999999999995 2
    endloop
  endfacet
  facet normal 0 0 1
    outer loop
      vertex 56.455 16.194999999999997 2
      vertex 58.655 16.194999999999997 2
      vertex 56.455 18.395 2
    endloop
  endfacet
  facet normal 0 0 1
    outer loop
      vertex 56.455 18.395 2
      vertex 58.655 16.194999999999997 2
      vertex 58.654999999999994 18.395 2
    endloop
  endfacet
  facet normal 0 0 1
    outer loop
      vertex 56.455 18.395 2
      vertex 58.654999999999994 18.395 2
      vertex 58.644999999999996 18.404999999999998 2
    endloop
  endfacet
  facet normal 0 0 1
    outer loop
      vertex 56.455 18.395 2
      vertex 58.644999999999996 18.404999999999998 2
      vertex 56.455 18.404999999999998 2
    endloop
  endfacet
  facet normal 0 0 -1
    outer loop
      vertex 58.655 16.194999999999997 0
      vertex 60.84504524886877 16.195045248868773 0
      vertex 60.855 16.194999999999997 0
    endloop
  endfacet
  facet normal 0 0 -1
    outer loop
      vertex 58.64504524886878 16.195045248868773 0
      vertex 58.65495475113122 16.204954751131222 0
      vertex 58.655 16.194999999999997 0
    endloop
  endfacet
  facet normal 0 0 -1
    outer loop
      vertex 58.654954545454544 16.204999999999995 0
      vertex 58.644999999999996 18.394999999999992 0
      vertex 58.64504545454545 18.395 0
    endloop
  endfacet
  facet normal 0 0 -1
    outer loop
      vertex 58.644999999999996 18.394999999999992 0
      vertex 58.644999999999996 18.404999999999998 0
      vertex 58.64504545454545 18.395 0
    endloop
  endfacet
  facet normal 0 0 -1
    outer loop
      vertex 58.655 16.194999999999997 0
      vertex 58.655 16.204999999999995 0
      vertex 60.84504524886877 16.195045248868773 0
    endloop
  endfacet
  facet normal 0 0 -1
    outer loop
      vertex 58.655 16.204999999999995 0
      vertex 60.85495475113122 16.204954751131222 0
      vertex 60.84504524886877 16.195045248868773 0
    endloop
  endfacet
  facet normal 0 0 -1
    outer loop
      vertex 58.655 16.204999999999995 0
      vertex 60.845 18.395 0
      vertex 60.85495475113122 16.204954751131222 0
    endloop
  endfacet
  facet normal 0 0 -1
    outer loop
      vertex 58.655 16.204999999999995 0
      vertex 58.64504545454545 18.395 0
      vertex 60.845 18.395 0
    endloop
  endfacet
  facet normal 0 0 -1
    outer loop
      vertex 58.64504545454545 18.395 0
      vertex 58.644999999999996 18.404999999999998 0
      vertex 60.845 18.395 0
    endloop
  endfacet
  facet normal 0 0 -1
    outer loop
      vertex 58.654999999999994 18.404999999999998 0
      vertex 60.845 18.395 0
      vertex 58.644999999999996 18.404999999999998 0
    endloop
  endfacet
  facet normal 0 0 -1
    outer loop
      vertex 58.654999999999994 18.404999999999998 0
      vertex 60.84499999999999 18.404954751131218 0
      vertex 60.845 18.395 0
    endloop
  endfacet
  facet normal 0 0 -1
    outer loop
      vertex 60.84499999999999 18.404954751131218 0
      vertex 60.84499999999999 18.404999999999998 0
      vertex 60.849999999999994 18.4 0
    endloop
  endfacet
  facet normal 0 0 -1
    outer loop
      vertex 60.845 18.395 0
      vertex 60.84499999999999 18.404954751131218 0
      vertex 60.849999999999994 18.4 0
    endloop
  endfacet
  facet normal 0 -1 0
    outer loop
      vertex 58.655 16.194999999999997 0
      vertex 60.855 16.194999999999997 0
      vertex 58.655 16.194999999999997 2
    endloop
  endfacet
  facet normal 0 -1 0
    outer loop
      vertex 60.855 16.194999999999997 0
      vertex 60.855 16.194999999999997 2
      vertex 58.655 16.194999999999997 2
    endloop
  endfacet
  facet normal 0 0 1
    outer loop
      vertex 58.655 16.194999999999997 2
      vertex 60.84499999999999 16.205000000000002 2
      vertex 58.654999999999994 18.395 2
    endloop
  endfacet
  facet normal 0 0 1
    outer loop
      vertex 58.655 16.194999999999997 2
      vertex 60.855 16.194999999999997 2
      vertex 60.84499999999999 16.205000000000002 2
    endloop
  endfacet
  facet normal 0 0 1
    outer loop
      vertex 58.654999999999994 18.395 2
      vertex 60.84499999999999 16.205000000000002 2
      vertex 60.84504524886877 18.395 2
    endloop
  endfacet
  facet normal 0 0 1
    outer loop
      vertex 58.654999999999994 18.395 2
      vertex 60.84504524886877 18.395 2
      vertex 60.84499999999999 18.405000000000005 2
    endloop
  endfacet
  facet normal 0 0 1
    outer loop
      vertex 58.654999999999994 18.395 2
      vertex 60.84499999999999 18.405000000000005 2
      vertex 58.644999999999996 18.404999999999998 2
    endloop
  endfacet
  facet normal 0 0 1
    outer loop
      vertex 60.85001133786847 17.29749433106615 2
      vertex 60.855 18.394999999999992 2
      vertex 60.84504524886877 18.395 2
    endloop
  endfacet
  facet normal 0 0 1
    outer loop
      vertex 60.84504524886877 18.395 2
      vertex 60.855 18.394999999999992 2
      vertex 60.849999999999994 18.4 2
    endloop
  endfacet
  facet normal 0 0 -1
    outer loop
      vertex 60.84504524886877 16.195045248868773 0
      vertex 60.85495475113122 16.204954751131222 0
      vertex 60.855 16.194999999999997 0
    endloop
  endfacet
  facet normal 0 0 -1
    outer loop
      vertex 60.855 16.194999999999997 0
      vertex 60.85495475113122 16.204954751131222 0
      vertex 63.05499999999999 16.194999999999997 0
    endloop
  endfacet
  facet normal 0 0 -1
    outer loop
      vertex 60.85495475113122 16.204954751131222 0
      vertex 63.05499999999999 18.395 0
      vertex 63.05499999999999 16.194999999999997 0
    endloop
  endfacet
  facet normal 0 0 -1
    outer loop
      vertex 60.85495475113122 16.204954751131222 0
      vertex 60.845 18.395 0
      vertex 63.05499999999999 18.395 0
    endloop
  endfacet
  facet normal 0 -1 0
    outer loop
      vertex 60.855 16.194999999999997 0
      vertex 63.05499999999999 16.194999999999997 0
      vertex 63.05499999999999 16.194999999999997 2
    endloop
  endfacet
  facet normal 1 0 0
    outer loop
      vertex 63.05499999999999 16.194999999999997 0
      vertex 63.05499999999999 18.395 0
      vertex 63.05499999999999 18.395 2
    endloop
  endfacet
  facet normal 0 -1 0
    outer loop
      vertex 60.855 16.194999999999997 0
      vertex 63.05499999999999 16.194999999999997 2
      vertex 60.855 16.194999999999997 2
    endloop
  endfacet
  facet normal 1 0 0
    outer loop
      vertex 63.05499999999999 16.194999999999997 0
      vertex 63.05499999999999 18.395 2
      vertex 63.05499999999999 16.194999999999997 2
    endloop
  endfacet
  facet normal 0 0 1
    outer loop
      vertex 60.855 16.194999999999997 2
      vertex 60.85001133786847 17.29749433106615 2
      vertex 60.84499999999999 16.205000000000002 2
    endloop
  endfacet
  facet normal 0 0 1
    outer loop
      vertex 60.84499999999999 16.205000000000002 2
      vertex 60.85001133786847 17.29749433106615 2
      vertex 60.84504524886877 18.395 2
    endloop
  endfacet
  facet normal 0 0 1
    outer loop
      vertex 60.855 16.194999999999997 2
      vertex 63.05499999999999 16.194999999999997 2
      vertex 60.85001133786847 17.29749433106615 2
    endloop
  endfacet
  facet normal 0 0 1
    outer loop
      vertex 60.85001133786847 17.29749433106615 2
      vertex 63.05499999999999 16.194999999999997 2
      vertex 60.855 18.394999999999992 2
    endloop
  endfacet
  facet normal 0 0 1
    outer loop
      vertex 60.855 18.394999999999992 2
      vertex 63.05499999999999 16.194999999999997 2
      vertex 63.05499999999999 18.395 2
    endloop
  endfacet
  facet normal 0 0 1
    outer loop
      vertex 60.855 18.394999999999992 2
      vertex 63.05499999999999 18.395 2
      vertex 63.044999999999995 18.404999999999998 2
    endloop
  endfacet
  facet normal 0 0 1
    outer loop
      vertex 60.855 18.394999999999992 2
      vertex 60.85495475113122 18.404999999999998 2
      vertex 60.849999999999994 18.4 2
    endloop
  endfacet
  facet normal 0 0 -1
    outer loop
      vertex 58.654999999999994 18.404999999999998 0
      vertex 58.644999999999996 18.404999999999998 0
      vertex 58.644999999999996 20.605 0
    endloop
  endfacet
  facet normal 0 0 -1
    outer loop
      vertex 58.654999999999994 18.404999999999998 0
      vertex 58.644999999999996 20.605 0
      vertex 60.84499999999999 18.404999999999998 0
    endloop
  endfacet
  facet normal 0 0 -1
    outer loop
      vertex 58.654999999999994 18.404999999999998 0
      vertex 60.84499999999999 18.404999999999998 0
      vertex 60.84499999999999 18.404954751131218 0
    endloop
  endfacet
  facet normal 0 0 -1
    outer loop
      vertex 58.644999999999996 20.605 0
      vertex 60.84499999999999 20.605 0
      vertex 60.84499999999999 18.404999999999998 0
    endloop
  endfacet
  facet normal 0 0 -1
    outer loop
      vertex 60.84499999999999 18.404999999999998 0
      vertex 60.85499999999999 18.40499999999999 0
      vertex 60.849999999999994 18.4 0
    endloop
  endfacet
  facet normal 0 0 -1
    outer loop
      vertex 60.84499999999999 18.404999999999998 0
      vertex 60.854999999998434 18.405000000342337 0
      vertex 60.85499999999999 18.40499999999999 0
    endloop
  endfacet
  facet normal -1 0 0
    outer loop
      vertex 58.644999999999996 18.404999999999998 0
      vertex 58.644999999999996 20.605 2
      vertex 58.644999999999996 20.605 0
    endloop
  endfacet
  facet normal 0 1 0
    outer loop
      vertex 58.644999999999996 20.605 0
      vertex 60.84499999999999 20.605 2
      vertex 60.84499999999999 20.605 0
    endloop
  endfacet
  facet normal -1 0 0
    outer loop
      vertex 58.644999999999996 18.404999999999998 0
      vertex 58.644999999999996 18.404999999999998 2
      vertex 58.644999999999996 20.605 2
    endloop
  endfacet
  facet normal 0 1 0
    outer loop
      vertex 58.644999999999996 20.605 0
      vertex 58.644999999999996 20.605 2
      vertex 60.84499999999999 20.605 2
    endloop
  endfacet
  facet normal 0 0 1
    outer loop
      vertex 58.644999999999996 18.404999999999998 2
      vertex 60.84499999999999 18.405000000000005 2
      vertex 58.644999999999996 20.605 2
    endloop
  endfacet
  facet normal 0 0 1
    outer loop
      vertex 58.644999999999996 20.605 2
      vertex 60.84499999999999 18.405000000000005 2
      vertex 60.84499999999999 20.605 2
    endloop
  endfacet
  facet normal 0 0 1
    outer loop
      vertex 60.84504524886877 18.395 2
      vertex 60.849999999999994 18.4 2
      vertex 60.84499999999999 18.405000000000005 2
    endloop
  endfacet
  facet normal 0 0 1
    outer loop
      vertex 60.85495475113122 18.404999999999998 2
      vertex 60.855 20.594999999999995 2
      vertex 60.84499999999999 20.605 2
    endloop
  endfacet
  facet normal 0 0 -1
    outer loop
      vertex 60.845 18.395 0
      vertex 60.849999999999994 18.4 0
      vertex 63.05499999999999 18.395 0
    endloop
  endfacet
  facet normal 0 0 -1
    outer loop
      vertex 60.84499999999999 18.404999999999998 0
      vertex 60.84499999999999 20.605 0
      vertex 60.854999999998434 18.405000000342337 0
    endloop
  endfacet
  facet normal 0 0 -1
    outer loop
      vertex 63.05499999999999 18.395 0
      vertex 60.849999999999994 18.4 0
      vertex 60.85499999999999 18.40499999999999 0
    endloop
  endfacet
  facet normal 0 0 -1
    outer loop
      vertex 60.854999999998434 18.405000000342337 0
      vertex 63.044999999999995 20.595 0
      vertex 60.85499999999999 18.40499999999999 0
    endloop
  endfacet
  facet normal 0 0 -1
    outer loop
      vertex 63.05499999999999 18.395 0
      vertex 60.85499999999999 18.40499999999999 0
      vertex 63.044999999999995 20.595 0
    endloop
  endfacet
  facet normal 0 0 -1
    outer loop
      vertex 60.854999999998434 18.405000000342337 0
      vertex 60.84499999999999 20.605 0
      vertex 63.044999999828825 20.59500000000078 0
    endloop
  endfacet
  facet normal 0 0 -1
    outer loop
      vertex 60.854999999998434 18.405000000342337 0
      vertex 63.044999999828825 20.59500000000078 0
      vertex 63.044999999999995 20.595 0
    endloop
  endfacet
  facet normal 0 0 -1
    outer loop
      vertex 60.84499999999999 20.605 0
      vertex 63.044999999999995 20.605 0
      vertex 63.044999999828825 20.59500000000078 0
    endloop
  endfacet
  facet normal 0 0 -1
    outer loop
      vertex 63.05499999999999 18.395 0
      vertex 63.044999999999995 20.595 0
      vertex 63.05499999999999 20.595 0
    endloop
  endfacet
  facet normal 0 0 -1
    outer loop
      vertex 63.044999999999995 20.595 0
      vertex 63.05 20.6 0
      vertex 63.05499999999999 20.595 0
    endloop
  endfacet
  facet normal 0 0 1
    outer loop
      vertex 60.84499999999999 18.405000000000005 2
      vertex 60.849999999999994 18.4 2
      vertex 60.85495475113122 18.404999999999998 2
    endloop
  endfacet
  facet normal 0 0 1
    outer loop
      vertex 60.84499999999999 18.405000000000005 2
      vertex 60.85495475113122 18.404999999999998 2
      vertex 60.84499999999999 20.605 2
    endloop
  endfacet
  facet normal 0 0 1
    outer loop
      vertex 60.855 18.394999999999992 2
      vertex 63.044999999999995 18.404999999999998 2
      vertex 60.85495475113122 18.404999999999998 2
    endloop
  endfacet
  facet normal 0 0 1
    outer loop
      vertex 60.85495475113122 18.404999999999998 2
      vertex 63.044999999999995 18.404999999999998 2
      vertex 60.855 20.594999999999995 2
    endloop
  endfacet
  facet normal 0 0 1
    outer loop
      vertex 60.855 20.594999999999995 2
      vertex 63.044999999999995 20.59504524886878 2
      vertex 60.84499999999999 20.605 2
    endloop
  endfacet
  facet normal 0 0 1
    outer loop
      vertex 60.855 20.594999999999995 2
      vertex 63.044999999999995 18.404999999999998 2
      vertex 63.044999999999995 20.59504524886878 2
    endloop
  endfacet
  facet normal 0 0 1
    outer loop
      vertex 60.84499999999999 20.605 2
      vertex 63.044999999999995 20.59504524886878 2
      vertex 63.044999999999995 20.604999999999997 2
    endloop
  endfacet
  facet normal 0 0 1
    outer loop
      vertex 63.05499999999999 18.395 2
      vertex 63.05499999999999 20.595000000000002 2
      vertex 63.044999999999995 18.404999999999998 2
    endloop
  endfacet
  facet normal 0 0 1
    outer loop
      vertex 63.044999999999995 18.404999999999998 2
      vertex 63.05499999999999 20.595000000000002 2
      vertex 63.044999999999995 20.59504524886878 2
    endloop
  endfacet
  facet normal 0 0 1
    outer loop
      vertex 63.044999999999995 20.59504524886878 2
      vertex 63.05 20.6 2
      vertex 63.044999999999995 20.604999999999997 2
    endloop
  endfacet
  facet normal 0 0 -1
    outer loop
      vertex 63.05499999999999 18.395 0
      vertex 63.05499999999999 20.595 0
      vertex 65.255 18.395 0
    endloop
  endfacet
  facet normal 0 0 -1
    outer loop
      vertex 63.05499999999999 20.595 0
      vertex 65.255 20.595 0
      vertex 65.255 18.395 0
    endloop
  endfacet
  facet normal 0 0 -1
    outer loop
      vertex 63.05499999999999 20.595 0
      vertex 63.05 20.6 0
      vertex 63.05499999999999 20.605 0
    endloop
  endfacet
  facet normal 0 0 -1
    outer loop
      vertex 63.05499999999999 20.595 0
      vertex 63.05499999999999 20.605 0
      vertex 63.05500000017116 20.60499999999922 0
    endloop
  endfacet
  facet normal 0 -1 0
    outer loop
      vertex 63.05499999999999 18.395 0
      vertex 65.255 18.395 0
      vertex 63.05499999999999 18.395 2
    endloop
  endfacet
  facet normal 0 -1 0
    outer loop
      vertex 63.05499999999999 18.395 2
      vertex 65.255 18.395 0
      vertex 65.255 18.395 2
    endloop
  endfacet
  facet normal 0 0 1
    outer loop
      vertex 63.05499999999999 18.395 2
      vertex 65.255 18.395 2
      vertex 63.05499999999999 20.595000000000002 2
    endloop
  endfacet
  facet normal 0 0 1
    outer loop
      vertex 63.044999999999995 20.59504524886878 2
      vertex 63.05499999999999 20.595000000000002 2
      vertex 63.05 20.6 2
    endloop
  endfacet
  facet normal 0 0 1
    outer loop
      vertex 63.05499999999999 20.595000000000002 2
      vertex 65.255 18.395 2
      vertex 65.255 20.595 2
    endloop
  endfacet
  facet normal 0 0 1
    outer loop
      vertex 63.05499999999999 20.60495475113122 2
      vertex 65.255 20.595 2
      vertex 65.24499999999999 20.605 2
    endloop
  endfacet
  facet normal 1 0 0
    outer loop
      vertex 65.255 18.395 0
      vertex 65.255 20.595 0
      vertex 65.255 18.395 2
    endloop
  endfacet
  facet normal 1 0 0
    outer loop
      vertex 65.255 20.595 0
      vertex 65.255 20.595 2
      vertex 65.255 18.395 2
    endloop
  endfacet
  facet normal 0 0 -1
    outer loop
      vertex 60.84499999999999 20.605 0
      vertex 63.05499999999999 22.805 0
      vertex 63.044999999999995 20.605 0
    endloop
  endfacet
  facet normal 0 0 -1
    outer loop
      vertex 60.84499999999999 20.605 0
      vertex 60.84499999999999 22.805 0
      vertex 63.044999999999995 22.805 0
    endloop
  endfacet
  facet normal 0 0 -1
    outer loop
      vertex 60.84499999999999 20.605 0
      vertex 63.044999999999995 22.805 0
      vertex 63.05499999999999 22.805 0
    endloop
  endfacet
  facet normal 0 0 -1
    outer loop
      vertex 63.044999999999995 20.595 0
      vertex 63.044999999828825 20.59500000000078 0
      vertex 63.044999999999995 20.605 0
    endloop
  endfacet
  facet normal 0 0 -1
    outer loop
      vertex 63.044999999999995 20.605 0
      vertex 63.05499999999999 20.605 0
      vertex 63.05 20.6 0
    endloop
  endfacet
  facet normal 0 0 -1
    outer loop
      vertex 63.044999999999995 20.595 0
      vertex 63.044999999999995 20.605 0
      vertex 63.05 20.6 0
    endloop
  endfacet
  facet normal 0 0 -1
    outer loop
      vertex 63.044999999999995 20.605 0
      vertex 63.05499999999999 22.805 0
      vertex 63.05499999999999 20.605 0
    endloop
  endfacet
  facet normal -1 0 0
    outer loop
      vertex 60.84499999999999 20.605 0
      vertex 60.84499999999999 20.605 2
      vertex 60.84499999999999 22.805 0
    endloop
  endfacet
  facet normal -1 0 0
    outer loop
      vertex 60.84499999999999 20.605 2
      vertex 60.84499999999999 22.805 2
      vertex 60.84499999999999 22.805 0
    endloop
  endfacet
  facet normal 0 0 1
    outer loop
      vertex 60.84499999999999 20.605 2
      vertex 63.044999999999995 20.604999999999997 2
      vertex 60.84499999999999 22.805 2
    endloop
  endfacet
  facet normal 0 0 1
    outer loop
      vertex 63.044999999999995 20.604999999999997 2
      vertex 63.044999999999995 22.805 2
      vertex 60.84499999999999 22.805 2
    endloop
  endfacet
  facet normal 0 0 1
    outer loop
      vertex 63.044999999999995 20.604999999999997 2
      vertex 63.05 20.6 2
      vertex 63.05499999999999 20.60495475113122 2
    endloop
  endfacet
  facet normal 0 0 1
    outer loop
      vertex 63.044999999999995 20.604999999999997 2
      vertex 63.05499999999999 22.795 2
      vertex 63.044999999999995 22.805 2
    endloop
  endfacet
  facet normal 0 1 0
    outer loop
      vertex 60.84499999999999 22.805 0
      vertex 60.84499999999999 22.805 2
      vertex 63.044999999999995 22.805 0
    endloop
  endfacet
  facet normal 0 1 0
    outer loop
      vertex 63.044999999999995 22.805 0
      vertex 60.84499999999999 22.805 2
      vertex 63.044999999999995 22.805 2
    endloop
  endfacet
  facet normal 0 0 1
    outer loop
      vertex 63.05499999999999 22.795 2
      vertex 63.05499999999999 22.80495475113122 2
      vertex 63.044999999999995 22.805 2
    endloop
  endfacet
  facet normal 0 0 -1
    outer loop
      vertex 63.05499999999999 20.595 0
      vertex 63.05500000017116 20.60499999999922 0
      vertex 65.255 20.595 0
    endloop
  endfacet
  facet normal 0 0 -1
    outer loop
      vertex 63.05500000017116 20.60499999999922 0
      vertex 63.05499999999999 20.605 0
      vertex 65.245 22.794999999999998 0
    endloop
  endfacet
  facet normal 0 0 -1
    outer loop
      vertex 63.05499999999999 20.605 0
      vertex 63.05499999999999 22.805 0
      vertex 65.245 22.794999999999998 0
    endloop
  endfacet
  facet normal 0 0 -1
    outer loop
      vertex 63.05500000017116 20.60499999999922 0
      vertex 65.245 22.794999999999998 0
      vertex 65.255 20.595 0
    endloop
  endfacet
  facet normal 0 0 1
    outer loop
      vertex 63.05499999999999 20.595000000000002 2
      vertex 65.255 20.595 2
      vertex 63.05499999999999 20.60495475113122 2
    endloop
  endfacet
  facet normal 0 0 1
    outer loop
      vertex 63.05499999999999 20.595000000000002 2
      vertex 63.05499999999999 20.60495475113122 2
      vertex 63.05 20.6 2
    endloop
  endfacet
  facet normal 0 0 1
    outer loop
      vertex 63.044999999999995 20.604999999999997 2
      vertex 63.05499999999999 20.60495475113122 2
      vertex 63.05499999999999 22.795 2
    endloop
  endfacet
  facet normal 0 0 1
    outer loop
      vertex 63.05499999999999 20.60495475113122 2
      vertex 65.24499999999999 20.605 2
      vertex 63.05499999999999 22.795 2
    endloop
  endfacet
  facet normal 0 0 1
    outer loop
      vertex 63.05499999999999 22.795 2
      vertex 65.255 22.794999999999998 2
      vertex 63.05499999999999 22.80495475113122 2
    endloop
  endfacet
  facet normal 0 0 1
    outer loop
      vertex 63.05499999999999 22.795 2
      vertex 65.24499999999999 20.605 2
      vertex 65.255 22.794999999999998 2
    endloop
  endfacet
  facet normal 0 0 -1
    outer loop
      vertex 65.245 22.794999999999998 0
      vertex 65.255 20.60499999999999 0
      vertex 65.255 20.595 0
    endloop
  endfacet
  facet normal 0 0 1
    outer loop
      vertex 65.24499999999999 20.605 2
      vertex 65.255 20.595 2
      vertex 65.255 22.794999999999998 2
    endloop
  endfacet
  facet normal 0 0 -1
    outer loop
      vertex 65.255 20.595 0
      vertex 65.255 20.60499999999999 0
      vertex 67.455 20.595 0
    endloop
  endfacet
  facet normal 0 0 -1
    outer loop
      vertex 65.245 22.794999999999998 0
      vertex 65.255 22.795045248868778 0
      vertex 65.255 20.60499999999999 0
    endloop
  endfacet
  facet normal 0 0 -1
    outer loop
      vertex 65.255 20.60499999999999 0
      vertex 65.255 22.795045248868778 0
      vertex 67.44500000000001 22.79500000000001 0
    endloop
  endfacet
  facet normal 0 0 -1
    outer loop
      vertex 67.455 20.595 0
      vertex 65.255 20.60499999999999 0
      vertex 67.44500000000001 22.79500000000001 0
    endloop
  endfacet
  facet normal 0 0 -1
    outer loop
      vertex 65.255 22.795045248868778 0
      vertex 67.44504504504505 22.804954954954955 0
      vertex 67.44500000000001 22.79500000000001 0
    endloop
  endfacet
  facet normal 0 0 -1
    outer loop
      vertex 67.455 20.595 0
      vertex 67.44500000000001 22.79500000000001 0
      vertex 67.455 22.794999999999998 0
    endloop
  endfacet
  facet normal 0 0 -1
    outer loop
      vertex 67.44500000000001 22.79500000000001 0
      vertex 67.455 22.80499999999999 0
      vertex 67.455 22.794999999999998 0
    endloop
  endfacet
  facet normal 0 -1 0
    outer loop
      vertex 65.255 20.595 0
      vertex 67.455 20.595 0
      vertex 67.455 20.595 2
    endloop
  endfacet
  facet normal 1 0 0
    outer loop
      vertex 67.455 20.595 0
      vertex 67.455 22.794999999999998 0
      vertex 67.455 22.794999999999998 2
    endloop
  endfacet
  facet normal 0 -1 0
    outer loop
      vertex 65.255 20.595 0
      vertex 67.455 20.595 2
      vertex 65.255 20.595 2
    endloop
  endfacet
  facet normal 1 0 0
    outer loop
      vertex 67.455 20.595 0
      vertex 67.455 22.794999999999998 2
      vertex 67.455 20.595 2
    endloop
  endfacet
  facet normal 0 0 1
    outer loop
      vertex 65.255 20.595 2
      vertex 67.455 20.595 2
      vertex 65.255 22.794999999999998 2
    endloop
  endfacet
  facet normal 0 0 1
    outer loop
      vertex 67.455 20.595 2
      vertex 67.44500000000001 22.805000000003112 2
      vertex 65.255 22.794999999999998 2
    endloop
  endfacet
  facet normal 0 0 1
    outer loop
      vertex 67.455 20.595 2
      vertex 67.455 22.794999999999998 2
      vertex 67.44500000000001 22.805000000003112 2
    endloop
  endfacet
  facet normal 0 0 -1
    outer loop
      vertex 63.044999999999995 22.805 0
      vertex 63.044999999999995 25.005 0
      vertex 63.05499999999999 22.805 0
    endloop
  endfacet
  facet normal 0 0 -1
    outer loop
      vertex 63.05499999999999 22.805 0
      vertex 63.044999999999995 25.005 0
      vertex 65.245 24.995000000000008 0
    endloop
  endfacet
  facet normal 0 0 -1
    outer loop
      vertex 65.245 22.794999999999998 0
      vertex 63.05499999999999 22.805 0
      vertex 65.245 24.995000000000008 0
    endloop
  endfacet
  facet normal 0 0 -1
    outer loop
      vertex 65.245 24.995000000000008 0
      vertex 63.044999999999995 25.005 0
      vertex 65.245 25.005 0
    endloop
  endfacet
  facet normal 0 0 -1
    outer loop
      vertex 65.245 24.995000000000008 0
      vertex 65.245 25.005 0
      vertex 65.255 25.00499999999686 0
    endloop
  endfacet
  facet normal -1 0 0
    outer loop
      vertex 63.044999999999995 22.805 0
      vertex 63.044999999999995 22.805 2
      vertex 63.044999999999995 25.005 0
    endloop
  endfacet
  facet normal 0 1 0
    outer loop
      vertex 63.044999999999995 25.005 0
      vertex 65.245 25.005 2
      vertex 65.245 25.005 0
    endloop
  endfacet
  facet normal -1 0 0
    outer loop
      vertex 63.044999999999995 25.005 0
      vertex 63.044999999999995 22.805 2
      vertex 63.044999999999995 25.005 2
    endloop
  endfacet
  facet normal 0 1 0
    outer loop
      vertex 63.044999999999995 25.005 0
      vertex 63.044999999999995 25.005 2
      vertex 65.245 25.005 2
    endloop
  endfacet
  facet normal 0 0 1
    outer loop
      vertex 63.044999999999995 22.805 2
      vertex 63.05499999999999 22.80495475113122 2
      vertex 63.044999999999995 25.005 2
    endloop
  endfacet
  facet normal 0 0 1
    outer loop
      vertex 63.05499999999999 22.80495475113122 2
      vertex 65.255 22.794999999999998 2
      vertex 63.044999999999995 25.005 2
    endloop
  endfacet
  facet normal 0 0 1
    outer loop
      vertex 63.044999999999995 25.005 2
      vertex 65.255 22.794999999999998 2
      vertex 65.245 25.005 2
    endloop
  endfacet
  facet normal 0 0 -1
    outer loop
      vertex 65.245 22.794999999999998 0
      vertex 65.255 25.00499999999686 0
      vertex 65.255 22.795045248868778 0
    endloop
  endfacet
  facet normal 0 0 1
    outer loop
      vertex 65.245 25.005 2
      vertex 65.255 22.794999999999998 2
      vertex 65.255 25.00495475113122 2
    endloop
  endfacet
  facet normal 0 0 -1
    outer loop
      vertex 65.245 22.794999999999998 0
      vertex 65.245 24.995000000000008 0
      vertex 65.255 25.00499999999686 0
    endloop
  endfacet
  facet normal 0 0 -1
    outer loop
      vertex 65.255 22.795045248868778 0
      vertex 65.255 25.00499999999686 0
      vertex 67.44504504504505 22.804954954954955 0
    endloop
  endfacet
  facet normal 0 0 -1
    outer loop
      vertex 67.44504504504505 22.804954954954955 0
      vertex 65.255 25.00499999999686 0
      vertex 67.445 24.994999999999997 0
    endloop
  endfacet
  facet normal 0 0 -1
    outer loop
      vertex 67.44504504504505 22.804954954954955 0
      vertex 67.445 24.994999999999997 0
      vertex 67.45495475113124 24.994999999999997 0
    endloop
  endfacet
  facet normal 0 0 1
    outer loop
      vertex 65.255 22.794999999999998 2
      vertex 67.44500000000001 24.995045248868777 2
      vertex 65.255 25.00495475113122 2
    endloop
  endfacet
  facet normal 0 0 1
    outer loop
      vertex 65.255 22.794999999999998 2
      vertex 67.44500000000001 22.805000000003112 2
      vertex 67.44500000000001 24.995045248868777 2
    endloop
  endfacet
  facet normal 0 0 -1
    outer loop
      vertex 67.455 22.794999999999998 0
      vertex 69.65495475113123 22.80495475113121 0
      vertex 69.655 22.794999999999998 0
    endloop
  endfacet
  facet normal 0 -1 0
    outer loop
      vertex 67.455 22.794999999999998 0
      vertex 69.655 22.794999999999998 0
      vertex 67.455 22.794999999999998 2
    endloop
  endfacet
  facet normal 0 -1 0
    outer loop
      vertex 69.655 22.794999999999998 0
      vertex 69.655 22.794999999999998 2
      vertex 67.455 22.794999999999998 2
    endloop
  endfacet
  facet normal 0 0 1
    outer loop
      vertex 67.455 22.794999999999998 2
      vertex 69.655 22.794999999999998 2
      vertex 69.64500000000001 22.80499999999999 2
    endloop
  endfacet
  facet normal 0 0 -1
    outer loop
      vertex 67.44500000000001 22.79500000000001 0
      vertex 67.44504504504505 22.804954954954955 0
      vertex 67.455 22.80499999999999 0
    endloop
  endfacet
  facet normal 0 0 -1
    outer loop
      vertex 67.44504504504505 22.804954954954955 0
      vertex 67.45495475113124 24.994999999999997 0
      vertex 67.455 22.80499999999999 0
    endloop
  endfacet
  facet normal 0 0 -1
    outer loop
      vertex 67.455 22.80499999999999 0
      vertex 67.45495475113124 24.994999999999997 0
      vertex 67.45500000000001 25.005 0
    endloop
  endfacet
  facet normal 0 0 -1
    outer loop
      vertex 67.45495475113124 24.994999999999997 0
      vertex 67.44504545454545 25.005 0
      vertex 67.45500000000001 25.005 0
    endloop
  endfacet
  facet normal 0 0 -1
    outer loop
      vertex 67.455 22.794999999999998 0
      vertex 67.455 22.80499999999999 0
      vertex 69.65495475113123 22.80495475113121 0
    endloop
  endfacet
  facet normal 0 0 -1
    outer loop
      vertex 67.455 22.80499999999999 0
      vertex 69.645 24.994999999999997 0
      vertex 69.65495475113123 22.80495475113121 0
    endloop
  endfacet
  facet normal 0 0 -1
    outer loop
      vertex 67.455 22.80499999999999 0
      vertex 67.45500000000001 25.005 0
      vertex 69.645 24.994999999999997 0
    endloop
  endfacet
  facet normal 0 0 -1
    outer loop
      vertex 69.655 22.80499999999999 0
      vertex 69.65495475113123 22.80495475113121 0
      vertex 69.645 24.994999999999997 0
    endloop
  endfacet
  facet normal 0 0 -1
    outer loop
      vertex 69.655 22.80499999999999 0
      vertex 69.645 24.994999999999997 0
      vertex 69.65495475113124 24.994999999999997 0
    endloop
  endfacet
  facet normal 0 0 1
    outer loop
      vertex 67.44500000000001 22.805000000003112 2
      vertex 67.455 24.995000000000008 2
      vertex 67.44500000000001 24.995045248868777 2
    endloop
  endfacet
  facet normal 0 0 1
    outer loop
      vertex 67.44500000000001 24.995045248868777 2
      vertex 67.455 24.995000000000008 2
      vertex 67.44500000000001 25.00499999999999 2
    endloop
  endfacet
  facet normal 0 0 1
    outer loop
      vertex 67.455 22.794999999999998 2
      vertex 69.64500000000001 22.80499999999999 2
      vertex 67.44500000000001 22.805000000003112 2
    endloop
  endfacet
  facet normal 0 0 1
    outer loop
      vertex 67.44500000000001 22.805000000003112 2
      vertex 69.64500000000001 22.80499999999999 2
      vertex 67.455 24.995000000000008 2
    endloop
  endfacet
  facet normal 0 0 1
    outer loop
      vertex 67.455 24.995000000000008 2
      vertex 69.64500000000001 24.995045248868777 2
      vertex 67.455 25.00495475113122 2
    endloop
  endfacet
  facet normal 0 0 1
    outer loop
      vertex 67.455 24.995000000000008 2
      vertex 69.64500000000001 22.80499999999999 2
      vertex 69.64500000000001 24.995045248868777 2
    endloop
  endfacet
  facet normal 0 0 -1
    outer loop
      vertex 69.655 22.794999999999998 0
      vertex 69.65495475113123 22.80495475113121 0
      vertex 71.855 22.794999999999998 0
    endloop
  endfacet
  facet normal 0 -1 0
    outer loop
      vertex 69.655 22.794999999999998 0
      vertex 71.855 22.794999999999998 0
      vertex 71.855 22.794999999999998 2
    endloop
  endfacet
  facet normal 0 -1 0
    outer loop
      vertex 69.655 22.794999999999998 0
      vertex 71.855 22.794999999999998 2
      vertex 69.655 22.794999999999998 2
    endloop
  endfacet
  facet normal 0 0 -1
    outer loop
      vertex 69.65495475113124 24.994999999999997 0
      vertex 69.64504524886877 25.005 0
      vertex 69.65500000000002 25.005 0
    endloop
  endfacet
  facet normal 0 0 -1
    outer loop
      vertex 71.855 22.794999999999998 0
      vertex 69.65495475113123 22.80495475113121 0
      vertex 69.655 22.80499999999999 0
    endloop
  endfacet
  facet normal 0 0 -1
    outer loop
      vertex 71.855 22.794999999999998 0
      vertex 69.655 22.80499999999999 0
      vertex 71.845 24.994999999999997 0
    endloop
  endfacet
  facet normal 0 0 -1
    outer loop
      vertex 69.655 22.80499999999999 0
      vertex 69.65495475113124 24.994999999999997 0
      vertex 71.845 24.994999999999997 0
    endloop
  endfacet
  facet normal 0 0 -1
    outer loop
      vertex 69.65495475113124 24.994999999999997 0
      vertex 69.65500000000002 25.005 0
      vertex 71.845 24.994999999999997 0
    endloop
  endfacet
  facet normal 0 0 -1
    outer loop
      vertex 71.855 22.794999999999998 0
      vertex 71.845 24.994999999999997 0
      vertex 71.855 24.994999999999997 0
    endloop
  endfacet
  facet normal 1 0 0
    outer loop
      vertex 71.855 22.794999999999998 0
      vertex 71.855 24.994999999999997 0
      vertex 71.855 22.794999999999998 2
    endloop
  endfacet
  facet normal 1 0 0
    outer loop
      vertex 71.855 22.794999999999998 2
      vertex 71.855 24.994999999999997 0
      vertex 71.855 24.994999999999997 2
    endloop
  endfacet
  facet normal 0 0 1
    outer loop
      vertex 69.655 22.794999999999998 2
      vertex 69.655 24.995000000000008 2
      vertex 69.64500000000001 22.80499999999999 2
    endloop
  endfacet
  facet normal 0 0 1
    outer loop
      vertex 69.64500000000001 22.80499999999999 2
      vertex 69.655 24.995000000000008 2
      vertex 69.64500000000001 24.995045248868777 2
    endloop
  endfacet
  facet normal 0 0 1
    outer loop
      vertex 69.655 24.995000000000008 2
      vertex 69.64500000000001 25.00499999999999 2
      vertex 69.64500000000001 24.995045248868777 2
    endloop
  endfacet
  facet normal 0 0 1
    outer loop
      vertex 69.655 22.794999999999998 2
      vertex 71.855 22.794999999999998 2
      vertex 69.655 24.995000000000008 2
    endloop
  endfacet
  facet normal 0 0 1
    outer loop
      vertex 69.655 24.995000000000008 2
      vertex 71.855 24.994999999999997 2
      vertex 69.655 25.00495475113122 2
    endloop
  endfacet
  facet normal 0 0 1
    outer loop
      vertex 71.855 22.794999999999998 2
      vertex 71.855 24.994999999999997 2
      vertex 69.655 24.995000000000008 2
    endloop
  endfacet
  facet normal 0 0 -1
    outer loop
      vertex 65.245 25.005 0
      vertex 65.245 27.205 0
      vertex 65.255 25.00499999999686 0
    endloop
  endfacet
  facet normal -1 0 0
    outer loop
      vertex 65.245 25.005 0
      vertex 65.245 25.005 2
      vertex 65.245 27.205 0
    endloop
  endfacet
  facet normal -1 0 0
    outer loop
      vertex 65.245 27.205 0
      vertex 65.245 25.005 2
      vertex 65.245 27.205 2
    endloop
  endfacet
  facet normal 0 0 1
    outer loop
      vertex 65.245 25.005 2
      vertex 65.255 25.00495475113122 2
      vertex 65.245 27.205 2
    endloop
  endfacet
  facet normal 0 0 -1
    outer loop
      vertex 67.445 24.994999999999997 0
      vertex 67.44504545454545 25.005 0
      vertex 67.45495475113124 24.994999999999997 0
    endloop
  endfacet
  facet normal 0 0 -1
    outer loop
      vertex 65.245 27.205 0
      vertex 67.44500000000001 27.195000000000007 0
      vertex 65.255 25.00499999999686 0
    endloop
  endfacet
  facet normal 0 0 -1
    outer loop
      vertex 67.445 24.994999999999997 0
      vertex 65.255 25.00499999999686 0
      vertex 67.44500000000001 27.195000000000007 0
    endloop
  endfacet
  facet normal 0 0 -1
    outer loop
      vertex 67.445 24.994999999999997 0
      vertex 67.44500000000001 27.195000000000007 0
      vertex 67.44504545454545 25.005 0
    endloop
  endfacet
  facet normal 0 0 -1
    outer loop
      vertex 65.245 27.205 0
      vertex 67.44500000000001 27.205 0
      vertex 67.44500000000001 27.195000000000007 0
    endloop
  endfacet
  facet normal 0 1 0
    outer loop
      vertex 65.245 27.205 0
      vertex 65.245 27.205 2
      vertex 67.44500000000001 27.205 0
    endloop
  endfacet
  facet normal 0 1 0
    outer loop
      vertex 65.245 27.205 2
      vertex 67.44500000000001 27.205 2
      vertex 67.44500000000001 27.205 0
    endloop
  endfacet
  facet normal 0 0 1
    outer loop
      vertex 65.245 27.205 2
      vertex 65.255 25.00495475113122 2
      vertex 67.44500000000001 25.00499999999999 2
    endloop
  endfacet
  facet normal 0 0 1
    outer loop
      vertex 67.44500000000001 24.995045248868777 2
      vertex 67.44500000000001 25.00499999999999 2
      vertex 65.255 25.00495475113122 2
    endloop
  endfacet
  facet normal 0 0 1
    outer loop
      vertex 67.455 24.995000000000008 2
      vertex 67.455 25.00495475113122 2
      vertex 67.44500000000001 25.00499999999999 2
    endloop
  endfacet
  facet normal 0 0 1
    outer loop
      vertex 67.44500000000001 25.00499999999999 2
      vertex 67.455 25.00495475113122 2
      vertex 67.44500000000001 27.195045248868777 2
    endloop
  endfacet
  facet normal 0 0 1
    outer loop
      vertex 65.245 27.205 2
      vertex 67.44500000000001 25.00499999999999 2
      vertex 67.44500000000001 27.195045248868777 2
    endloop
  endfacet
  facet normal 0 0 1
    outer loop
      vertex 65.245 27.205 2
      vertex 67.44500000000001 27.195045248868777 2
      vertex 67.44500000000001 27.205 2
    endloop
  endfacet
  facet normal 0 0 -1
    outer loop
      vertex 67.44504545454545 25.005 0
      vertex 67.44500000000001 27.195000000000007 0
      vertex 67.45500000000001 25.005 0
    endloop
  endfacet
  facet normal 0 0 -1
    outer loop
      vertex 67.45500000000001 25.005 0
      vertex 67.44500000000001 27.195000000000007 0
      vertex 67.44500000000001 27.205 0
    endloop
  endfacet
  facet normal 0 0 -1
    outer loop
      vertex 69.645 24.994999999999997 0
      vertex 69.64504524886877 25.005 0
      vertex 69.65495475113124 24.994999999999997 0
    endloop
  endfacet
  facet normal 0 0 -1
    outer loop
      vertex 67.45500000000001 25.005 0
      vertex 69.64504524886877 25.005 0
      vertex 69.645 24.994999999999997 0
    endloop
  endfacet
  facet normal 0 0 -1
    outer loop
      vertex 67.45500000000001 25.005 0
      vertex 69.655 27.205 0
      vertex 69.64504524886877 25.005 0
    endloop
  endfacet
  facet normal 0 0 -1
    outer loop
      vertex 67.45500000000001 25.005 0
      vertex 67.44500000000001 27.205 0
      vertex 69.655 27.205 0
    endloop
  endfacet
  facet normal 0 0 1
    outer loop
      vertex 67.455 25.00495475113122 2
      vertex 67.44500000000001 27.205 2
      vertex 67.44500000000001 27.195045248868777 2
    endloop
  endfacet
  facet normal 0 0 1
    outer loop
      vertex 67.455 25.00495475113122 2
      vertex 69.64500000000001 25.00499999999999 2
      vertex 67.44500000000001 27.205 2
    endloop
  endfacet
  facet normal 0 0 1
    outer loop
      vertex 67.455 25.00495475113122 2
      vertex 69.64500000000001 24.995045248868777 2
      vertex 69.64500000000001 25.00499999999999 2
    endloop
  endfacet
  facet normal 0 0 1
    outer loop
      vertex 69.64500000000001 25.00499999999999 2
      vertex 69.655 27.205 2
      vertex 67.44500000000001 27.205 2
    endloop
  endfacet
  facet normal 0 0 1
    outer loop
      vertex 69.655 24.995000000000008 2
      vertex 69.655 25.00495475113122 2
      vertex 69.64500000000001 25.00499999999999 2
    endloop
  endfacet
  facet normal 0 0 1
    outer loop
      vertex 69.655 25.00495475113122 2
      vertex 69.655 27.205 2
      vertex 69.64500000000001 25.00499999999999 2
    endloop
  endfacet
  facet normal 0 0 -1
    outer loop
      vertex 69.65500000000002 25.005 0
      vertex 69.64504524886877 25.005 0
      vertex 69.655 27.205 0
    endloop
  endfacet
  facet normal 0 0 -1
    outer loop
      vertex 69.65500000000002 25.005 0
      vertex 71.845 27.194999999999997 0
      vertex 71.845 24.994999999999997 0
    endloop
  endfacet
  facet normal 0 0 -1
    outer loop
      vertex 69.65500000000002 25.005 0
      vertex 69.655 27.205 0
      vertex 71.845 27.194999999999997 0
    endloop
  endfacet
  facet normal 0 0 -1
    outer loop
      vertex 71.845 24.994999999999997 0
      vertex 71.845 27.194999999999997 0
      vertex 71.855 24.994999999999997 0
    endloop
  endfacet
  facet normal 0 0 -1
    outer loop
      vertex 71.855 24.994999999999997 0
      vertex 71.845 27.194999999999997 0
      vertex 71.855 27.194999999999997 0
    endloop
  endfacet
  facet normal 0 0 -1
    outer loop
      vertex 69.655 27.205 0
      vertex 71.845 27.205 0
      vertex 71.845 27.194999999999997 0
    endloop
  endfacet
  facet normal 0 0 -1
    outer loop
      vertex 71.845 27.194999999999997 0
      vertex 71.845 27.205 0
      vertex 71.855 27.205 0
    endloop
  endfacet
  facet normal 1 0 0
    outer loop
      vertex 71.855 24.994999999999997 0
      vertex 71.855 27.194999999999997 0
      vertex 71.855 27.194999999999997 2
    endloop
  endfacet
  facet normal 0 1 0
    outer loop
      vertex 69.655 27.205 0
      vertex 69.655 27.205 2
      vertex 71.845 27.205 0
    endloop
  endfacet
  facet normal 1 0 0
    outer loop
      vertex 71.855 24.994999999999997 0
      vertex 71.855 27.194999999999997 2
      vertex 71.855 24.994999999999997 2
    endloop
  endfacet
  facet normal 0 1 0
    outer loop
      vertex 71.845 27.205 0
      vertex 69.655 27.205 2
      vertex 71.845 27.205 2
    endloop
  endfacet
  facet normal 0 0 1
    outer loop
      vertex 69.655 25.00495475113122 2
      vertex 71.855 24.994999999999997 2
      vertex 71.855 27.194999999999997 2
    endloop
  endfacet
  facet normal 0 0 1
    outer loop
      vertex 69.655 25.00495475113122 2
      vertex 71.845 27.205 2
      vertex 69.655 27.205 2
    endloop
  endfacet
  facet normal 0 0 1
    outer loop
      vertex 69.655 25.00495475113122 2
      vertex 71.855 27.194999999999997 2
      vertex 71.845 27.205 2
    endloop
  endfacet
  facet normal 0 0 -1
    outer loop
      vertex 82.845 24.994999999999997 0
      vertex 82.845 27.194999999999997 0
      vertex 82.855 27.205 0
    endloop
  endfacet
  facet normal 0 0 -1
    outer loop
      vertex 82.845 24.994999999999997 0
      vertex 82.855 27.205 0
      vertex 85.05499999999999 27.205 0
    endloop
  endfacet
  facet normal 0 0 -1
    outer loop
      vertex 82.845 24.994999999999997 0
      vertex 85.05499999999999 27.205 0
      vertex 85.05499999999999 24.994999999999997 0
    endloop
  endfacet
  facet normal 0 -1 0
    outer loop
      vertex 82.845 24.994999999999997 0
      vertex 85.05499999999999 24.994999999999997 0
      vertex 85.05499999999999 24.994999999999997 2
    endloop
  endfacet
  facet normal -1 0 0
    outer loop
      vertex 82.845 24.994999999999997 0
      vertex 82.845 24.994999999999997 2
      vertex 82.845 27.194999999999997 0
    endloop
  endfacet
  facet normal 1 0 0
    outer loop
      vertex 85.05499999999999 24.994999999999997 0
      vertex 85.05499999999999 27.205 0
      vertex 85.05499999999999 24.994999999999997 2
    endloop
  endfacet
  facet normal 0 1 0
    outer loop
      vertex 82.855 27.205 0
      vertex 82.855 27.205 2
      vertex 85.05499999999999 27.205 0
    endloop
  endfacet
  facet normal 0 -1 0
    outer loop
      vertex 82.845 24.994999999999997 0
      vertex 85.05499999999999 24.994999999999997 2
      vertex 82.845 24.994999999999997 2
    endloop
  endfacet
  facet normal -1 0 0
    outer loop
      vertex 82.845 27.194999999999997 0
      vertex 82.845 24.994999999999997 2
      vertex 82.845 27.194999999999997 2
    endloop
  endfacet
  facet normal 1 0 0
    outer loop
      vertex 85.05499999999999 27.205 0
      vertex 85.05499999999999 27.205 2
      vertex 85.05499999999999 24.994999999999997 2
    endloop
  endfacet
  facet normal 0 1 0
    outer loop
      vertex 85.05499999999999 27.205 0
      vertex 82.855 27.205 2
      vertex 85.05499999999999 27.205 2
    endloop
  endfacet
  facet normal 0 0 1
    outer loop
      vertex 82.845 24.994999999999997 2
      vertex 85.05499999999999 24.994999999999997 2
      vertex 82.855 27.194999999999997 2
    endloop
  endfacet
  facet normal 0 0 1
    outer loop
      vertex 82.845 24.994999999999997 2
      vertex 82.855 27.194999999999997 2
      vertex 82.845 27.194999999999997 2
    endloop
  endfacet
  facet normal 0 0 1
    outer loop
      vertex 85.05499999999999 24.994999999999997 2
      vertex 85.05499999999999 27.205 2
      vertex 82.855 27.194999999999997 2
    endloop
  endfacet
  facet normal 0 0 1
    outer loop
      vertex 82.855 27.194999999999997 2
      vertex 82.855 27.205 2
      vertex 82.845 27.205 2
    endloop
  endfacet
  facet normal 0 0 1
    outer loop
      vertex 82.855 27.194999999999997 2
      vertex 85.05499999999999 27.205 2
      vertex 82.855 27.205 2
    endloop
  endfacet
  facet normal 0 0 -1
    outer loop
      vertex 67.44500000000001 27.205 0
      vertex 69.64500000000001 29.395000000000007 0
      vertex 69.655 27.205 0
    endloop
  endfacet
  facet normal 0 0 -1
    outer loop
      vertex 67.44500000000001 27.205 0
      vertex 67.44500000000001 29.404999999999998 0
      vertex 69.64500000000001 29.395000000000007 0
    endloop
  endfacet
  facet normal 0 0 -1
    outer loop
      vertex 67.44500000000001 29.404999999999998 0
      vertex 69.64500000000001 29.404999999999998 0
      vertex 69.64500000000001 29.395000000000007 0
    endloop
  endfacet
  facet normal 0 0 -1
    outer loop
      vertex 69.655 27.205 0
      vertex 69.64500000000001 29.395000000000007 0
      vertex 69.655 29.395 0
    endloop
  endfacet
  facet normal 0 0 -1
    outer loop
      vertex 69.64500000000001 29.395000000000007 0
      vertex 69.655 29.40499999999999 0
      vertex 69.655 29.395 0
    endloop
  endfacet
  facet normal -1 0 0
    outer loop
      vertex 67.44500000000001 27.205 0
      vertex 67.44500000000001 29.404999999999998 2
      vertex 67.44500000000001 29.404999999999998 0
    endloop
  endfacet
  facet normal 1 0 0
    outer loop
      vertex 69.655 27.205 0
      vertex 69.655 29.395 0
      vertex 69.655 27.205 2
    endloop
  endfacet
  facet normal 0 1 0
    outer loop
      vertex 67.44500000000001 29.404999999999998 0
      vertex 69.64500000000001 29.404999999999998 2
      vertex 69.64500000000001 29.404999999999998 0
    endloop
  endfacet
  facet normal -1 0 0
    outer loop
      vertex 67.44500000000001 27.205 0
      vertex 67.44500000000001 27.205 2
      vertex 67.44500000000001 29.404999999999998 2
    endloop
  endfacet
  facet normal 1 0 0
    outer loop
      vertex 69.655 29.395 0
      vertex 69.655 29.395 2
      vertex 69.655 27.205 2
    endloop
  endfacet
  facet normal 0 1 0
    outer loop
      vertex 67.44500000000001 29.404999999999998 0
      vertex 67.44500000000001 29.404999999999998 2
      vertex 69.64500000000001 29.404999999999998 2
    endloop
  endfacet
  facet normal 0 0 1
    outer loop
      vertex 67.44500000000001 27.205 2
      vertex 69.655 27.205 2
      vertex 67.44500000000001 29.404999999999998 2
    endloop
  endfacet
  facet normal 0 0 1
    outer loop
      vertex 67.44500000000001 29.404999999999998 2
      vertex 69.655 27.205 2
      vertex 69.64500000000001 29.404999999999998 2
    endloop
  endfacet
  facet normal 0 0 1
    outer loop
      vertex 69.655 27.205 2
      vertex 69.655 29.395 2
      vertex 69.64500000000001 29.404999999999998 2
    endloop
  endfacet
  facet normal 0 0 -1
    outer loop
      vertex 71.845 27.194999999999997 0
      vertex 71.855 27.205 0
      vertex 71.855 27.194999999999997 0
    endloop
  endfacet
  facet normal 0 0 -1
    outer loop
      vertex 71.855 27.194999999999997 0
      vertex 71.855 27.205 0
      vertex 74.045 27.194999999999997 0
    endloop
  endfacet
  facet normal 0 0 -1
    outer loop
      vertex 74.04504524886877 27.195045248868773 0
      vertex 74.045 27.194999999999997 0
      vertex 71.855 27.205 0
    endloop
  endfacet
  facet normal 0 0 -1
    outer loop
      vertex 71.855 27.205 0
      vertex 71.845 27.205 0
      vertex 71.845 29.395 0
    endloop
  endfacet
  facet normal 0 0 -1
    outer loop
      vertex 71.855 27.205 0
      vertex 71.845 29.395 0
      vertex 74.045 29.395 0
    endloop
  endfacet
  facet normal 0 0 -1
    outer loop
      vertex 74.04504524886877 27.195045248868773 0
      vertex 71.855 27.205 0
      vertex 74.045 29.395 0
    endloop
  endfacet
  facet normal 0 -1 0
    outer loop
      vertex 71.855 27.194999999999997 0
      vertex 74.045 27.194999999999997 0
      vertex 74.045 27.194999999999997 2
    endloop
  endfacet
  facet normal -1 0 0
    outer loop
      vertex 71.845 27.205 0
      vertex 71.845 29.395 2
      vertex 71.845 29.395 0
    endloop
  endfacet
  facet normal 0 -1 0
    outer loop
      vertex 71.855 27.194999999999997 0
      vertex 74.045 27.194999999999997 2
      vertex 71.855 27.194999999999997 2
    endloop
  endfacet
  facet normal -1 0 0
    outer loop
      vertex 71.845 27.205 0
      vertex 71.845 27.205 2
      vertex 71.845 29.395 2
    endloop
  endfacet
  facet normal 0 0 1
    outer loop
      vertex 71.855 27.194999999999997 2
      vertex 71.845 29.395 2
      vertex 71.845 27.205 2
    endloop
  endfacet
  facet normal 0 0 1
    outer loop
      vertex 71.855 27.194999999999997 2
      vertex 74.045 29.395 2
      vertex 71.845 29.395 2
    endloop
  endfacet
  facet normal 0 0 1
    outer loop
      vertex 71.855 27.194999999999997 2
      vertex 74.045 27.194999999999997 2
      vertex 74.05499999999999 29.395 2
    endloop
  endfacet
  facet normal 0 0 1
    outer loop
      vertex 71.855 27.194999999999997 2
      vertex 74.05499999999999 29.395 2
      vertex 74.045 29.395 2
    endloop
  endfacet
  facet normal 0 0 1
    outer loop
      vertex 74.045 29.395 2
      vertex 74.05499999999999 29.395 2
      vertex 74.045 29.404999999999998 2
    endloop
  endfacet
  facet normal 0 0 1
    outer loop
      vertex 74.045 29.395 2
      vertex 74.045 29.404999999999998 2
      vertex 74.04499999965766 29.404999999998434 2
    endloop
  endfacet
  facet normal 0 0 -1
    outer loop
      vertex 74.04504524886877 27.195045248868773 0
      vertex 76.255 27.194999999999997 0
      vertex 74.045 27.194999999999997 0
    endloop
  endfacet
  facet normal 0 0 -1
    outer loop
      vertex 74.04504524886877 27.195045248868773 0
      vertex 74.045 29.395 0
      vertex 76.245 29.395000000000007 0
    endloop
  endfacet
  facet normal 0 0 -1
    outer loop
      vertex 74.045 29.395 0
      vertex 74.05499999999999 29.404999999999998 0
      vertex 76.245 29.395000000000007 0
    endloop
  endfacet
  facet normal 0 0 -1
    outer loop
      vertex 74.04504524886877 27.195045248868773 0
      vertex 76.245 29.395000000000007 0
      vertex 76.255 27.194999999999997 0
    endloop
  endfacet
  facet normal 0 0 -1
    outer loop
      vertex 74.05499999999999 29.404999999999998 0
      vertex 76.245 29.404999999999998 0
      vertex 76.245 29.395000000000007 0
    endloop
  endfacet
  facet normal 0 0 -1
    outer loop
      vertex 76.255 27.194999999999997 0
      vertex 76.245 29.395000000000007 0
      vertex 76.255 29.395 0
    endloop
  endfacet
  facet normal 0 0 -1
    outer loop
      vertex 76.245 29.395000000000007 0
      vertex 76.255 29.40499999999999 0
      vertex 76.255 29.395 0
    endloop
  endfacet
  facet normal 0 -1 0
    outer loop
      vertex 74.045 27.194999999999997 0
      vertex 76.255 27.194999999999997 0
      vertex 76.255 27.194999999999997 2
    endloop
  endfacet
  facet normal 0 -1 0
    outer loop
      vertex 74.045 27.194999999999997 0
      vertex 76.255 27.194999999999997 2
      vertex 74.045 27.194999999999997 2
    endloop
  endfacet
  facet normal 0 0 1
    outer loop
      vertex 74.045 27.194999999999997 2
      vertex 76.24504524886878 27.204954751131208 2
      vertex 74.05499999999999 29.395 2
    endloop
  endfacet
  facet normal 0 0 1
    outer loop
      vertex 74.05500000034233 29.395000000001563 2
      vertex 74.05499999999999 29.395 2
      vertex 76.24504524886878 27.204954751131208 2
    endloop
  endfacet
  facet normal 0 0 1
    outer loop
      vertex 74.05500000034233 29.395000000001563 2
      vertex 76.245 29.404999999999998 2
      vertex 74.05499999999999 29.404999999999998 2
    endloop
  endfacet
  facet normal 0 0 1
    outer loop
      vertex 74.045 27.194999999999997 2
      vertex 76.255 27.194999999999997 2
      vertex 76.24504524886878 27.204954751131208 2
    endloop
  endfacet
  facet normal 0 0 1
    outer loop
      vertex 74.05500000034233 29.395000000001563 2
      vertex 76.24504524886878 27.204954751131208 2
      vertex 76.245 29.395000000000014 2
    endloop
  endfacet
  facet normal 0 0 1
    outer loop
      vertex 74.05500000034233 29.395000000001563 2
      vertex 76.245 29.395000000000014 2
      vertex 76.245 29.404999999999998 2
    endloop
  endfacet
  facet normal 0 0 1
    outer loop
      vertex 76.24504524886878 27.204954751131208 2
      vertex 76.255 29.395 2
      vertex 76.245 29.395000000000014 2
    endloop
  endfacet
  facet normal 0 0 -1
    outer loop
      vertex 76.255 27.194999999999997 0
      vertex 76.255 29.395 0
      vertex 78.44500000000001 29.395 0
    endloop
  endfacet
  facet normal 0 0 -1
    outer loop
      vertex 76.255 27.194999999999997 0
      vertex 78.44500000000001 29.395 0
      vertex 78.44500000000001 27.194999999999997 0
    endloop
  endfacet
  facet normal 0 0 -1
    outer loop
      vertex 78.44500000000001 27.194999999999997 0
      vertex 78.44500000000001 29.395 0
      vertex 78.45495475113123 27.204954751131208 0
    endloop
  endfacet
  facet normal 0 -1 0
    outer loop
      vertex 76.255 27.194999999999997 0
      vertex 78.44500000000001 27.194999999999997 0
      vertex 78.44500000000001 27.194999999999997 2
    endloop
  endfacet
  facet normal 0 -1 0
    outer loop
      vertex 76.255 27.194999999999997 0
      vertex 78.44500000000001 27.194999999999997 2
      vertex 76.255 27.194999999999997 2
    endloop
  endfacet
  facet normal 0 0 1
    outer loop
      vertex 76.255 27.194999999999997 2
      vertex 78.44500000000001 29.404999999999998 2
      vertex 76.24504524886878 27.204954751131208 2
    endloop
  endfacet
  facet normal 0 0 1
    outer loop
      vertex 76.24504524886878 27.204954751131208 2
      vertex 78.44500000000001 29.404999999999998 2
      vertex 76.255 29.395 2
    endloop
  endfacet
  facet normal 0 0 1
    outer loop
      vertex 76.255 27.194999999999997 2
      vertex 78.44500000000001 27.194999999999997 2
      vertex 78.44500000000001 29.404999999999998 2
    endloop
  endfacet
  facet normal 0 0 -1
    outer loop
      vertex 78.44500000000001 27.194999999999997 0
      vertex 78.45495475113123 27.204954751131208 0
      vertex 80.655 27.194999999999997 0
    endloop
  endfacet
  facet normal 0 0 -1
    outer loop
      vertex 78.45495475113123 27.204954751131208 0
      vertex 78.44500000000001 29.395 0
      vertex 78.44504524793814 29.395 0
    endloop
  endfacet
  facet normal 0 0 -1
    outer loop
      vertex 78.45495475113123 27.204954751131208 0
      vertex 80.64500000000001 29.395000000000007 0
      vertex 80.655 27.194999999999997 0
    endloop
  endfacet
  facet normal 0 0 -1
    outer loop
      vertex 78.45495475113123 27.204954751131208 0
      vertex 78.44504524793814 29.395 0
      vertex 80.64500000000001 29.395000000000007 0
    endloop
  endfacet
  facet normal 0 0 -1
    outer loop
      vertex 80.64500000000001 29.395000000000007 0
      vertex 78.44504524793814 29.395 0
      vertex 78.455 29.404999999999998 0
    endloop
  endfacet
  facet normal 0 0 -1
    outer loop
      vertex 80.64500000000001 29.395000000000007 0
      vertex 78.455 29.404999999999998 0
      vertex 80.64500000000001 29.404999999999998 0
    endloop
  endfacet
  facet normal 0 0 -1
    outer loop
      vertex 80.655 27.194999999999997 0
      vertex 80.64500000000001 29.395000000000007 0
      vertex 80.655 29.395 0
    endloop
  endfacet
  facet normal 0 0 -1
    outer loop
      vertex 80.64500000000001 29.395000000000007 0
      vertex 80.655 29.40499999999999 0
      vertex 80.655 29.395 0
    endloop
  endfacet
  facet normal 0 -1 0
    outer loop
      vertex 78.44500000000001 27.194999999999997 0
      vertex 80.655 27.194999999999997 0
      vertex 80.655 27.194999999999997 2
    endloop
  endfacet
  facet normal 0 -1 0
    outer loop
      vertex 78.44500000000001 27.194999999999997 0
      vertex 80.655 27.194999999999997 2
      vertex 78.44500000000001 27.194999999999997 2
    endloop
  endfacet
  facet normal 0 0 1
    outer loop
      vertex 78.44500000000001 27.194999999999997 2
      vertex 80.655 27.194999999999997 2
      vertex 80.64504524886878 27.204954751131208 2
    endloop
  endfacet
  facet normal 0 0 1
    outer loop
      vertex 78.44500000000001 27.194999999999997 2
      vertex 78.455 29.395000000000007 2
      vertex 78.44500000000001 29.404999999999998 2
    endloop
  endfacet
  facet normal 0 0 1
    outer loop
      vertex 78.44500000000001 27.194999999999997 2
      vertex 80.64504524886878 27.204954751131208 2
      vertex 78.455 29.395000000000007 2
    endloop
  endfacet
  facet normal 0 0 1
    outer loop
      vertex 78.455 29.395000000000007 2
      vertex 80.64500000000001 29.404999999999998 2
      vertex 78.455 29.404999999999998 2
    endloop
  endfacet
  facet normal 0 0 1
    outer loop
      vertex 80.64504524886878 27.204954751131208 2
      vertex 80.64500000000001 29.395045248868787 2
      vertex 78.455 29.395000000000007 2
    endloop
  endfacet
  facet normal 0 0 1
    outer loop
      vertex 78.455 29.395000000000007 2
      vertex 80.64500000000001 29.395045248868787 2
      vertex 80.64500000000001 29.404999999999998 2
    endloop
  endfacet
  facet normal 0 0 1
    outer loop
      vertex 80.64504524886878 27.204954751131208 2
      vertex 80.655 29.395 2
      vertex 80.64500000000001 29.395045248868787 2
    endloop
  endfacet
  facet normal 0 0 -1
    outer loop
      vertex 80.655 27.194999999999997 0
      vertex 82.855 29.395 0
      vertex 82.845 27.194999999999997 0
    endloop
  endfacet
  facet normal 0 0 -1
    outer loop
      vertex 80.655 27.194999999999997 0
      vertex 80.655 29.395 0
      vertex 82.855 29.395 0
    endloop
  endfacet
  facet normal 0 0 -1
    outer loop
      vertex 82.845 27.194999999999997 0
      vertex 82.855 29.395 0
      vertex 82.855 27.205 0
    endloop
  endfacet
  facet normal 0 -1 0
    outer loop
      vertex 80.655 27.194999999999997 0
      vertex 82.845 27.194999999999997 0
      vertex 82.845 27.194999999999997 2
    endloop
  endfacet
  facet normal 1 0 0
    outer loop
      vertex 82.855 27.205 0
      vertex 82.855 29.395 0
      vertex 82.855 27.205 2
    endloop
  endfacet
  facet normal 0 -1 0
    outer loop
      vertex 80.655 27.194999999999997 0
      vertex 82.845 27.194999999999997 2
      vertex 80.655 27.194999999999997 2
    endloop
  endfacet
  facet normal 1 0 0
    outer loop
      vertex 82.855 27.205 2
      vertex 82.855 29.395 0
      vertex 82.855 29.395 2
    endloop
  endfacet
  facet normal 0 0 1
    outer loop
      vertex 80.655 27.194999999999997 2
      vertex 82.845 27.194999999999997 2
      vertex 82.845 27.205 2
    endloop
  endfacet
  facet normal 0 0 1
    outer loop
      vertex 82.845 27.194999999999997 2
      vertex 82.855 27.194999999999997 2
      vertex 82.845 27.205 2
    endloop
  endfacet
  facet normal 0 0 1
    outer loop
      vertex 80.655 27.194999999999997 2
      vertex 80.655 29.395 2
      vertex 80.64504524886878 27.204954751131208 2
    endloop
  endfacet
  facet normal 0 0 1
    outer loop
      vertex 80.655 27.194999999999997 2
      vertex 82.845 27.205 2
      vertex 80.655 29.395 2
    endloop
  endfacet
  facet normal 0 0 1
    outer loop
      vertex 82.845 27.205 2
      vertex 82.855 29.395 2
      vertex 80.655 29.395 2
    endloop
  endfacet
  facet normal 0 0 1
    outer loop
      vertex 82.845 27.205 2
      vertex 82.855 27.205 2
      vertex 82.855 29.395 2
    endloop
  endfacet
  facet normal 0 0 -1
    outer loop
      vertex 69.64500000000001 29.395000000000007 0
      vertex 69.64500000000001 29.404999999999998 0
      vertex 69.655 29.40499999999999 0
    endloop
  endfacet
  facet normal 0 0 -1
    outer loop
      vertex 69.655 29.40499999999999 0
      vertex 69.64500000000001 29.404999999999998 0
      vertex 69.64500000000001 31.595 0
    endloop
  endfacet
  facet normal 0 0 -1
    outer loop
      vertex 69.655 29.395 0
      vertex 69.655 29.40499999999999 0
      vertex 71.845 29.395 0
    endloop
  endfacet
  facet normal 0 0 -1
    outer loop
      vertex 69.655 29.40499999999999 0
      vertex 71.855 31.605 0
      vertex 71.845 29.395 0
    endloop
  endfacet
  facet normal 0 0 -1
    outer loop
      vertex 69.655 29.40499999999999 0
      vertex 69.64500000000001 31.595 0
      vertex 71.855 31.605 0
    endloop
  endfacet
  facet normal -1 0 0
    outer loop
      vertex 69.64500000000001 29.404999999999998 0
      vertex 69.64500000000001 29.404999999999998 2
      vertex 69.64500000000001 31.595 0
    endloop
  endfacet
  facet normal 0 -1 0
    outer loop
      vertex 69.655 29.395 0
      vertex 71.845 29.395 0
      vertex 71.845 29.395 2
    endloop
  endfacet
  facet normal -1 0 0
    outer loop
      vertex 69.64500000000001 31.595 0
      vertex 69.64500000000001 29.404999999999998 2
      vertex 69.64500000000001 31.595 2
    endloop
  endfacet
  facet normal 0 -1 0
    outer loop
      vertex 69.655 29.395 0
      vertex 71.845 29.395 2
      vertex 69.655 29.395 2
    endloop
  endfacet
  facet normal 0 0 1
    outer loop
      vertex 69.64500000000001 29.404999999999998 2
      vertex 69.65500000000002 31.595 2
      vertex 69.64500000000001 31.595 2
    endloop
  endfacet
  facet normal 0 0 1
    outer loop
      vertex 69.655 29.395 2
      vertex 71.845 31.605 2
      vertex 69.64500000000001 29.404999999999998 2
    endloop
  endfacet
  facet normal 0 0 1
    outer loop
      vertex 69.655 29.395 2
      vertex 71.845 29.395 2
      vertex 71.845 31.605 2
    endloop
  endfacet
  facet normal 0 0 1
    outer loop
      vertex 69.64500000000001 29.404999999999998 2
      vertex 71.845 31.605 2
      vertex 69.65500000000002 31.595 2
    endloop
  endfacet
  facet normal 0 0 1
    outer loop
      vertex 71.85495475113123 31.595045248868775 2
      vertex 71.85499979432755 31.604954752061865 2
      vertex 71.845 31.605 2
    endloop
  endfacet
  facet normal 0 0 -1
    outer loop
      vertex 71.845 29.395 0
      vertex 71.855 31.605 0
      vertex 74.045 31.595000000003125 0
    endloop
  endfacet
  facet normal 0 0 -1
    outer loop
      vertex 71.845 29.395 0
      vertex 74.045 31.595000000003125 0
      vertex 74.045 29.395 0
    endloop
  endfacet
  facet normal 0 0 -1
    outer loop
      vertex 74.045 29.395 0
      vertex 74.045 31.595000000003125 0
      vertex 74.05499999999999 29.404999999999998 0
    endloop
  endfacet
  facet normal 0 0 1
    outer loop
      vertex 71.845 29.395 2
      vertex 74.04499999965766 29.404999999998434 2
      vertex 71.85495475113123 31.595045248868775 2
    endloop
  endfacet
  facet normal 0 0 1
    outer loop
      vertex 71.845 29.395 2
      vertex 71.85495475113123 31.595045248868775 2
      vertex 71.845 31.605 2
    endloop
  endfacet
  facet normal 0 0 1
    outer loop
      vertex 71.85495475113123 31.595045248868775 2
      vertex 74.045 31.59504524886878 2
      vertex 71.85499979432755 31.604954752061865 2
    endloop
  endfacet
  facet normal 0 0 1
    outer loop
      vertex 71.845 29.395 2
      vertex 74.045 29.395 2
      vertex 74.04499999965766 29.404999999998434 2
    endloop
  endfacet
  facet normal 0 0 1
    outer loop
      vertex 71.85495475113123 31.595045248868775 2
      vertex 74.04499999965766 29.404999999998434 2
      vertex 74.045 29.404999999999998 2
    endloop
  endfacet
  facet normal 0 0 1
    outer loop
      vertex 71.85495475113123 31.595045248868775 2
      vertex 74.045 29.404999999999998 2
      vertex 74.045 31.59504524886878 2
    endloop
  endfacet
  facet normal 0 0 1
    outer loop
      vertex 74.045 29.404999999999998 2
      vertex 74.05499999999999 31.595000000003125 2
      vertex 74.045 31.59504524886878 2
    endloop
  endfacet
  facet normal 0 0 -1
    outer loop
      vertex 74.05499999999999 29.404999999999998 0
      vertex 74.045 31.595000000003125 0
      vertex 76.245 29.404999999999998 0
    endloop
  endfacet
  facet normal 0 0 -1
    outer loop
      vertex 74.05499999999999 31.59504524886878 0
      vertex 76.245 29.404999999999998 0
      vertex 74.045 31.595000000003125 0
    endloop
  endfacet
  facet normal 0 0 -1
    outer loop
      vertex 74.05499999999999 31.59504524886878 0
      vertex 76.245 31.60495475113122 0
      vertex 76.245 29.404999999999998 0
    endloop
  endfacet
  facet normal 0 0 1
    outer loop
      vertex 74.05499999999999 29.395 2
      vertex 74.05499999999999 29.404999999999998 2
      vertex 74.045 29.404999999999998 2
    endloop
  endfacet
  facet normal 0 0 1
    outer loop
      vertex 74.05500000034233 29.395000000001563 2
      vertex 74.05499999999999 29.404999999999998 2
      vertex 74.05499999999999 29.395 2
    endloop
  endfacet
  facet normal 0 0 1
    outer loop
      vertex 74.05499999999999 29.404999999999998 2
      vertex 74.05499999999999 31.595000000003125 2
      vertex 74.045 29.404999999999998 2
    endloop
  endfacet
  facet normal 0 0 1
    outer loop
      vertex 74.05499999999999 29.404999999999998 2
      vertex 76.24499999999999 31.605 2
      vertex 74.05499999999999 31.595000000003125 2
    endloop
  endfacet
  facet normal 0 0 1
    outer loop
      vertex 74.05499999999999 29.404999999999998 2
      vertex 76.245 29.404999999999998 2
      vertex 76.24499999999999 31.605 2
    endloop
  endfacet
  facet normal 0 0 -1
    outer loop
      vertex 76.245 29.395000000000007 0
      vertex 76.245 29.404999999999998 0
      vertex 76.255 29.40499999999999 0
    endloop
  endfacet
  facet normal 0 0 -1
    outer loop
      vertex 76.255 29.395 0
      vertex 76.255 29.40499999999999 0
      vertex 78.44500000000001 29.395 0
    endloop
  endfacet
  facet normal 0 0 -1
    outer loop
      vertex 76.245 29.404999999999998 0
      vertex 76.245 31.60495475113122 0
      vertex 76.255 29.40499999999999 0
    endloop
  endfacet
  facet normal 0 0 -1
    outer loop
      vertex 76.245 31.60495475113122 0
      vertex 76.245 31.605 0
      vertex 76.255 29.40499999999999 0
    endloop
  endfacet
  facet normal 0 0 -1
    outer loop
      vertex 78.45500000000001 31.605 0
      vertex 76.255 29.40499999999999 0
      vertex 76.245 31.605 0
    endloop
  endfacet
  facet normal 0 0 -1
    outer loop
      vertex 78.44500000000001 29.395 0
      vertex 78.455 29.404999999999998 0
      vertex 78.44504524793814 29.395 0
    endloop
  endfacet
  facet normal 0 0 -1
    outer loop
      vertex 78.44500000000001 29.395 0
      vertex 76.255 29.40499999999999 0
      vertex 78.45500000000001 31.605 0
    endloop
  endfacet
  facet normal 0 0 -1
    outer loop
      vertex 78.44500000000001 29.395 0
      vertex 78.45500000000001 31.605 0
      vertex 78.455 29.404999999999998 0
    endloop
  endfacet
  facet normal 0 0 1
    outer loop
      vertex 76.245 29.404999999999998 2
      vertex 76.245 29.395000000000014 2
      vertex 76.255 29.395 2
    endloop
  endfacet
  facet normal 0 0 1
    outer loop
      vertex 76.245 29.404999999999998 2
      vertex 76.255 29.395 2
      vertex 78.44500000000001 29.404999999999998 2
    endloop
  endfacet
  facet normal 0 0 1
    outer loop
      vertex 76.245 29.404999999999998 2
      vertex 78.44500000000001 29.404999999999998 2
      vertex 76.24499999999999 31.605 2
    endloop
  endfacet
  facet normal 0 0 1
    outer loop
      vertex 78.455 29.404999999999998 2
      vertex 76.24504545454546 31.605 2
      vertex 76.24499999999999 31.605 2
    endloop
  endfacet
  facet normal 0 0 1
    outer loop
      vertex 78.44500000000001 29.404999999999998 2
      vertex 78.455 29.395000000000007 2
      vertex 78.455 29.404999999999998 2
    endloop
  endfacet
  facet normal 0 0 1
    outer loop
      vertex 78.44500000000001 29.404999999999998 2
      vertex 78.455 29.404999999999998 2
      vertex 76.24499999999999 31.605 2
    endloop
  endfacet
  facet normal 0 0 1
    outer loop
      vertex 78.455 29.404999999999998 2
      vertex 78.44500000000001 31.605 2
      vertex 76.24504545454546 31.605 2
    endloop
  endfacet
  facet normal 0 0 1
    outer loop
      vertex 78.455 29.404999999999998 2
      vertex 78.455 31.60499999999999 2
      vertex 78.44500000000001 31.605 2
    endloop
  endfacet
  facet normal 0 0 -1
    outer loop
      vertex 78.455 29.404999999999998 0
      vertex 78.45500000000001 31.605 0
      vertex 80.64500000000001 29.404999999999998 0
    endloop
  endfacet
  facet normal 0 0 -1
    outer loop
      vertex 78.45500000000001 31.605 0
      vertex 80.64500000000001 31.60499999999999 0
      vertex 80.64500000000001 29.404999999999998 0
    endloop
  endfacet
  facet normal 0 0 1
    outer loop
      vertex 78.455 29.404999999999998 2
      vertex 80.64500000000001 29.404999999999998 2
      vertex 80.64500000000001 31.604999999999986 2
    endloop
  endfacet
  facet normal 0 0 1
    outer loop
      vertex 80.64500000000001 31.604999999999986 2
      vertex 78.455 31.60499999999999 2
      vertex 78.455 29.404999999999998 2
    endloop
  endfacet
  facet normal 0 0 -1
    outer loop
      vertex 80.64500000000001 29.395000000000007 0
      vertex 80.64500000000001 29.404999999999998 0
      vertex 80.655 29.40499999999999 0
    endloop
  endfacet
  facet normal 0 0 -1
    outer loop
      vertex 80.655 29.395 0
      vertex 80.655 29.40499999999999 0
      vertex 82.855 29.395 0
    endloop
  endfacet
  facet normal 0 0 -1
    outer loop
      vertex 80.64500000000001 31.60499999999999 0
      vertex 80.655 31.605 0
      vertex 80.64500000000001 29.404999999999998 0
    endloop
  endfacet
  facet normal 0 0 -1
    outer loop
      vertex 80.64500000000001 29.404999999999998 0
      vertex 82.855 31.605 0
      vertex 80.655 29.40499999999999 0
    endloop
  endfacet
  facet normal 0 0 -1
    outer loop
      vertex 82.855 29.395 0
      vertex 80.655 29.40499999999999 0
      vertex 82.855 31.59504524886878 0
    endloop
  endfacet
  facet normal 0 0 -1
    outer loop
      vertex 80.64500000000001 29.404999999999998 0
      vertex 80.655 31.605 0
      vertex 82.855 31.605 0
    endloop
  endfacet
  facet normal 0 0 -1
    outer loop
      vertex 82.855 31.59504524886878 0
      vertex 80.655 29.40499999999999 0
      vertex 82.855 31.605 0
    endloop
  endfacet
  facet normal 0 0 1
    outer loop
      vertex 80.64500000000001 29.395045248868787 2
      vertex 80.655 29.395 2
      vertex 80.64500000000001 29.404999999999998 2
    endloop
  endfacet
  facet normal 0 0 1
    outer loop
      vertex 80.64500000000001 29.404999999999998 2
      vertex 80.655 29.395 2
      vertex 80.64500000000001 31.604999999999986 2
    endloop
  endfacet
  facet normal 0 0 1
    outer loop
      vertex 80.655 29.395 2
      vertex 82.855 29.395 2
      vertex 82.855 31.595 2
    endloop
  endfacet
  facet normal 0 0 1
    outer loop
      vertex 80.655 29.395 2
      vertex 82.855 31.605 2
      vertex 80.64500000000001 31.604999999999986 2
    endloop
  endfacet
  facet normal 0 0 1
    outer loop
      vertex 80.655 29.395 2
      vertex 82.855 31.595 2
      vertex 82.855 31.605 2
    endloop
  endfacet
  facet normal 0 0 -1
    outer loop
      vertex 85.05499999999999 29.395 0
      vertex 82.855 29.395 0
      vertex 82.855 31.59504524886878 0
    endloop
  endfacet
  facet normal 0 0 -1
    outer loop
      vertex 85.05499999999999 29.395 0
      vertex 82.855 31.59504524886878 0
      vertex 85.05499999999999 31.605 0
    endloop
  endfacet
  facet normal 0 -1 0
    outer loop
      vertex 85.05499999999999 29.395 0
      vertex 85.05499999999999 29.395 2
      vertex 82.855 29.395 0
    endloop
  endfacet
  facet normal 1 0 0
    outer loop
      vertex 85.05499999999999 29.395 0
      vertex 85.05499999999999 31.605 0
      vertex 85.05499999999999 29.395 2
    endloop
  endfacet
  facet normal 0 -1 0
    outer loop
      vertex 85.05499999999999 29.395 2
      vertex 82.855 29.395 2
      vertex 82.855 29.395 0
    endloop
  endfacet
  facet normal 1 0 0
    outer loop
      vertex 85.05499999999999 31.605 0
      vertex 85.05499999999999 31.605 2
      vertex 85.05499999999999 29.395 2
    endloop
  endfacet
  facet normal 0 0 1
    outer loop
      vertex 85.05499999999999 29.395 2
      vertex 82.855 31.595 2
      vertex 82.855 29.395 2
    endloop
  endfacet
  facet normal 0 0 1
    outer loop
      vertex 85.05499999999999 29.395 2
      vertex 85.04499999999999 31.605 2
      vertex 82.855 31.595 2
    endloop
  endfacet
  facet normal 0 0 1
    outer loop
      vertex 85.05499999999999 29.395 2
      vertex 85.05499999999999 31.605 2
      vertex 85.04499999999999 31.605 2
    endloop
  endfacet
  facet normal 0 0 -1
    outer loop
      vertex 69.64500000000001 31.595 0
      vertex 71.845 33.794999999999995 0
      vertex 71.855 31.605 0
    endloop
  endfacet
  facet normal 0 0 -1
    outer loop
      vertex 69.64500000000001 31.595 0
      vertex 69.64500000000001 33.805 0
      vertex 71.845 33.794999999999995 0
    endloop
  endfacet
  facet normal 0 0 -1
    outer loop
      vertex 69.64500000000001 33.805 0
      vertex 71.845 33.805 0
      vertex 71.845 33.794999999999995 0
    endloop
  endfacet
  facet normal -1 0 0
    outer loop
      vertex 69.64500000000001 31.595 0
      vertex 69.64500000000001 33.805 2
      vertex 69.64500000000001 33.805 0
    endloop
  endfacet
  facet normal 0 1 0
    outer loop
      vertex 69.64500000000001 33.805 0
      vertex 71.845 33.805 2
      vertex 71.845 33.805 0
    endloop
  endfacet
  facet normal -1 0 0
    outer loop
      vertex 69.64500000000001 31.595 0
      vertex 69.64500000000001 31.595 2
      vertex 69.64500000000001 33.805 2
    endloop
  endfacet
  facet normal 0 1 0
    outer loop
      vertex 69.64500000000001 33.805 0
      vertex 69.64500000000001 33.805 2
      vertex 71.845 33.805 2
    endloop
  endfacet
  facet normal 0 0 1
    outer loop
      vertex 69.64500000000001 31.595 2
      vertex 69.65500000000002 31.595 2
      vertex 69.64500000000001 33.805 2
    endloop
  endfacet
  facet normal 0 0 1
    outer loop
      vertex 69.65500000000002 31.595 2
      vertex 71.845 31.605 2
      vertex 69.64500000000001 33.805 2
    endloop
  endfacet
  facet normal 0 0 1
    outer loop
      vertex 69.64500000000001 33.805 2
      vertex 71.845 31.605 2
      vertex 71.845 33.805 2
    endloop
  endfacet
  facet normal 0 0 -1
    outer loop
      vertex 74.05499999999999 31.59504524886878 0
      vertex 74.045 31.595000000003125 0
      vertex 74.05499999999999 31.60499999999999 0
    endloop
  endfacet
  facet normal 0 0 -1
    outer loop
      vertex 71.855 31.605 0
      vertex 71.845 33.794999999999995 0
      vertex 71.845 33.805 0
    endloop
  endfacet
  facet normal 0 0 -1
    outer loop
      vertex 71.855 31.605 0
      vertex 71.845 33.805 0
      vertex 74.04499999931532 33.79500000000312 0
    endloop
  endfacet
  facet normal 0 0 -1
    outer loop
      vertex 74.045 31.595000000003125 0
      vertex 71.855 31.605 0
      vertex 74.04499999999999 33.794999999999995 0
    endloop
  endfacet
  facet normal 0 0 -1
    outer loop
      vertex 71.855 31.605 0
      vertex 74.04499999931532 33.79500000000312 0
      vertex 74.04499999999999 33.794999999999995 0
    endloop
  endfacet
  facet normal 0 0 -1
    outer loop
      vertex 71.845 33.805 0
      vertex 74.045 33.805 0
      vertex 74.04499999931532 33.79500000000312 0
    endloop
  endfacet
  facet normal 0 0 -1
    outer loop
      vertex 74.045 31.595000000003125 0
      vertex 74.04499999999999 33.794999999999995 0
      vertex 74.05499999999999 33.794999999999995 0
    endloop
  endfacet
  facet normal 0 0 -1
    outer loop
      vertex 74.04499999999999 33.794999999999995 0
      vertex 74.05 33.8 0
      vertex 74.05499999999999 33.794999999999995 0
    endloop
  endfacet
  facet normal 0 0 1
    outer loop
      vertex 74.045 31.59504524886878 2
      vertex 74.045 31.60499999999999 2
      vertex 71.85499979432755 31.604954752061865 2
    endloop
  endfacet
  facet normal 0 0 1
    outer loop
      vertex 71.85499979432755 31.604954752061865 2
      vertex 71.845 33.805 2
      vertex 71.845 31.605 2
    endloop
  endfacet
  facet normal 0 0 1
    outer loop
      vertex 71.85499979432755 31.604954752061865 2
      vertex 74.045 31.60499999999999 2
      vertex 71.845 33.805 2
    endloop
  endfacet
  facet normal 0 0 1
    outer loop
      vertex 71.845 33.805 2
      vertex 74.045 31.60499999999999 2
      vertex 74.045 33.795045248868774 2
    endloop
  endfacet
  facet normal 0 0 1
    outer loop
      vertex 71.845 33.805 2
      vertex 74.045 33.795045248868774 2
      vertex 74.04500000000002 33.804999999999986 2
    endloop
  endfacet
  facet normal 0 0 1
    outer loop
      vertex 74.05499999999999 31.595000000003125 2
      vertex 74.05499999999998 33.79500000000001 2
      vertex 74.045 31.60499999999999 2
    endloop
  endfacet
  facet normal 0 0 1
    outer loop
      vertex 74.045 31.60499999999999 2
      vertex 74.05499999999998 33.79500000000001 2
      vertex 74.045 33.795045248868774 2
    endloop
  endfacet
  facet normal 0 0 1
    outer loop
      vertex 74.045 33.795045248868774 2
      vertex 74.05 33.8 2
      vertex 74.04500000000002 33.804999999999986 2
    endloop
  endfacet
  facet normal 0 0 -1
    outer loop
      vertex 74.05499999999999 31.59504524886878 0
      vertex 74.05499999999999 31.60499999999999 0
      vertex 76.245 31.60495475113122 0
    endloop
  endfacet
  facet normal 0 0 -1
    outer loop
      vertex 74.045 31.595000000003125 0
      vertex 74.05499999999999 33.794999999999995 0
      vertex 74.05499999999999 31.60499999999999 0
    endloop
  endfacet
  facet normal 0 0 -1
    outer loop
      vertex 74.05 33.8 0
      vertex 74.0550000000031 33.804999999999986 0
      vertex 74.05499999999999 33.794999999999995 0
    endloop
  endfacet
  facet normal 0 0 -1
    outer loop
      vertex 74.05499999999999 31.60499999999999 0
      vertex 74.05499999999999 33.794999999999995 0
      vertex 76.245 33.794999999999995 0
    endloop
  endfacet
  facet normal 0 0 -1
    outer loop
      vertex 74.05499999999999 33.794999999999995 0
      vertex 74.0550000000031 33.804999999999986 0
      vertex 76.245 33.794999999999995 0
    endloop
  endfacet
  facet normal 0 0 -1
    outer loop
      vertex 74.05499999999999 31.60499999999999 0
      vertex 76.245 31.605 0
      vertex 76.245 31.60495475113122 0
    endloop
  endfacet
  facet normal 0 0 -1
    outer loop
      vertex 74.05499999999999 31.60499999999999 0
      vertex 76.245 33.794999999999995 0
      vertex 76.245 31.605 0
    endloop
  endfacet
  facet normal 0 0 1
    outer loop
      vertex 74.05499999999999 31.595000000003125 2
      vertex 74.045 31.60499999999999 2
      vertex 74.045 31.59504524886878 2
    endloop
  endfacet
  facet normal 0 0 1
    outer loop
      vertex 74.05499999999999 31.595000000003125 2
      vertex 76.24499999999999 31.605 2
      vertex 74.05499999999998 33.79500000000001 2
    endloop
  endfacet
  facet normal 0 0 1
    outer loop
      vertex 74.045 33.795045248868774 2
      vertex 74.05499999999998 33.79500000000001 2
      vertex 74.05 33.8 2
    endloop
  endfacet
  facet normal 0 0 1
    outer loop
      vertex 76.24499999999999 31.605 2
      vertex 76.24504545454546 31.605 2
      vertex 76.25500000000001 33.794999999999995 2
    endloop
  endfacet
  facet normal 0 0 1
    outer loop
      vertex 74.05499999999998 33.79500000000001 2
      vertex 76.24499999999999 31.605 2
      vertex 76.25500000000001 33.794999999999995 2
    endloop
  endfacet
  facet normal 0 0 1
    outer loop
      vertex 74.05499999999998 33.79500000000001 2
      vertex 76.25500000000001 33.794999999999995 2
      vertex 76.24499999999999 33.805 2
    endloop
  endfacet
  facet normal 0 0 -1
    outer loop
      vertex 76.245 33.794999999999995 0
      vertex 78.44500000000002 33.79500000000001 0
      vertex 76.245 31.605 0
    endloop
  endfacet
  facet normal 0 0 -1
    outer loop
      vertex 76.245 33.794999999999995 0
      vertex 76.25500000000311 33.804999999999986 0
      vertex 78.44500000000002 33.79500000000001 0
    endloop
  endfacet
  facet normal 0 0 -1
    outer loop
      vertex 78.45500000000001 31.605 0
      vertex 76.245 31.605 0
      vertex 78.44500000000002 33.79500000000001 0
    endloop
  endfacet
  facet normal 0 0 1
    outer loop
      vertex 76.25500000000001 33.794999999999995 2
      vertex 76.24504545454546 31.605 2
      vertex 78.44500000000001 31.605 2
    endloop
  endfacet
  facet normal 0 0 1
    outer loop
      vertex 76.25500000000001 33.794999999999995 2
      vertex 78.44500000000001 31.605 2
      vertex 78.44500000000313 33.79500000000001 2
    endloop
  endfacet
  facet normal 0 0 1
    outer loop
      vertex 76.25500000000001 33.794999999999995 2
      vertex 78.44500000000313 33.79500000000001 2
      vertex 78.44500000000002 33.804999999999986 2
    endloop
  endfacet
  facet normal 0 0 1
    outer loop
      vertex 78.44500000000313 33.79500000000001 2
      vertex 78.44500000000001 31.605 2
      vertex 78.45500000000001 33.794999999999995 2
    endloop
  endfacet
  facet normal 0 0 -1
    outer loop
      vertex 78.44500000000002 33.79500000000001 0
      vertex 78.44500000000001 33.804999999999986 0
      vertex 78.45495475113123 33.80495475113122 0
    endloop
  endfacet
  facet normal 0 0 -1
    outer loop
      vertex 78.45500000000001 31.605 0
      vertex 80.645 33.794999999999995 0
      vertex 80.64500000000001 31.60499999999999 0
    endloop
  endfacet
  facet normal 0 0 -1
    outer loop
      vertex 78.45500000000001 31.605 0
      vertex 78.44500000000002 33.79500000000001 0
      vertex 80.645 33.794999999999995 0
    endloop
  endfacet
  facet normal 0 0 -1
    outer loop
      vertex 78.455 33.805 0
      vertex 80.64504524886878 33.795045248868774 0
      vertex 78.45495475113123 33.80495475113122 0
    endloop
  endfacet
  facet normal 0 0 -1
    outer loop
      vertex 78.455 33.805 0
      vertex 80.655 33.805 0
      vertex 80.64504524886878 33.795045248868774 0
    endloop
  endfacet
  facet normal 0 0 -1
    outer loop
      vertex 78.455 33.805 0
      vertex 78.45495475113123 33.80495475113122 0
      vertex 78.44500000000001 33.804999999999986 0
    endloop
  endfacet
  facet normal 0 0 -1
    outer loop
      vertex 80.645 33.794999999999995 0
      vertex 80.655 31.605 0
      vertex 80.64500000000001 31.60499999999999 0
    endloop
  endfacet
  facet normal 0 0 1
    outer loop
      vertex 78.45500000000001 33.794999999999995 2
      vertex 78.44500000000001 31.605 2
      vertex 78.455 31.60499999999999 2
    endloop
  endfacet
  facet normal 0 0 1
    outer loop
      vertex 78.45500000000001 33.794999999999995 2
      vertex 78.455 31.60499999999999 2
      vertex 80.64500000000001 31.604999999999986 2
    endloop
  endfacet
  facet normal 0 0 1
    outer loop
      vertex 78.45495475113123 33.795045248868774 2
      vertex 80.64500000000001 33.805 2
      vertex 78.44500000000002 33.804999999999986 2
    endloop
  endfacet
  facet normal 0 0 1
    outer loop
      vertex 78.45500000000001 33.794999999999995 2
      vertex 80.64500000000001 31.604999999999986 2
      vertex 80.65500000000002 33.794999999999995 2
    endloop
  endfacet
  facet normal 0 0 1
    outer loop
      vertex 78.45495475113123 33.795045248868774 2
      vertex 80.64504524886878 33.80495475113122 2
      vertex 80.64500000000001 33.805 2
    endloop
  endfacet
  facet normal 0 0 1
    outer loop
      vertex 80.64504524886878 33.80495475113122 2
      vertex 80.65499999999687 33.804999999999986 2
      vertex 80.64500000000001 33.805 2
    endloop
  endfacet
  facet normal 0 0 -1
    outer loop
      vertex 80.64504524886878 33.795045248868774 0
      vertex 80.655 33.805 0
      vertex 80.655 31.605 0
    endloop
  endfacet
  facet normal 0 0 -1
    outer loop
      vertex 80.645 33.794999999999995 0
      vertex 80.64504524886878 33.795045248868774 0
      vertex 80.655 31.605 0
    endloop
  endfacet
  facet normal 0 0 -1
    outer loop
      vertex 82.855 33.795045248868774 0
      vertex 82.855 31.605 0
      vertex 80.655 31.605 0
    endloop
  endfacet
  facet normal 0 0 -1
    outer loop
      vertex 80.655 33.805 0
      vertex 82.845 33.794999999999995 0
      vertex 80.655 31.605 0
    endloop
  endfacet
  facet normal 0 0 -1
    outer loop
      vertex 82.845 33.794999999999995 0
      vertex 82.855 33.795045248868774 0
      vertex 80.655 31.605 0
    endloop
  endfacet
  facet normal 0 0 -1
    outer loop
      vertex 80.655 33.805 0
      vertex 82.855 33.805 0
      vertex 82.845 33.794999999999995 0
    endloop
  endfacet
  facet normal 0 0 1
    outer loop
      vertex 80.64500000000001 31.604999999999986 2
      vertex 82.855 31.605 2
      vertex 80.65500000000002 33.794999999999995 2
    endloop
  endfacet
  facet normal 0 0 1
    outer loop
      vertex 80.65500000068468 33.79500000000312 2
      vertex 80.65500000000002 33.794999999999995 2
      vertex 82.855 31.605 2
    endloop
  endfacet
  facet normal 0 0 1
    outer loop
      vertex 80.65500000068468 33.79500000000312 2
      vertex 82.855 33.805 2
      vertex 80.65499999999687 33.804999999999986 2
    endloop
  endfacet
  facet normal 0 0 1
    outer loop
      vertex 80.65500000068468 33.79500000000312 2
      vertex 82.855 31.605 2
      vertex 82.855 33.805 2
    endloop
  endfacet
  facet normal 0 0 -1
    outer loop
      vertex 85.05499999999999 31.605 0
      vertex 82.855 31.59504524886878 0
      vertex 82.855 31.605 0
    endloop
  endfacet
  facet normal 0 0 -1
    outer loop
      vertex 82.855 33.795045248868774 0
      vertex 85.05499999999999 31.605 0
      vertex 82.855 31.605 0
    endloop
  endfacet
  facet normal 0 0 -1
    outer loop
      vertex 82.845 33.794999999999995 0
      vertex 82.855 33.805 0
      vertex 82.855 33.795045248868774 0
    endloop
  endfacet
  facet normal 0 0 -1
    outer loop
      vertex 82.855 33.795045248868774 0
      vertex 82.855 33.805 0
      vertex 85.05499999999999 33.805 0
    endloop
  endfacet
  facet normal 0 0 -1
    outer loop
      vertex 82.855 33.795045248868774 0
      vertex 85.05499999999999 33.805 0
      vertex 85.05499999999999 31.605 0
    endloop
  endfacet
  facet normal 1 0 0
    outer loop
      vertex 85.05499999999999 31.605 0
      vertex 85.05499999999999 33.805 0
      vertex 85.05499999999999 31.605 2
    endloop
  endfacet
  facet normal 0 1 0
    outer loop
      vertex 82.855 33.805 0
      vertex 85.05499999999999 33.805 2
      vertex 85.05499999999999 33.805 0
    endloop
  endfacet
  facet normal 1 0 0
    outer loop
      vertex 85.05499999999999 33.805 0
      vertex 85.05499999999999 33.805 2
      vertex 85.05499999999999 31.605 2
    endloop
  endfacet
  facet normal 0 1 0
    outer loop
      vertex 82.855 33.805 0
      vertex 82.855 33.805 2
      vertex 85.05499999999999 33.805 2
    endloop
  endfacet
  facet normal 0 0 1
    outer loop
      vertex 82.855 31.605 2
      vertex 82.855 31.595 2
      vertex 85.05499999999999 33.805 2
    endloop
  endfacet
  facet normal 0 0 1
    outer loop
      vertex 82.855 33.805 2
      vertex 82.855 31.605 2
      vertex 85.05499999999999 33.805 2
    endloop
  endfacet
  facet normal 0 0 1
    outer loop
      vertex 85.04499999999999 31.605 2
      vertex 85.05499999999999 33.805 2
      vertex 82.855 31.595 2
    endloop
  endfacet
  facet normal 0 0 1
    outer loop
      vertex 85.05499999999999 31.605 2
      vertex 85.05499999999999 33.805 2
      vertex 85.04499999999999 31.605 2
    endloop
  endfacet
  facet normal 0 0 -1
    outer loop
      vertex 71.845 33.805 0
      vertex 71.845 36.004999999999995 0
      vertex 74.045 33.805 0
    endloop
  endfacet
  facet normal 0 0 -1
    outer loop
      vertex 74.04499999999999 33.794999999999995 0
      vertex 74.045 33.805 0
      vertex 74.05 33.8 0
    endloop
  endfacet
  facet normal 0 0 -1
    outer loop
      vertex 74.04499999931532 33.79500000000312 0
      vertex 74.045 33.805 0
      vertex 74.04499999999999 33.794999999999995 0
    endloop
  endfacet
  facet normal 0 0 -1
    outer loop
      vertex 74.045 33.805 0
      vertex 71.845 36.004999999999995 0
      vertex 74.045 36.004999999999995 0
    endloop
  endfacet
  facet normal 0 0 -1
    outer loop
      vertex 74.05 33.8 0
      vertex 74.045 33.805 0
      vertex 74.0550000000031 33.804999999999986 0
    endloop
  endfacet
  facet normal -1 0 0
    outer loop
      vertex 71.845 33.805 0
      vertex 71.845 33.805 2
      vertex 71.845 36.004999999999995 0
    endloop
  endfacet
  facet normal 0 1 0
    outer loop
      vertex 71.845 36.004999999999995 0
      vertex 71.845 36.004999999999995 2
      vertex 74.045 36.004999999999995 0
    endloop
  endfacet
  facet normal -1 0 0
    outer loop
      vertex 71.845 36.004999999999995 0
      vertex 71.845 33.805 2
      vertex 71.845 36.004999999999995 2
    endloop
  endfacet
  facet normal 0 1 0
    outer loop
      vertex 74.045 36.004999999999995 0
      vertex 71.845 36.004999999999995 2
      vertex 74.045 36.004999999999995 2
    endloop
  endfacet
  facet normal 0 0 1
    outer loop
      vertex 71.845 33.805 2
      vertex 74.04500000000002 33.804999999999986 2
      vertex 71.845 36.004999999999995 2
    endloop
  endfacet
  facet normal 0 0 1
    outer loop
      vertex 74.04500000000002 33.804999999999986 2
      vertex 74.045 36.004999999999995 2
      vertex 71.845 36.004999999999995 2
    endloop
  endfacet
  facet normal 0 0 1
    outer loop
      vertex 74.05 33.8 2
      vertex 74.05499999999999 33.805 2
      vertex 74.04500000000002 33.804999999999986 2
    endloop
  endfacet
  facet normal 0 0 -1
    outer loop
      vertex 74.045 33.805 0
      vertex 74.045 36.004999999999995 0
      vertex 74.0550000000031 33.804999999999986 0
    endloop
  endfacet
  facet normal 0 0 -1
    outer loop
      vertex 74.0550000000031 33.804999999999986 0
      vertex 74.045 36.004999999999995 0
      vertex 76.24499999965767 35.99500000000156 0
    endloop
  endfacet
  facet normal 0 0 -1
    outer loop
      vertex 74.0550000000031 33.804999999999986 0
      vertex 76.25500000000311 33.804999999999986 0
      vertex 76.245 33.794999999999995 0
    endloop
  endfacet
  facet normal 0 0 -1
    outer loop
      vertex 74.0550000000031 33.804999999999986 0
      vertex 76.245 35.995000000000005 0
      vertex 76.25500000000311 33.804999999999986 0
    endloop
  endfacet
  facet normal 0 0 -1
    outer loop
      vertex 74.0550000000031 33.804999999999986 0
      vertex 76.24499999965767 35.99500000000156 0
      vertex 76.245 35.995000000000005 0
    endloop
  endfacet
  facet normal 0 0 -1
    outer loop
      vertex 74.045 36.004999999999995 0
      vertex 76.245 36.004999999999995 0
      vertex 76.24499999965767 35.99500000000156 0
    endloop
  endfacet
  facet normal 0 0 1
    outer loop
      vertex 74.05499999999998 33.79500000000001 2
      vertex 74.05499999999999 33.805 2
      vertex 74.05 33.8 2
    endloop
  endfacet
  facet normal 0 0 1
    outer loop
      vertex 74.05499999999998 33.79500000000001 2
      vertex 76.24499999999999 33.805 2
      vertex 74.05499999999999 33.805 2
    endloop
  endfacet
  facet normal 0 0 1
    outer loop
      vertex 74.04500000000002 33.804999999999986 2
      vertex 74.05499999999999 33.805 2
      vertex 74.05499999999999 35.995 2
    endloop
  endfacet
  facet normal 0 0 1
    outer loop
      vertex 74.05499999999999 33.805 2
      vertex 76.24499999999999 33.805 2
      vertex 74.05499999999999 35.995 2
    endloop
  endfacet
  facet normal 0 0 1
    outer loop
      vertex 74.04500000000002 33.804999999999986 2
      vertex 74.05499999999999 35.995 2
      vertex 74.045 36.004999999999995 2
    endloop
  endfacet
  facet normal 0 0 1
    outer loop
      vertex 74.05499999999999 35.995 2
      vertex 76.24499999999999 33.805 2
      vertex 76.245 35.995 2
    endloop
  endfacet
  facet normal 0 0 1
    outer loop
      vertex 76.24499999999999 33.805 2
      vertex 76.255 35.995000000000005 2
      vertex 76.245 35.995 2
    endloop
  endfacet
  facet normal 0 0 1
    outer loop
      vertex 76.25 36 2
      vertex 76.245 36.004999999999995 2
      vertex 76.245 35.995 2
    endloop
  endfacet
  facet normal 0 0 1
    outer loop
      vertex 76.255 35.995000000000005 2
      vertex 76.25 36 2
      vertex 76.245 35.995 2
    endloop
  endfacet
  facet normal 0 0 -1
    outer loop
      vertex 76.25500000000311 33.804999999999986 0
      vertex 76.245 35.995000000000005 0
      vertex 76.255 36.00499999999999 0
    endloop
  endfacet
  facet normal 0 0 -1
    outer loop
      vertex 76.25500000000311 33.804999999999986 0
      vertex 76.255 36.00499999999999 0
      vertex 78.44500000000001 35.995 0
    endloop
  endfacet
  facet normal 0 0 -1
    outer loop
      vertex 76.25500000000311 33.804999999999986 0
      vertex 78.44500000000001 33.804999999999986 0
      vertex 78.44500000000002 33.79500000000001 0
    endloop
  endfacet
  facet normal 0 0 -1
    outer loop
      vertex 76.25500000000311 33.804999999999986 0
      vertex 78.44500000000001 35.995 0
      vertex 78.44500000000001 33.804999999999986 0
    endloop
  endfacet
  facet normal 0 0 -1
    outer loop
      vertex 78.455 33.805 0
      vertex 78.44500000000001 33.804999999999986 0
      vertex 78.44500000000001 35.995 0
    endloop
  endfacet
  facet normal 0 0 1
    outer loop
      vertex 76.25500000000001 33.794999999999995 2
      vertex 78.44500000000002 33.804999999999986 2
      vertex 76.24499999999999 33.805 2
    endloop
  endfacet
  facet normal 0 0 1
    outer loop
      vertex 76.24499999999999 33.805 2
      vertex 78.44500000000002 33.804999999999986 2
      vertex 76.255 35.995000000000005 2
    endloop
  endfacet
  facet normal 0 0 1
    outer loop
      vertex 76.255 35.995000000000005 2
      vertex 78.44500000000002 33.804999999999986 2
      vertex 78.45499999999842 35.995000000000005 2
    endloop
  endfacet
  facet normal 0 0 1
    outer loop
      vertex 78.45499999999842 35.995000000000005 2
      vertex 78.44500000000001 36.004999999999995 2
      vertex 76.255 36.004954751131216 2
    endloop
  endfacet
  facet normal 0 0 -1
    outer loop
      vertex 78.44500000000002 33.79500000000001 0
      vertex 78.45495475113123 33.80495475113122 0
      vertex 80.645 33.794999999999995 0
    endloop
  endfacet
  facet normal 0 0 -1
    outer loop
      vertex 78.45495475113123 33.80495475113122 0
      vertex 80.64504524886878 33.795045248868774 0
      vertex 80.645 33.794999999999995 0
    endloop
  endfacet
  facet normal 0 0 -1
    outer loop
      vertex 78.455 33.805 0
      vertex 78.44500000000001 35.995 0
      vertex 78.455 35.995000000000005 0
    endloop
  endfacet
  facet normal 0 0 -1
    outer loop
      vertex 78.455 33.805 0
      vertex 80.64500000000001 35.995000000000005 0
      vertex 80.655 33.805 0
    endloop
  endfacet
  facet normal 0 0 -1
    outer loop
      vertex 78.455 33.805 0
      vertex 78.455 35.995000000000005 0
      vertex 80.64500000000001 35.995000000000005 0
    endloop
  endfacet
  facet normal 0 0 -1
    outer loop
      vertex 78.455 35.995000000000005 0
      vertex 78.455 36.004999999999995 0
      vertex 80.64500000000001 35.995000000000005 0
    endloop
  endfacet
  facet normal 0 0 -1
    outer loop
      vertex 78.455 36.004999999999995 0
      vertex 80.655 36.004999999999995 0
      vertex 80.64500000000001 35.995000000000005 0
    endloop
  endfacet
  facet normal 0 1 0
    outer loop
      vertex 78.455 36.004999999999995 0
      vertex 78.455 36.004999999999995 2
      vertex 80.655 36.004999999999995 0
    endloop
  endfacet
  facet normal 0 1 0
    outer loop
      vertex 80.655 36.004999999999995 0
      vertex 78.455 36.004999999999995 2
      vertex 80.655 36.004999999999995 2
    endloop
  endfacet
  facet normal 0 0 1
    outer loop
      vertex 78.44500000000313 33.79500000000001 2
      vertex 78.45495475113123 33.795045248868774 2
      vertex 78.44500000000002 33.804999999999986 2
    endloop
  endfacet
  facet normal 0 0 1
    outer loop
      vertex 78.44500000000313 33.79500000000001 2
      vertex 78.45500000000001 33.794999999999995 2
      vertex 78.45495475113123 33.795045248868774 2
    endloop
  endfacet
  facet normal 0 0 1
    outer loop
      vertex 78.45495475113123 33.795045248868774 2
      vertex 78.45500000000001 33.794999999999995 2
      vertex 80.64504524886878 33.80495475113122 2
    endloop
  endfacet
  facet normal 0 0 1
    outer loop
      vertex 78.45500000000001 33.794999999999995 2
      vertex 80.65500000000002 33.794999999999995 2
      vertex 80.64504524886878 33.80495475113122 2
    endloop
  endfacet
  facet normal 0 0 1
    outer loop
      vertex 78.44500000000002 33.804999999999986 2
      vertex 80.64500000000001 33.805 2
      vertex 78.45499999999842 35.995000000000005 2
    endloop
  endfacet
  facet normal 0 0 1
    outer loop
      vertex 78.45499999999842 35.995000000000005 2
      vertex 80.655 36.004999999999995 2
      vertex 78.455 36.004999999999995 2
    endloop
  endfacet
  facet normal 0 0 1
    outer loop
      vertex 78.45499999999842 35.995000000000005 2
      vertex 80.64500000000001 33.805 2
      vertex 80.655 35.995000000000005 2
    endloop
  endfacet
  facet normal 0 0 1
    outer loop
      vertex 78.45499999999842 35.995000000000005 2
      vertex 80.655 35.995000000000005 2
      vertex 80.655 36.004999999999995 2
    endloop
  endfacet
  facet normal 0 0 -1
    outer loop
      vertex 80.655 33.805 0
      vertex 80.64500000000001 35.995000000000005 0
      vertex 80.655 36.004999999999995 0
    endloop
  endfacet
  facet normal 0 0 -1
    outer loop
      vertex 80.655 33.805 0
      vertex 82.855 36.004999999999995 0
      vertex 82.855 33.805 0
    endloop
  endfacet
  facet normal 0 0 -1
    outer loop
      vertex 80.655 33.805 0
      vertex 80.655 36.004999999999995 0
      vertex 82.855 36.004999999999995 0
    endloop
  endfacet
  facet normal 1 0 0
    outer loop
      vertex 82.855 33.805 0
      vertex 82.855 36.004999999999995 0
      vertex 82.855 36.004999999999995 2
    endloop
  endfacet
  facet normal 0 1 0
    outer loop
      vertex 80.655 36.004999999999995 0
      vertex 80.655 36.004999999999995 2
      vertex 82.855 36.004999999999995 0
    endloop
  endfacet
  facet normal 1 0 0
    outer loop
      vertex 82.855 33.805 0
      vertex 82.855 36.004999999999995 2
      vertex 82.855 33.805 2
    endloop
  endfacet
  facet normal 0 1 0
    outer loop
      vertex 82.855 36.004999999999995 0
      vertex 80.655 36.004999999999995 2
      vertex 82.855 36.004999999999995 2
    endloop
  endfacet
  facet normal 0 0 1
    outer loop
      vertex 80.65500000000002 33.794999999999995 2
      vertex 80.65499999999687 33.804999999999986 2
      vertex 80.64504524886878 33.80495475113122 2
    endloop
  endfacet
  facet normal 0 0 1
    outer loop
      vertex 80.65500000068468 33.79500000000312 2
      vertex 80.65499999999687 33.804999999999986 2
      vertex 80.65500000000002 33.794999999999995 2
    endloop
  endfacet
  facet normal 0 0 1
    outer loop
      vertex 80.64500000000001 33.805 2
      vertex 80.65499999999687 33.804999999999986 2
      vertex 80.655 35.995000000000005 2
    endloop
  endfacet
  facet normal 0 0 1
    outer loop
      vertex 80.65499999999687 33.804999999999986 2
      vertex 82.855 33.805 2
      vertex 80.655 35.995000000000005 2
    endloop
  endfacet
  facet normal 0 0 1
    outer loop
      vertex 80.655 35.995000000000005 2
      vertex 82.855 36.004999999999995 2
      vertex 80.655 36.004999999999995 2
    endloop
  endfacet
  facet normal 0 0 1
    outer loop
      vertex 80.655 35.995000000000005 2
      vertex 82.855 33.805 2
      vertex 82.855 36.004999999999995 2
    endloop
  endfacet
  facet normal 0 0 -1
    outer loop
      vertex 74.045 36.004999999999995 0
      vertex 74.045 38.205 0
      vertex 76.245 36.004999999999995 0
    endloop
  endfacet
  facet normal -1 0 0
    outer loop
      vertex 74.045 36.004999999999995 0
      vertex 74.045 38.205 2
      vertex 74.045 38.205 0
    endloop
  endfacet
  facet normal 0 0 -1
    outer loop
      vertex 76.245 35.995000000000005 0
      vertex 76.245 36.004999999999995 0
      vertex 76.255 36.00499999999999 0
    endloop
  endfacet
  facet normal 0 0 -1
    outer loop
      vertex 76.24499999965767 35.99500000000156 0
      vertex 76.245 36.004999999999995 0
      vertex 76.245 35.995000000000005 0
    endloop
  endfacet
  facet normal 0 0 -1
    outer loop
      vertex 74.045 38.205 0
      vertex 76.245 38.205 0
      vertex 76.245 36.004999999999995 0
    endloop
  endfacet
  facet normal 0 1 0
    outer loop
      vertex 74.045 38.205 0
      vertex 76.245 38.205 2
      vertex 76.245 38.205 0
    endloop
  endfacet
  facet normal -1 0 0
    outer loop
      vertex 74.045 36.004999999999995 0
      vertex 74.045 36.004999999999995 2
      vertex 74.045 38.205 2
    endloop
  endfacet
  facet normal 0 1 0
    outer loop
      vertex 74.045 38.205 0
      vertex 74.045 38.205 2
      vertex 76.245 38.205 2
    endloop
  endfacet
  facet normal 0 0 1
    outer loop
      vertex 74.05499999999999 35.995 2
      vertex 76.245 36.004999999999995 2
      vertex 74.045 36.004999999999995 2
    endloop
  endfacet
  facet normal 0 0 1
    outer loop
      vertex 74.045 36.004999999999995 2
      vertex 76.245 36.004999999999995 2
      vertex 74.045 38.205 2
    endloop
  endfacet
  facet normal 0 0 1
    outer loop
      vertex 74.05499999999999 35.995 2
      vertex 76.245 35.995 2
      vertex 76.245 36.004999999999995 2
    endloop
  endfacet
  facet normal 0 0 1
    outer loop
      vertex 76.25 36 2
      vertex 76.255 36.004954751131216 2
      vertex 76.245 36.004999999999995 2
    endloop
  endfacet
  facet normal 0 0 1
    outer loop
      vertex 74.045 38.205 2
      vertex 76.245 36.004999999999995 2
      vertex 76.245 38.205 2
    endloop
  endfacet
  facet normal 0 0 -1
    outer loop
      vertex 78.455 35.995000000000005 0
      vertex 78.44500000000001 35.995 0
      vertex 76.255 36.00499999999999 0
    endloop
  endfacet
  facet normal 0 0 -1
    outer loop
      vertex 78.455 35.995000000000005 0
      vertex 76.255 36.00499999999999 0
      vertex 78.455 36.004999999999995 0
    endloop
  endfacet
  facet normal 0 0 -1
    outer loop
      vertex 76.245 36.004999999999995 0
      vertex 76.245 38.205 0
      vertex 76.255 36.00499999999999 0
    endloop
  endfacet
  facet normal 0 0 -1
    outer loop
      vertex 76.255 36.00499999999999 0
      vertex 76.245 38.205 0
      vertex 78.455 38.205 0
    endloop
  endfacet
  facet normal 0 0 -1
    outer loop
      vertex 76.255 36.00499999999999 0
      vertex 78.455 38.19499999999999 0
      vertex 78.455 36.004999999999995 0
    endloop
  endfacet
  facet normal 0 0 -1
    outer loop
      vertex 76.255 36.00499999999999 0
      vertex 78.455 38.205 0
      vertex 78.455 38.19499999999999 0
    endloop
  endfacet
  facet normal 1 0 0
    outer loop
      vertex 78.455 36.004999999999995 0
      vertex 78.455 38.19499999999999 0
      vertex 78.455 36.004999999999995 2
    endloop
  endfacet
  facet normal 1 0 0
    outer loop
      vertex 78.455 38.19499999999999 0
      vertex 78.455 38.19499999999999 2
      vertex 78.455 36.004999999999995 2
    endloop
  endfacet
  facet normal 0 0 1
    outer loop
      vertex 76.255 35.995000000000005 2
      vertex 76.255 36.004954751131216 2
      vertex 76.25 36 2
    endloop
  endfacet
  facet normal 0 0 1
    outer loop
      vertex 76.255 35.995000000000005 2
      vertex 78.45499999999842 35.995000000000005 2
      vertex 76.255 36.004954751131216 2
    endloop
  endfacet
  facet normal 0 0 1
    outer loop
      vertex 78.45499999999842 35.995000000000005 2
      vertex 78.455 36.004999999999995 2
      vertex 78.44500000000001 36.004999999999995 2
    endloop
  endfacet
  facet normal 0 0 1
    outer loop
      vertex 76.255 36.004954751131216 2
      vertex 76.245 38.205 2
      vertex 76.245 36.004999999999995 2
    endloop
  endfacet
  facet normal 0 0 1
    outer loop
      vertex 76.255 36.004954751131216 2
      vertex 78.44500000000001 36.004999999999995 2
      vertex 76.245 38.205 2
    endloop
  endfacet
  facet normal 0 0 1
    outer loop
      vertex 78.455 36.004999999999995 2
      vertex 78.455 38.19499999999999 2
      vertex 78.44500000000001 36.004999999999995 2
    endloop
  endfacet
  facet normal 0 0 1
    outer loop
      vertex 76.245 38.205 2
      vertex 78.44500000000001 36.004999999999995 2
      vertex 78.44500000000001 38.205 2
    endloop
  endfacet
  facet normal 0 0 1
    outer loop
      vertex 78.44500000000001 36.004999999999995 2
      vertex 78.455 38.19499999999999 2
      vertex 78.44500000000001 38.205 2
    endloop
  endfacet
  facet normal 0 0 1
    outer loop
      vertex 78.455 38.19499999999999 2
      vertex 78.455 38.204999999999984 2
      vertex 78.44500000000001 38.205 2
    endloop
  endfacet
  facet normal 0 0 -1
    outer loop
      vertex 76.245 38.205 0
      vertex 76.245 40.404999999999994 0
      vertex 78.44500000000001 40.395 0
    endloop
  endfacet
  facet normal 0 0 -1
    outer loop
      vertex 76.245 38.205 0
      vertex 78.44500000000001 40.395 0
      vertex 78.455 38.205 0
    endloop
  endfacet
  facet normal 0 0 -1
    outer loop
      vertex 76.245 40.404999999999994 0
      vertex 78.44500000000001 40.404999999999994 0
      vertex 78.44500000000001 40.395 0
    endloop
  endfacet
  facet normal -1 0 0
    outer loop
      vertex 76.245 38.205 0
      vertex 76.245 38.205 2
      vertex 76.245 40.404999999999994 0
    endloop
  endfacet
  facet normal 0 1 0
    outer loop
      vertex 76.245 40.404999999999994 0
      vertex 76.245 40.404999999999994 2
      vertex 78.44500000000001 40.404999999999994 0
    endloop
  endfacet
  facet normal -1 0 0
    outer loop
      vertex 76.245 40.404999999999994 0
      vertex 76.245 38.205 2
      vertex 76.245 40.404999999999994 2
    endloop
  endfacet
  facet normal 0 1 0
    outer loop
      vertex 78.44500000000001 40.404999999999994 0
      vertex 76.245 40.404999999999994 2
      vertex 78.44500000000001 40.404999999999994 2
    endloop
  endfacet
  facet normal 0 0 1
    outer loop
      vertex 76.245 38.205 2
      vertex 78.44500000000001 38.205 2
      vertex 76.245 40.404999999999994 2
    endloop
  endfacet
  facet normal 0 0 1
    outer loop
      vertex 76.245 40.404999999999994 2
      vertex 78.44500000000001 38.205 2
      vertex 78.44500000000001 40.404999999999994 2
    endloop
  endfacet
  facet normal 0 0 1
    outer loop
      vertex 78.44500000000001 38.205 2
      vertex 78.455 40.395 2
      vertex 78.44500000000001 40.404999999999994 2
    endloop
  endfacet
  facet normal 0 0 -1
    outer loop
      vertex 78.455 38.19499999999999 0
      vertex 78.455 38.205 0
      vertex 80.655 38.19499999999999 0
    endloop
  endfacet
  facet normal 0 0 -1
    outer loop
      vertex 78.455 38.205 0
      vertex 80.655 38.204999999999984 0
      vertex 80.655 38.19499999999999 0
    endloop
  endfacet
  facet normal 0 0 -1
    outer loop
      vertex 78.455 38.205 0
      vertex 80.64500000000001 40.395 0
      vertex 80.655 38.204999999999984 0
    endloop
  endfacet
  facet normal 0 0 -1
    outer loop
      vertex 78.455 38.205 0
      vertex 78.44500000000001 40.395 0
      vertex 80.64500000000001 40.395 0
    endloop
  endfacet
  facet normal 0 0 -1
    outer loop
      vertex 78.44500000000001 40.395 0
      vertex 78.44500000000001 40.404999999999994 0
      vertex 80.64500000000001 40.395 0
    endloop
  endfacet
  facet normal 0 0 -1
    outer loop
      vertex 78.44500000000001 40.404999999999994 0
      vertex 80.655 40.404999999999994 0
      vertex 80.64500000000001 40.395 0
    endloop
  endfacet
  facet normal 0 -1 0
    outer loop
      vertex 78.455 38.19499999999999 0
      vertex 80.655 38.19499999999999 0
      vertex 80.655 38.19499999999999 2
    endloop
  endfacet
  facet normal 0 1 0
    outer loop
      vertex 78.44500000000001 40.404999999999994 0
      vertex 78.44500000000001 40.404999999999994 2
      vertex 80.655 40.404999999999994 0
    endloop
  endfacet
  facet normal 0 -1 0
    outer loop
      vertex 78.455 38.19499999999999 0
      vertex 80.655 38.19499999999999 2
      vertex 78.455 38.19499999999999 2
    endloop
  endfacet
  facet normal 0 1 0
    outer loop
      vertex 80.655 40.404999999999994 0
      vertex 78.44500000000001 40.404999999999994 2
      vertex 80.655 40.404999999999994 2
    endloop
  endfacet
  facet normal 0 0 1
    outer loop
      vertex 78.455 38.19499999999999 2
      vertex 80.64500000000001 38.204999999999984 2
      vertex 78.455 38.204999999999984 2
    endloop
  endfacet
  facet normal 0 0 1
    outer loop
      vertex 78.455 38.19499999999999 2
      vertex 80.655 38.19499999999999 2
      vertex 80.64500000000001 38.204999999999984 2
    endloop
  endfacet
  facet normal 0 0 1
    outer loop
      vertex 78.44500000000001 38.205 2
      vertex 78.455 38.204999999999984 2
      vertex 78.455 40.395 2
    endloop
  endfacet
  facet normal 0 0 1
    outer loop
      vertex 78.455 38.204999999999984 2
      vertex 80.64500000000001 38.204999999999984 2
      vertex 78.455 40.395 2
    endloop
  endfacet
  facet normal 0 0 1
    outer loop
      vertex 78.44500000000001 40.404999999999994 2
      vertex 78.455 40.395 2
      vertex 80.655 40.404999999999994 2
    endloop
  endfacet
  facet normal 0 0 1
    outer loop
      vertex 78.455 40.395 2
      vertex 80.64500000000001 38.204999999999984 2
      vertex 80.655 40.395 2
    endloop
  endfacet
  facet normal 0 0 1
    outer loop
      vertex 78.455 40.395 2
      vertex 80.655 40.395 2
      vertex 80.655 40.404999999999994 2
    endloop
  endfacet
  facet normal 0 0 -1
    outer loop
      vertex 80.655 38.19499999999999 0
      vertex 80.655 38.204999999999984 0
      vertex 82.855 38.19499999999999 0
    endloop
  endfacet
  facet normal 0 0 -1
    outer loop
      vertex 80.655 38.204999999999984 0
      vertex 80.64500000000001 40.395 0
      vertex 80.655 40.404999999999994 0
    endloop
  endfacet
  facet normal 0 0 -1
    outer loop
      vertex 80.655 38.204999999999984 0
      vertex 82.855 40.404999999999994 0
      vertex 82.855 38.19499999999999 0
    endloop
  endfacet
  facet normal 0 0 -1
    outer loop
      vertex 80.655 38.204999999999984 0
      vertex 80.655 40.404999999999994 0
      vertex 82.855 40.404999999999994 0
    endloop
  endfacet
  facet normal 0 -1 0
    outer loop
      vertex 80.655 38.19499999999999 0
      vertex 82.855 38.19499999999999 0
      vertex 82.855 38.19499999999999 2
    endloop
  endfacet
  facet normal 0 1 0
    outer loop
      vertex 80.655 40.404999999999994 0
      vertex 80.655 40.404999999999994 2
      vertex 82.855 40.404999999999994 0
    endloop
  endfacet
  facet normal 1 0 0
    outer loop
      vertex 82.855 38.19499999999999 0
      vertex 82.855 40.404999999999994 0
      vertex 82.855 38.19499999999999 2
    endloop
  endfacet
  facet normal 0 -1 0
    outer loop
      vertex 80.655 38.19499999999999 0
      vertex 82.855 38.19499999999999 2
      vertex 80.655 38.19499999999999 2
    endloop
  endfacet
  facet normal 0 1 0
    outer loop
      vertex 82.855 40.404999999999994 0
      vertex 80.655 40.404999999999994 2
      vertex 82.855 40.404999999999994 2
    endloop
  endfacet
  facet normal 1 0 0
    outer loop
      vertex 82.855 40.404999999999994 0
      vertex 82.855 40.404999999999994 2
      vertex 82.855 38.19499999999999 2
    endloop
  endfacet
  facet normal 0 0 1
    outer loop
      vertex 80.655 38.19499999999999 2
      vertex 80.655 40.395 2
      vertex 80.64500000000001 38.204999999999984 2
    endloop
  endfacet
  facet normal 0 0 1
    outer loop
      vertex 80.655 38.19499999999999 2
      vertex 82.855 38.19499999999999 2
      vertex 80.655 40.395 2
    endloop
  endfacet
  facet normal 0 0 1
    outer loop
      vertex 80.655 40.404999999999994 2
      vertex 80.655 40.395 2
      vertex 82.855 40.404999999999994 2
    endloop
  endfacet
  facet normal 0 0 1
    outer loop
      vertex 80.655 40.395 2
      vertex 82.855 38.19499999999999 2
      vertex 82.855 40.404999999999994 2
    endloop
  endfacet
endsolid OpenSCAD_Model
