solid OpenSCAD_Model
  facet normal 0 0 -1
    outer loop
      vertex 12.277924554357096 9.84254210369921 0
      vertex 11.75 10.102885682970026 0
      vertex 12.277924554357096 18.15745789630079 0
    endloop
  endfacet
  facet normal 0 0 -1
    outer loop
      vertex 12.277924554357096 9.84254210369921 0
      vertex 12.835314297038657 18.346666218300808 0
      vertex 12.835314297038657 9.653333781699192 0
    endloop
  endfacet
  facet normal -0.713410467621632 -0.6256441885568255 0.31561820925440287
    outer loop
      vertex 10.429909968689442 11.260573569460757 0
      vertex 10.818019484660535 10.818019484660535 0
      vertex 11.525126265847083 11.525126265847083 3
    endloop
  endfacet
  facet normal -0.6256441885568255 -0.713410467621632 0.31561820925440287
    outer loop
      vertex 11.260573569460757 10.429909968689442 0
      vertex 11.525126265847083 11.525126265847083 3
      vertex 10.818019484660535 10.818019484660535 0
    endloop
  endfacet
  facet normal -0.7889700957906798 -0.5271729639644751 0.3156182092544028
    outer loop
      vertex 10.429909968689442 11.260573569460757 0
      vertex 11.223263308980677 11.869334998469478 3
      vertex 10.102885682970026 11.75 0
    endloop
  endfacet
  facet normal -0.8985289948311287 -0.30500949400765415 0.3156182092544029
    outer loop
      vertex 9.84254210369921 12.277924554357096 0
      vertex 10.766421636210497 12.660607986722185 3
      vertex 9.653333781699192 12.835314297038657 0
    endloop
  endfacet
  facet normal -0.8510302268769134 -0.4196816637987336 0.3156182092544029
    outer loop
      vertex 9.84254210369921 12.277924554357096 0
      vertex 10.102885682970026 11.75 0
      vertex 10.968911086754465 12.25 3
    endloop
  endfacet
  facet normal -0.5271729639644751 -0.7889700957906798 0.3156182092544028
    outer loop
      vertex 11.260573569460757 10.429909968689442 0
      vertex 11.75 10.102885682970026 0
      vertex 11.869334998469478 11.223263308980677 3
    endloop
  endfacet
  facet normal -0.4196816637987336 -0.8510302268769134 0.3156182092544029
    outer loop
      vertex 12.277924554357096 9.84254210369921 0
      vertex 12.25 10.968911086754465 3
      vertex 11.75 10.102885682970026 0
    endloop
  endfacet
  facet normal -0.30500949400765415 -0.8985289948311287 0.3156182092544029
    outer loop
      vertex 12.277924554357096 9.84254210369921 0
      vertex 12.835314297038657 9.653333781699192 0
      vertex 12.660607986722185 10.766421636210497 3
    endloop
  endfacet
  facet normal -0.8510302268769135 -0.41968166379873306 0.315618209254403
    outer loop
      vertex 9.84254210369921 12.277924554357096 0
      vertex 10.968911086754465 12.25 3
      vertex 10.766421636210497 12.660607986722185 3
    endloop
  endfacet
  facet normal -0.7889700957906801 -0.5271729639644746 0.3156182092544029
    outer loop
      vertex 10.102885682970026 11.75 0
      vertex 11.223263308980677 11.869334998469478 3
      vertex 10.968911086754465 12.25 3
    endloop
  endfacet
  facet normal -0.7134104676216318 -0.6256441885568255 0.3156182092544028
    outer loop
      vertex 10.429909968689442 11.260573569460757 0
      vertex 11.525126265847083 11.525126265847083 3
      vertex 11.223263308980677 11.869334998469478 3
    endloop
  endfacet
  facet normal -0.6256441885568255 -0.7134104676216318 0.3156182092544028
    outer loop
      vertex 11.260573569460757 10.429909968689442 0
      vertex 11.869334998469478 11.223263308980677 3
      vertex 11.525126265847083 11.525126265847083 3
    endloop
  endfacet
  facet normal -0.5271729639644746 -0.7889700957906801 0.3156182092544029
    outer loop
      vertex 11.75 10.102885682970026 0
      vertex 12.25 10.968911086754465 3
      vertex 11.869334998469478 11.223263308980677 3
    endloop
  endfacet
  facet normal -0.41968166379873306 -0.8510302268769135 0.315618209254403
    outer loop
      vertex 12.277924554357096 9.84254210369921 0
      vertex 12.660607986722185 10.766421636210497 3
      vertex 12.25 10.968911086754465 3
    endloop
  endfacet
  facet normal 0 0 1
    outer loop
      vertex 12.25 10.968911086754465 3
      vertex 12.660607986722185 10.766421636210497 3
      vertex 12.429404794730813 13.349438164979347 3
    endloop
  endfacet
  facet normal 0 0 1
    outer loop
      vertex 12.25 10.968911086754465 3
      vertex 12.429404794730813 13.349438164979347 3
      vertex 12.357926095308583 13.560007623325715 3
    endloop
  endfacet
  facet normal 0 0 1
    outer loop
      vertex 12.660607986722185 10.766421636210497 3
      vertex 12.797918471982868 12.797918471982868 3
      vertex 12.6512993215049 12.965105570685175 3
    endloop
  endfacet
  facet normal 0 0 1
    outer loop
      vertex 12.660607986722185 10.766421636210497 3
      vertex 12.6512993215049 12.965105570685175 3
      vertex 12.527756813566455 13.15 3
    endloop
  endfacet
  facet normal 0 0 1
    outer loop
      vertex 12.660607986722185 10.766421636210497 3
      vertex 12.527756813566455 13.15 3
      vertex 12.429404794730813 13.349438164979347 3
    endloop
  endfacet
  facet normal 0 0 -1
    outer loop
      vertex 9.653333781699192 12.835314297038657 0
      vertex 9.538498123817853 13.412632135009767 0
      vertex 9.653333781699192 15.164685702961343 0
    endloop
  endfacet
  facet normal 0 0 -1
    outer loop
      vertex 9.84254210369921 12.277924554357096 0
      vertex 9.653333781699192 12.835314297038657 0
      vertex 9.84254210369921 15.722075445642904 0
    endloop
  endfacet
  facet normal 0 0 -1
    outer loop
      vertex 9.538498123817853 13.412632135009767 0
      vertex 9.5 14 0
      vertex 9.538498123817853 14.587367864990233 0
    endloop
  endfacet
  facet normal 0 0 -1
    outer loop
      vertex 9.538498123817853 13.412632135009767 0
      vertex 9.538498123817853 14.587367864990233 0
      vertex 9.653333781699192 15.164685702961343 0
    endloop
  endfacet
  facet normal 0 0 -1
    outer loop
      vertex 9.653333781699192 12.835314297038657 0
      vertex 9.653333781699192 15.164685702961343 0
      vertex 9.84254210369921 15.722075445642904 0
    endloop
  endfacet
  facet normal -0.9468546277632082 -0.06206013108623305 0.31561820925440287
    outer loop
      vertex 9.538498123817853 13.412632135009767 0
      vertex 10.529942985191663 13.54315832722982 3
      vertex 9.5 14 0
    endloop
  endfacet
  facet normal -0.9468546277632082 0.06206013108623305 0.31561820925440287
    outer loop
      vertex 9.5 14 0
      vertex 10.529942985191663 14.45684167277018 3
      vertex 9.538498123817853 14.587367864990233 0
    endloop
  endfacet
  facet normal 0 0 -1
    outer loop
      vertex 9.84254210369921 12.277924554357096 0
      vertex 10.102885682970026 16.25 0
      vertex 10.102885682970026 11.75 0
    endloop
  endfacet
  facet normal 0 0 -1
    outer loop
      vertex 10.429909968689442 11.260573569460757 0
      vertex 10.102885682970026 11.75 0
      vertex 10.429909968689442 16.739426430539243 0
    endloop
  endfacet
  facet normal 0 0 -1
    outer loop
      vertex 10.429909968689442 11.260573569460757 0
      vertex 10.818019484660535 17.181980515339465 0
      vertex 10.818019484660535 10.818019484660535 0
    endloop
  endfacet
  facet normal 0 0 -1
    outer loop
      vertex 11.260573569460757 10.429909968689442 0
      vertex 10.818019484660535 10.818019484660535 0
      vertex 11.260573569460757 17.570090031310556 0
    endloop
  endfacet
  facet normal 0 0 -1
    outer loop
      vertex 9.84254210369921 12.277924554357096 0
      vertex 9.84254210369921 15.722075445642904 0
      vertex 10.102885682970026 16.25 0
    endloop
  endfacet
  facet normal 0 0 -1
    outer loop
      vertex 10.102885682970026 11.75 0
      vertex 10.102885682970026 16.25 0
      vertex 10.429909968689442 16.739426430539243 0
    endloop
  endfacet
  facet normal 0 0 -1
    outer loop
      vertex 10.429909968689442 11.260573569460757 0
      vertex 10.429909968689442 16.739426430539243 0
      vertex 10.818019484660535 17.181980515339465 0
    endloop
  endfacet
  facet normal 0 0 -1
    outer loop
      vertex 10.818019484660535 10.818019484660535 0
      vertex 10.818019484660535 17.181980515339465 0
      vertex 11.260573569460757 17.570090031310556 0
    endloop
  endfacet
  facet normal 0 0 -1
    outer loop
      vertex 11.260573569460757 10.429909968689442 0
      vertex 11.75 17.897114317029974 0
      vertex 11.75 10.102885682970026 0
    endloop
  endfacet
  facet normal 0 0 -1
    outer loop
      vertex 11.260573569460757 10.429909968689442 0
      vertex 11.260573569460757 17.570090031310556 0
      vertex 11.75 17.897114317029974 0
    endloop
  endfacet
  facet normal 0 0 -1
    outer loop
      vertex 11.75 10.102885682970026 0
      vertex 11.75 17.897114317029974 0
      vertex 12.277924554357096 18.15745789630079 0
    endloop
  endfacet
  facet normal 0 0 -1
    outer loop
      vertex 12.277924554357096 9.84254210369921 0
      vertex 12.277924554357096 18.15745789630079 0
      vertex 12.835314297038657 18.346666218300808 0
    endloop
  endfacet
  facet normal -0.9306536825644811 -0.18511852720949856 0.31561820925440304
    outer loop
      vertex 9.653333781699192 12.835314297038657 0
      vertex 10.619259607988262 13.094133342141177 3
      vertex 9.538498123817853 13.412632135009767 0
    endloop
  endfacet
  facet normal -0.9306536825644811 0.18511852720949856 0.31561820925440304
    outer loop
      vertex 9.538498123817853 14.587367864990233 0
      vertex 10.619259607988262 14.905866657858823 3
      vertex 9.653333781699192 15.164685702961343 0
    endloop
  endfacet
  facet normal -0.8985289948311287 0.30500949400765415 0.3156182092544029
    outer loop
      vertex 9.653333781699192 15.164685702961343 0
      vertex 10.766421636210497 15.339392013277815 3
      vertex 9.84254210369921 15.722075445642904 0
    endloop
  endfacet
  facet normal -0.8510302268769134 0.4196816637987336 0.3156182092544029
    outer loop
      vertex 9.84254210369921 15.722075445642904 0
      vertex 10.968911086754465 15.75 3
      vertex 10.102885682970026 16.25 0
    endloop
  endfacet
  facet normal -0.7889700957906798 0.5271729639644751 0.31561820925440254
    outer loop
      vertex 11.223263308980677 16.130665001530524 3
      vertex 10.429909968689442 16.739426430539243 0
      vertex 10.102885682970026 16.25 0
    endloop
  endfacet
  facet normal -0.713410467621632 0.6256441885568254 0.3156182092544032
    outer loop
      vertex 10.429909968689442 16.739426430539243 0
      vertex 11.525126265847083 16.474873734152915 3
      vertex 10.818019484660535 17.181980515339465 0
    endloop
  endfacet
  facet normal -0.6256441885568237 0.7134104676216333 0.3156182092544032
    outer loop
      vertex 10.818019484660535 17.181980515339465 0
      vertex 11.525126265847083 16.474873734152915 3
      vertex 11.260573569460757 17.570090031310556 0
    endloop
  endfacet
  facet normal -0.5271729639644771 0.7889700957906786 0.3156182092544024
    outer loop
      vertex 11.260573569460757 17.570090031310556 0
      vertex 11.869334998469478 16.776736691019323 3
      vertex 11.75 17.897114317029974 0
    endloop
  endfacet
  facet normal -0.4196816637987337 0.8510302268769135 0.3156182092544025
    outer loop
      vertex 11.75 17.897114317029974 0
      vertex 12.25 17.031088913245537 3
      vertex 12.277924554357096 18.15745789630079 0
    endloop
  endfacet
  facet normal -0.3050094940076542 0.8985289948311289 0.3156182092544025
    outer loop
      vertex 12.277924554357096 18.15745789630079 0
      vertex 12.660607986722185 17.233578363789505 3
      vertex 12.835314297038657 18.346666218300808 0
    endloop
  endfacet
  facet normal -0.930653682564481 -0.18511852720949934 0.3156182092544029
    outer loop
      vertex 9.538498123817853 13.412632135009767 0
      vertex 10.619259607988262 13.094133342141177 3
      vertex 10.529942985191663 13.54315832722982 3
    endloop
  endfacet
  facet normal -0.8985289948311288 -0.30500949400765415 0.315618209254403
    outer loop
      vertex 9.653333781699192 12.835314297038657 0
      vertex 10.766421636210497 12.660607986722185 3
      vertex 10.619259607988262 13.094133342141177 3
    endloop
  endfacet
  facet normal -0.9468546277632082 -0.06206013108623403 0.3156182092544027
    outer loop
      vertex 10.529942985191663 13.54315832722982 3
      vertex 10.5 14 3
      vertex 9.5 14 0
    endloop
  endfacet
  facet normal -0.9468546277632082 0.06206013108623403 0.3156182092544027
    outer loop
      vertex 9.5 14 0
      vertex 10.5 14 3
      vertex 10.529942985191663 14.45684167277018 3
    endloop
  endfacet
  facet normal -0.930653682564481 0.18511852720949934 0.3156182092544029
    outer loop
      vertex 9.538498123817853 14.587367864990233 0
      vertex 10.529942985191663 14.45684167277018 3
      vertex 10.619259607988262 14.905866657858823 3
    endloop
  endfacet
  facet normal -0.8985289948311288 0.30500949400765415 0.315618209254403
    outer loop
      vertex 9.653333781699192 15.164685702961343 0
      vertex 10.619259607988262 14.905866657858823 3
      vertex 10.766421636210497 15.339392013277815 3
    endloop
  endfacet
  facet normal -0.8510302268769135 0.41968166379873306 0.315618209254403
    outer loop
      vertex 9.84254210369921 15.722075445642904 0
      vertex 10.766421636210497 15.339392013277815 3
      vertex 10.968911086754465 15.75 3
    endloop
  endfacet
  facet normal 0 0 1
    outer loop
      vertex 10.619259607988262 13.094133342141177 3
      vertex 10.529942985191663 14.45684167277018 3
      vertex 10.529942985191663 13.54315832722982 3
    endloop
  endfacet
  facet normal 0 0 1
    outer loop
      vertex 10.529942985191663 13.54315832722982 3
      vertex 10.529942985191663 14.45684167277018 3
      vertex 10.5 14 3
    endloop
  endfacet
  facet normal 0 0 1
    outer loop
      vertex 10.619259607988262 13.094133342141177 3
      vertex 10.619259607988262 14.905866657858823 3
      vertex 10.529942985191663 14.45684167277018 3
    endloop
  endfacet
  facet normal 0 0 1
    outer loop
      vertex 10.968911086754465 12.25 3
      vertex 10.766421636210497 15.339392013277815 3
      vertex 10.766421636210497 12.660607986722185 3
    endloop
  endfacet
  facet normal 0 0 1
    outer loop
      vertex 10.968911086754465 12.25 3
      vertex 11.223263308980677 11.869334998469478 3
      vertex 10.968911086754465 15.75 3
    endloop
  endfacet
  facet normal 0 0 1
    outer loop
      vertex 10.619259607988262 13.094133342141177 3
      vertex 10.766421636210497 12.660607986722185 3
      vertex 10.619259607988262 14.905866657858823 3
    endloop
  endfacet
  facet normal 0 0 1
    outer loop
      vertex 10.766421636210497 12.660607986722185 3
      vertex 10.766421636210497 15.339392013277815 3
      vertex 10.619259607988262 14.905866657858823 3
    endloop
  endfacet
  facet normal 0 0 1
    outer loop
      vertex 10.968911086754465 12.25 3
      vertex 10.968911086754465 15.75 3
      vertex 10.766421636210497 15.339392013277815 3
    endloop
  endfacet
  facet normal 0 0 1
    outer loop
      vertex 11.223263308980677 11.869334998469478 3
      vertex 11.223263308980677 16.130665001530524 3
      vertex 10.968911086754465 15.75 3
    endloop
  endfacet
  facet normal 0 0 1
    outer loop
      vertex 11.525126265847083 11.525126265847083 3
      vertex 11.869334998469478 11.223263308980677 3
      vertex 11.525126265847083 16.474873734152915 3
    endloop
  endfacet
  facet normal 0 0 1
    outer loop
      vertex 11.525126265847083 11.525126265847083 3
      vertex 11.223263308980677 16.130665001530524 3
      vertex 11.223263308980677 11.869334998469478 3
    endloop
  endfacet
  facet normal 0 0 1
    outer loop
      vertex 12.25 10.968911086754465 3
      vertex 11.869334998469478 16.776736691019323 3
      vertex 11.869334998469478 11.223263308980677 3
    endloop
  endfacet
  facet normal 0 0 1
    outer loop
      vertex 12.25 10.968911086754465 3
      vertex 12.314543735664522 13.778105473225912 3
      vertex 12.3 14 3
    endloop
  endfacet
  facet normal 0 0 1
    outer loop
      vertex 12.25 10.968911086754465 3
      vertex 12.357926095308583 13.560007623325715 3
      vertex 12.314543735664522 13.778105473225912 3
    endloop
  endfacet
  facet normal 0 0 1
    outer loop
      vertex 12.25 10.968911086754465 3
      vertex 12.3 14 3
      vertex 12.25 17.031088913245537 3
    endloop
  endfacet
  facet normal 0 0 1
    outer loop
      vertex 11.525126265847083 11.525126265847083 3
      vertex 11.525126265847083 16.474873734152915 3
      vertex 11.223263308980677 16.130665001530524 3
    endloop
  endfacet
  facet normal 0 0 1
    outer loop
      vertex 11.869334998469478 11.223263308980677 3
      vertex 11.869334998469478 16.776736691019323 3
      vertex 11.525126265847083 16.474873734152915 3
    endloop
  endfacet
  facet normal 0 0 1
    outer loop
      vertex 12.25 10.968911086754465 3
      vertex 12.25 17.031088913245537 3
      vertex 11.869334998469478 16.776736691019323 3
    endloop
  endfacet
  facet normal 0 0 1
    outer loop
      vertex 12.25 17.031088913245537 3
      vertex 12.3 14 3
      vertex 12.314543735664522 14.221894526774088 3
    endloop
  endfacet
  facet normal 0 0 1
    outer loop
      vertex 12.25 17.031088913245537 3
      vertex 12.314543735664522 14.221894526774088 3
      vertex 12.357926095308583 14.439992376674285 3
    endloop
  endfacet
  facet normal 0 0 1
    outer loop
      vertex 12.25 17.031088913245537 3
      vertex 12.357926095308583 14.439992376674285 3
      vertex 12.429404794730813 14.650561835020653 3
    endloop
  endfacet
  facet normal 0 0 1
    outer loop
      vertex 12.25 17.031088913245537 3
      vertex 12.429404794730813 14.650561835020653 3
      vertex 12.527756813566455 14.85 3
    endloop
  endfacet
  facet normal -0.7889700957906811 0.5271729639644728 0.31561820925440287
    outer loop
      vertex 10.968911086754465 15.75 3
      vertex 11.223263308980677 16.130665001530524 3
      vertex 10.102885682970026 16.25 0
    endloop
  endfacet
  facet normal -0.7134104676216287 0.6256441885568291 0.31561820925440237
    outer loop
      vertex 11.223263308980677 16.130665001530524 3
      vertex 11.525126265847083 16.474873734152915 3
      vertex 10.429909968689442 16.739426430539243 0
    endloop
  endfacet
  facet normal -0.6256441885568276 0.7134104676216302 0.3156182092544024
    outer loop
      vertex 11.260573569460757 17.570090031310556 0
      vertex 11.525126265847083 16.474873734152915 3
      vertex 11.869334998469478 16.776736691019323 3
    endloop
  endfacet
  facet normal -0.5271729639644771 0.7889700957906786 0.3156182092544024
    outer loop
      vertex 11.75 17.897114317029974 0
      vertex 11.869334998469478 16.776736691019323 3
      vertex 12.25 17.031088913245537 3
    endloop
  endfacet
  facet normal -0.4196816637987331 0.8510302268769138 0.3156182092544025
    outer loop
      vertex 12.277924554357096 18.15745789630079 0
      vertex 12.25 17.031088913245537 3
      vertex 12.660607986722185 17.233578363789505 3
    endloop
  endfacet
  facet normal 0 0 1
    outer loop
      vertex 12.25 17.031088913245537 3
      vertex 12.527756813566455 14.85 3
      vertex 12.6512993215049 15.034894429314825 3
    endloop
  endfacet
  facet normal 0 0 1
    outer loop
      vertex 12.25 17.031088913245537 3
      vertex 12.6512993215049 15.034894429314825 3
      vertex 12.797918471982868 15.202081528017132 3
    endloop
  endfacet
  facet normal 0 0 1
    outer loop
      vertex 12.25 17.031088913245537 3
      vertex 12.797918471982868 15.202081528017132 3
      vertex 12.660607986722185 17.233578363789505 3
    endloop
  endfacet
  facet normal -0.06206013108623305 -0.9468546277632082 0.31561820925440287
    outer loop
      vertex 13.412632135009767 9.538498123817853 0
      vertex 14 9.5 0
      vertex 13.54315832722982 10.529942985191663 3
    endloop
  endfacet
  facet normal 0.06206013108623305 -0.9468546277632082 0.31561820925440287
    outer loop
      vertex 14 9.5 0
      vertex 14.587367864990233 9.538498123817853 0
      vertex 14.45684167277018 10.529942985191663 3
    endloop
  endfacet
  facet normal 0 0 -1
    outer loop
      vertex 12.835314297038657 9.653333781699192 0
      vertex 13.412632135009767 18.461501876182147 0
      vertex 13.412632135009767 9.538498123817853 0
    endloop
  endfacet
  facet normal 0 0 -1
    outer loop
      vertex 13.412632135009767 9.538498123817853 0
      vertex 14 18.5 0
      vertex 14 9.5 0
    endloop
  endfacet
  facet normal 0 0 -1
    outer loop
      vertex 14 9.5 0
      vertex 14.587367864990233 18.461501876182147 0
      vertex 14.587367864990233 9.538498123817853 0
    endloop
  endfacet
  facet normal 0 0 -1
    outer loop
      vertex 14.587367864990233 9.538498123817853 0
      vertex 15.164685702961343 18.346666218300808 0
      vertex 15.164685702961343 9.653333781699192 0
    endloop
  endfacet
  facet normal 0 0 -1
    outer loop
      vertex 15.164685702961343 9.653333781699192 0
      vertex 15.722075445642904 18.15745789630079 0
      vertex 15.722075445642904 9.84254210369921 0
    endloop
  endfacet
  facet normal -0.18511852720949856 -0.9306536825644811 0.31561820925440304
    outer loop
      vertex 12.835314297038657 9.653333781699192 0
      vertex 13.412632135009767 9.538498123817853 0
      vertex 13.094133342141177 10.619259607988262 3
    endloop
  endfacet
  facet normal 0.18511852720949856 -0.9306536825644811 0.31561820925440304
    outer loop
      vertex 14.587367864990233 9.538498123817853 0
      vertex 15.164685702961343 9.653333781699192 0
      vertex 14.905866657858823 10.619259607988262 3
    endloop
  endfacet
  facet normal 0.30500949400765415 -0.8985289948311287 0.3156182092544029
    outer loop
      vertex 15.164685702961343 9.653333781699192 0
      vertex 15.722075445642904 9.84254210369921 0
      vertex 15.339392013277815 10.766421636210497 3
    endloop
  endfacet
  facet normal 0 0 -1
    outer loop
      vertex 15.722075445642904 9.84254210369921 0
      vertex 16.25 17.897114317029974 0
      vertex 16.25 10.102885682970026 0
    endloop
  endfacet
  facet normal 0 0 -1
    outer loop
      vertex 16.25 10.102885682970026 0
      vertex 16.739426430539243 17.570090031310556 0
      vertex 16.739426430539243 10.429909968689442 0
    endloop
  endfacet
  facet normal 0.4196816637987336 -0.8510302268769134 0.3156182092544029
    outer loop
      vertex 15.722075445642904 9.84254210369921 0
      vertex 16.25 10.102885682970026 0
      vertex 15.75 10.968911086754465 3
    endloop
  endfacet
  facet normal 0.5271729639644751 -0.7889700957906798 0.31561820925440254
    outer loop
      vertex 16.130665001530524 11.223263308980677 3
      vertex 16.25 10.102885682970026 0
      vertex 16.739426430539243 10.429909968689442 0
    endloop
  endfacet
  facet normal 0.6256441885568254 -0.713410467621632 0.3156182092544032
    outer loop
      vertex 16.739426430539243 10.429909968689442 0
      vertex 17.181980515339465 10.818019484660535 0
      vertex 16.474873734152915 11.525126265847083 3
    endloop
  endfacet
  facet normal 0.7134104676216333 -0.6256441885568237 0.3156182092544032
    outer loop
      vertex 17.181980515339465 10.818019484660535 0
      vertex 17.570090031310556 11.260573569460757 0
      vertex 16.474873734152915 11.525126265847083 3
    endloop
  endfacet
  facet normal 0.7889700957906786 -0.5271729639644771 0.3156182092544024
    outer loop
      vertex 17.570090031310556 11.260573569460757 0
      vertex 17.897114317029974 11.75 0
      vertex 16.776736691019323 11.869334998469478 3
    endloop
  endfacet
  facet normal 0.8510302268769135 -0.4196816637987337 0.3156182092544025
    outer loop
      vertex 17.897114317029974 11.75 0
      vertex 18.15745789630079 12.277924554357096 0
      vertex 17.031088913245537 12.25 3
    endloop
  endfacet
  facet normal 0.8985289948311289 -0.3050094940076542 0.3156182092544025
    outer loop
      vertex 18.15745789630079 12.277924554357096 0
      vertex 18.346666218300808 12.835314297038657 0
      vertex 17.233578363789505 12.660607986722185 3
    endloop
  endfacet
  facet normal -0.30500949400765415 -0.8985289948311288 0.315618209254403
    outer loop
      vertex 12.835314297038657 9.653333781699192 0
      vertex 13.094133342141177 10.619259607988262 3
      vertex 12.660607986722185 10.766421636210497 3
    endloop
  endfacet
  facet normal -0.18511852720949934 -0.930653682564481 0.3156182092544029
    outer loop
      vertex 13.412632135009767 9.538498123817853 0
      vertex 13.54315832722982 10.529942985191663 3
      vertex 13.094133342141177 10.619259607988262 3
    endloop
  endfacet
  facet normal -0.06206013108623403 -0.9468546277632082 0.3156182092544027
    outer loop
      vertex 13.54315832722982 10.529942985191663 3
      vertex 14 9.5 0
      vertex 14 10.5 3
    endloop
  endfacet
  facet normal 0.06206013108623403 -0.9468546277632082 0.3156182092544027
    outer loop
      vertex 14 9.5 0
      vertex 14.45684167277018 10.529942985191663 3
      vertex 14 10.5 3
    endloop
  endfacet
  facet normal 0.18511852720949934 -0.930653682564481 0.3156182092544029
    outer loop
      vertex 14.587367864990233 9.538498123817853 0
      vertex 14.905866657858823 10.619259607988262 3
      vertex 14.45684167277018 10.529942985191663 3
    endloop
  endfacet
  facet normal 0.30500949400765415 -0.8985289948311288 0.315618209254403
    outer loop
      vertex 15.164685702961343 9.653333781699192 0
      vertex 15.339392013277815 10.766421636210497 3
      vertex 14.905866657858823 10.619259607988262 3
    endloop
  endfacet
  facet normal 0.41968166379873306 -0.8510302268769135 0.315618209254403
    outer loop
      vertex 15.722075445642904 9.84254210369921 0
      vertex 15.75 10.968911086754465 3
      vertex 15.339392013277815 10.766421636210497 3
    endloop
  endfacet
  facet normal 0 0 1
    outer loop
      vertex 13.094133342141177 10.619259607988262 3
      vertex 13.54315832722982 10.529942985191663 3
      vertex 13.349438164979347 12.429404794730813 3
    endloop
  endfacet
  facet normal 0 0 1
    outer loop
      vertex 13.54315832722982 10.529942985191663 3
      vertex 14 10.5 3
      vertex 13.778105473225912 12.314543735664522 3
    endloop
  endfacet
  facet normal 0 0 1
    outer loop
      vertex 12.660607986722185 10.766421636210497 3
      vertex 13.094133342141177 10.619259607988262 3
      vertex 12.797918471982868 12.797918471982868 3
    endloop
  endfacet
  facet normal 0 0 1
    outer loop
      vertex 13.094133342141177 10.619259607988262 3
      vertex 12.965105570685175 12.6512993215049 3
      vertex 12.797918471982868 12.797918471982868 3
    endloop
  endfacet
  facet normal 0 0 1
    outer loop
      vertex 13.094133342141177 10.619259607988262 3
      vertex 13.15 12.527756813566455 3
      vertex 12.965105570685175 12.6512993215049 3
    endloop
  endfacet
  facet normal 0 0 1
    outer loop
      vertex 13.094133342141177 10.619259607988262 3
      vertex 13.349438164979347 12.429404794730813 3
      vertex 13.15 12.527756813566455 3
    endloop
  endfacet
  facet normal 0 0 1
    outer loop
      vertex 13.54315832722982 10.529942985191663 3
      vertex 13.560007623325715 12.357926095308583 3
      vertex 13.349438164979347 12.429404794730813 3
    endloop
  endfacet
  facet normal 0 0 1
    outer loop
      vertex 13.54315832722982 10.529942985191663 3
      vertex 13.778105473225912 12.314543735664522 3
      vertex 13.560007623325715 12.357926095308583 3
    endloop
  endfacet
  facet normal 0 0 1
    outer loop
      vertex 14 10.5 3
      vertex 14 12.3 3
      vertex 13.778105473225912 12.314543735664522 3
    endloop
  endfacet
  facet normal 0 0 1
    outer loop
      vertex 14 10.5 3
      vertex 14.221894526774088 12.314543735664522 3
      vertex 14 12.3 3
    endloop
  endfacet
  facet normal 0 0 1
    outer loop
      vertex 14 10.5 3
      vertex 14.45684167277018 10.529942985191663 3
      vertex 14.221894526774088 12.314543735664522 3
    endloop
  endfacet
  facet normal 0 0 1
    outer loop
      vertex 14.45684167277018 10.529942985191663 3
      vertex 14.905866657858823 10.619259607988262 3
      vertex 14.439992376674285 12.357926095308583 3
    endloop
  endfacet
  facet normal 0 0 1
    outer loop
      vertex 14.905866657858823 10.619259607988262 3
      vertex 15.339392013277815 10.766421636210497 3
      vertex 14.85 12.527756813566455 3
    endloop
  endfacet
  facet normal 0 0 1
    outer loop
      vertex 14.45684167277018 10.529942985191663 3
      vertex 14.439992376674285 12.357926095308583 3
      vertex 14.221894526774088 12.314543735664522 3
    endloop
  endfacet
  facet normal 0 0 1
    outer loop
      vertex 14.905866657858823 10.619259607988262 3
      vertex 14.650561835020653 12.429404794730813 3
      vertex 14.439992376674285 12.357926095308583 3
    endloop
  endfacet
  facet normal 0 0 1
    outer loop
      vertex 14.905866657858823 10.619259607988262 3
      vertex 14.85 12.527756813566455 3
      vertex 14.650561835020653 12.429404794730813 3
    endloop
  endfacet
  facet normal 0 0 1
    outer loop
      vertex 15.339392013277815 10.766421636210497 3
      vertex 15.034894429314825 12.6512993215049 3
      vertex 14.85 12.527756813566455 3
    endloop
  endfacet
  facet normal 0 0 1
    outer loop
      vertex 15.339392013277815 10.766421636210497 3
      vertex 15.75 10.968911086754465 3
      vertex 15.202081528017132 12.797918471982868 3
    endloop
  endfacet
  facet normal 0 0 1
    outer loop
      vertex 15.339392013277815 10.766421636210497 3
      vertex 15.202081528017132 12.797918471982868 3
      vertex 15.034894429314825 12.6512993215049 3
    endloop
  endfacet
  facet normal 0 0 1
    outer loop
      vertex 15.75 10.968911086754465 3
      vertex 15.3487006784951 12.965105570685175 3
      vertex 15.202081528017132 12.797918471982868 3
    endloop
  endfacet
  facet normal 0 0 1
    outer loop
      vertex 15.75 10.968911086754465 3
      vertex 15.472243186433545 13.15 3
      vertex 15.3487006784951 12.965105570685175 3
    endloop
  endfacet
  facet normal 0 0 1
    outer loop
      vertex 15.75 10.968911086754465 3
      vertex 15.570595205269187 13.349438164979347 3
      vertex 15.472243186433545 13.15 3
    endloop
  endfacet
  facet normal 0.5271729639644728 -0.7889700957906811 0.31561820925440287
    outer loop
      vertex 15.75 10.968911086754465 3
      vertex 16.25 10.102885682970026 0
      vertex 16.130665001530524 11.223263308980677 3
    endloop
  endfacet
  facet normal 0.6256441885568291 -0.7134104676216287 0.31561820925440237
    outer loop
      vertex 16.130665001530524 11.223263308980677 3
      vertex 16.739426430539243 10.429909968689442 0
      vertex 16.474873734152915 11.525126265847083 3
    endloop
  endfacet
  facet normal 0.7134104676216302 -0.6256441885568276 0.3156182092544024
    outer loop
      vertex 17.570090031310556 11.260573569460757 0
      vertex 16.776736691019323 11.869334998469478 3
      vertex 16.474873734152915 11.525126265847083 3
    endloop
  endfacet
  facet normal 0.7889700957906786 -0.5271729639644771 0.3156182092544024
    outer loop
      vertex 17.897114317029974 11.75 0
      vertex 17.031088913245537 12.25 3
      vertex 16.776736691019323 11.869334998469478 3
    endloop
  endfacet
  facet normal 0.8510302268769138 -0.4196816637987331 0.3156182092544025
    outer loop
      vertex 18.15745789630079 12.277924554357096 0
      vertex 17.233578363789505 12.660607986722185 3
      vertex 17.031088913245537 12.25 3
    endloop
  endfacet
  facet normal 0 0 1
    outer loop
      vertex 15.75 10.968911086754465 3
      vertex 15.642073904691417 13.560007623325715 3
      vertex 15.570595205269187 13.349438164979347 3
    endloop
  endfacet
  facet normal 0 0 -1
    outer loop
      vertex 12.835314297038657 9.653333781699192 0
      vertex 12.835314297038657 18.346666218300808 0
      vertex 13.412632135009767 18.461501876182147 0
    endloop
  endfacet
  facet normal 0 0 -1
    outer loop
      vertex 13.412632135009767 9.538498123817853 0
      vertex 13.412632135009767 18.461501876182147 0
      vertex 14 18.5 0
    endloop
  endfacet
  facet normal 0 0 -1
    outer loop
      vertex 14 9.5 0
      vertex 14 18.5 0
      vertex 14.587367864990233 18.461501876182147 0
    endloop
  endfacet
  facet normal 0 0 -1
    outer loop
      vertex 14.587367864990233 9.538498123817853 0
      vertex 14.587367864990233 18.461501876182147 0
      vertex 15.164685702961343 18.346666218300808 0
    endloop
  endfacet
  facet normal 0 0 -1
    outer loop
      vertex 15.164685702961343 9.653333781699192 0
      vertex 15.164685702961343 18.346666218300808 0
      vertex 15.722075445642904 18.15745789630079 0
    endloop
  endfacet
  facet normal -0.18511852720949856 0.9306536825644811 0.31561820925440304
    outer loop
      vertex 12.835314297038657 18.346666218300808 0
      vertex 13.094133342141177 17.380740392011738 3
      vertex 13.412632135009767 18.461501876182147 0
    endloop
  endfacet
  facet normal -0.06206013108623305 0.9468546277632082 0.31561820925440287
    outer loop
      vertex 13.412632135009767 18.461501876182147 0
      vertex 13.54315832722982 17.470057014808337 3
      vertex 14 18.5 0
    endloop
  endfacet
  facet normal 0.06206013108623305 0.9468546277632082 0.3156182092544029
    outer loop
      vertex 14 18.5 0
      vertex 14.45684167277018 17.470057014808337 3
      vertex 14.587367864990233 18.461501876182147 0
    endloop
  endfacet
  facet normal 0.18511852720949856 0.9306536825644811 0.31561820925440304
    outer loop
      vertex 14.587367864990233 18.461501876182147 0
      vertex 14.905866657858823 17.380740392011738 3
      vertex 15.164685702961343 18.346666218300808 0
    endloop
  endfacet
  facet normal 0.3050094940076542 0.8985289948311289 0.31561820925440254
    outer loop
      vertex 15.164685702961343 18.346666218300808 0
      vertex 15.339392013277815 17.233578363789505 3
      vertex 15.722075445642904 18.15745789630079 0
    endloop
  endfacet
  facet normal 0 0 -1
    outer loop
      vertex 16.739426430539243 10.429909968689442 0
      vertex 17.181980515339465 17.181980515339465 0
      vertex 17.181980515339465 10.818019484660535 0
    endloop
  endfacet
  facet normal 0 0 -1
    outer loop
      vertex 15.722075445642904 9.84254210369921 0
      vertex 15.722075445642904 18.15745789630079 0
      vertex 16.25 17.897114317029974 0
    endloop
  endfacet
  facet normal 0 0 -1
    outer loop
      vertex 16.25 10.102885682970026 0
      vertex 16.25 17.897114317029974 0
      vertex 16.739426430539243 17.570090031310556 0
    endloop
  endfacet
  facet normal 0 0 -1
    outer loop
      vertex 16.739426430539243 10.429909968689442 0
      vertex 16.739426430539243 17.570090031310556 0
      vertex 17.181980515339465 17.181980515339465 0
    endloop
  endfacet
  facet normal 0 0 -1
    outer loop
      vertex 17.181980515339465 10.818019484660535 0
      vertex 17.570090031310556 16.739426430539243 0
      vertex 17.570090031310556 11.260573569460757 0
    endloop
  endfacet
  facet normal 0 0 -1
    outer loop
      vertex 17.570090031310556 11.260573569460757 0
      vertex 17.897114317029974 16.25 0
      vertex 17.897114317029974 11.75 0
    endloop
  endfacet
  facet normal 0 0 -1
    outer loop
      vertex 17.897114317029974 11.75 0
      vertex 18.15745789630079 15.722075445642904 0
      vertex 18.15745789630079 12.277924554357096 0
    endloop
  endfacet
  facet normal 0 0 -1
    outer loop
      vertex 18.15745789630079 12.277924554357096 0
      vertex 18.346666218300808 15.164685702961343 0
      vertex 18.346666218300808 12.835314297038657 0
    endloop
  endfacet
  facet normal 0 0 -1
    outer loop
      vertex 18.346666218300808 12.835314297038657 0
      vertex 18.461501876182147 14.587367864990233 0
      vertex 18.461501876182147 13.412632135009767 0
    endloop
  endfacet
  facet normal 0 0 -1
    outer loop
      vertex 18.461501876182147 13.412632135009767 0
      vertex 18.461501876182147 14.587367864990233 0
      vertex 18.5 14 0
    endloop
  endfacet
  facet normal 0 0 -1
    outer loop
      vertex 17.570090031310556 11.260573569460757 0
      vertex 17.570090031310556 16.739426430539243 0
      vertex 17.897114317029974 16.25 0
    endloop
  endfacet
  facet normal 0 0 -1
    outer loop
      vertex 17.181980515339465 10.818019484660535 0
      vertex 17.181980515339465 17.181980515339465 0
      vertex 17.570090031310556 16.739426430539243 0
    endloop
  endfacet
  facet normal 0 0 -1
    outer loop
      vertex 17.897114317029974 11.75 0
      vertex 17.897114317029974 16.25 0
      vertex 18.15745789630079 15.722075445642904 0
    endloop
  endfacet
  facet normal 0 0 -1
    outer loop
      vertex 18.15745789630079 12.277924554357096 0
      vertex 18.15745789630079 15.722075445642904 0
      vertex 18.346666218300808 15.164685702961343 0
    endloop
  endfacet
  facet normal 0 0 -1
    outer loop
      vertex 18.346666218300808 12.835314297038657 0
      vertex 18.346666218300808 15.164685702961343 0
      vertex 18.461501876182147 14.587367864990233 0
    endloop
  endfacet
  facet normal 0.9306536825644811 -0.18511852720949856 0.31561820925440304
    outer loop
      vertex 18.346666218300808 12.835314297038657 0
      vertex 18.461501876182147 13.412632135009767 0
      vertex 17.380740392011738 13.094133342141177 3
    endloop
  endfacet
  facet normal 0.9468546277632082 -0.06206013108623305 0.31561820925440287
    outer loop
      vertex 18.461501876182147 13.412632135009767 0
      vertex 18.5 14 0
      vertex 17.470057014808337 13.54315832722982 3
    endloop
  endfacet
  facet normal 0.9306536825644811 0.18511852720949856 0.31561820925440304
    outer loop
      vertex 18.461501876182147 14.587367864990233 0
      vertex 18.346666218300808 15.164685702961343 0
      vertex 17.380740392011738 14.905866657858823 3
    endloop
  endfacet
  facet normal 0.9468546277632082 0.06206013108623305 0.3156182092544029
    outer loop
      vertex 18.5 14 0
      vertex 18.461501876182147 14.587367864990233 0
      vertex 17.470057014808337 14.45684167277018 3
    endloop
  endfacet
  facet normal 0.8985289948311289 0.3050094940076542 0.31561820925440254
    outer loop
      vertex 18.346666218300808 15.164685702961343 0
      vertex 18.15745789630079 15.722075445642904 0
      vertex 17.233578363789505 15.339392013277815 3
    endloop
  endfacet
  facet normal 0.4196816637987337 0.8510302268769135 0.3156182092544024
    outer loop
      vertex 15.722075445642904 18.15745789630079 0
      vertex 15.75 17.031088913245537 3
      vertex 16.25 17.897114317029974 0
    endloop
  endfacet
  facet normal 0.5271729639644772 0.7889700957906786 0.31561820925440215
    outer loop
      vertex 16.130665001530524 16.776736691019323 3
      vertex 16.739426430539243 17.570090031310556 0
      vertex 16.25 17.897114317029974 0
    endloop
  endfacet
  facet normal 0.6256441885568236 0.7134104676216332 0.3156182092544035
    outer loop
      vertex 17.181980515339465 17.181980515339465 0
      vertex 16.739426430539243 17.570090031310556 0
      vertex 16.474873734152915 16.474873734152915 3
    endloop
  endfacet
  facet normal 0.8510302268769135 0.4196816637987337 0.3156182092544024
    outer loop
      vertex 18.15745789630079 15.722075445642904 0
      vertex 17.897114317029974 16.25 0
      vertex 17.031088913245537 15.75 3
    endloop
  endfacet
  facet normal 0.7889700957906786 0.5271729639644772 0.31561820925440215
    outer loop
      vertex 16.776736691019323 16.130665001530524 3
      vertex 17.897114317029974 16.25 0
      vertex 17.570090031310556 16.739426430539243 0
    endloop
  endfacet
  facet normal 0.7134104676216332 0.6256441885568236 0.3156182092544035
    outer loop
      vertex 17.181980515339465 17.181980515339465 0
      vertex 16.474873734152915 16.474873734152915 3
      vertex 17.570090031310556 16.739426430539243 0
    endloop
  endfacet
  facet normal 0 0 1
    outer loop
      vertex 15.339392013277815 17.233578363789505 3
      vertex 15.472243186433545 14.85 3
      vertex 15.570595205269187 14.650561835020653 3
    endloop
  endfacet
  facet normal -0.30500949400765087 0.8985289948311299 0.31561820925440304
    outer loop
      vertex 12.835314297038657 18.346666218300808 0
      vertex 12.660607986722185 17.233578363789505 3
      vertex 13.094133342141177 17.380740392011738 3
    endloop
  endfacet
  facet normal -0.18511852720949934 0.930653682564481 0.3156182092544029
    outer loop
      vertex 13.412632135009767 18.461501876182147 0
      vertex 13.094133342141177 17.380740392011738 3
      vertex 13.54315832722982 17.470057014808337 3
    endloop
  endfacet
  facet normal -0.06206013108623403 0.9468546277632082 0.3156182092544027
    outer loop
      vertex 13.54315832722982 17.470057014808337 3
      vertex 14 17.5 3
      vertex 14 18.5 0
    endloop
  endfacet
  facet normal 0.06206013108623403 0.9468546277632082 0.3156182092544027
    outer loop
      vertex 14 18.5 0
      vertex 14 17.5 3
      vertex 14.45684167277018 17.470057014808337 3
    endloop
  endfacet
  facet normal 0.18511852720949934 0.930653682564481 0.3156182092544029
    outer loop
      vertex 14.587367864990233 18.461501876182147 0
      vertex 14.45684167277018 17.470057014808337 3
      vertex 14.905866657858823 17.380740392011738 3
    endloop
  endfacet
  facet normal 0.30500949400765087 0.8985289948311299 0.31561820925440304
    outer loop
      vertex 15.164685702961343 18.346666218300808 0
      vertex 14.905866657858823 17.380740392011738 3
      vertex 15.339392013277815 17.233578363789505 3
    endloop
  endfacet
  facet normal 0.4196816637987331 0.8510302268769138 0.3156182092544025
    outer loop
      vertex 15.722075445642904 18.15745789630079 0
      vertex 15.339392013277815 17.233578363789505 3
      vertex 15.75 17.031088913245537 3
    endloop
  endfacet
  facet normal 0 0 1
    outer loop
      vertex 12.660607986722185 17.233578363789505 3
      vertex 12.797918471982868 15.202081528017132 3
      vertex 12.965105570685175 15.3487006784951 3
    endloop
  endfacet
  facet normal 0 0 1
    outer loop
      vertex 12.660607986722185 17.233578363789505 3
      vertex 12.965105570685175 15.3487006784951 3
      vertex 13.15 15.472243186433545 3
    endloop
  endfacet
  facet normal 0 0 1
    outer loop
      vertex 13.094133342141177 17.380740392011738 3
      vertex 13.15 15.472243186433545 3
      vertex 13.349438164979347 15.570595205269187 3
    endloop
  endfacet
  facet normal 0 0 1
    outer loop
      vertex 13.094133342141177 17.380740392011738 3
      vertex 13.349438164979347 15.570595205269187 3
      vertex 13.560007623325715 15.642073904691417 3
    endloop
  endfacet
  facet normal 0 0 1
    outer loop
      vertex 12.660607986722185 17.233578363789505 3
      vertex 13.15 15.472243186433545 3
      vertex 13.094133342141177 17.380740392011738 3
    endloop
  endfacet
  facet normal 0 0 1
    outer loop
      vertex 13.094133342141177 17.380740392011738 3
      vertex 13.560007623325715 15.642073904691417 3
      vertex 13.54315832722982 17.470057014808337 3
    endloop
  endfacet
  facet normal 0 0 1
    outer loop
      vertex 13.54315832722982 17.470057014808337 3
      vertex 13.560007623325715 15.642073904691417 3
      vertex 13.778105473225912 15.685456264335478 3
    endloop
  endfacet
  facet normal 0 0 1
    outer loop
      vertex 14 17.5 3
      vertex 13.778105473225912 15.685456264335478 3
      vertex 14 15.7 3
    endloop
  endfacet
  facet normal 0 0 1
    outer loop
      vertex 14 17.5 3
      vertex 14 15.7 3
      vertex 14.221894526774088 15.685456264335478 3
    endloop
  endfacet
  facet normal 0 0 1
    outer loop
      vertex 13.54315832722982 17.470057014808337 3
      vertex 13.778105473225912 15.685456264335478 3
      vertex 14 17.5 3
    endloop
  endfacet
  facet normal 0 0 1
    outer loop
      vertex 14.45684167277018 17.470057014808337 3
      vertex 14.221894526774088 15.685456264335478 3
      vertex 14.439992376674285 15.642073904691417 3
    endloop
  endfacet
  facet normal 0 0 1
    outer loop
      vertex 14.45684167277018 17.470057014808337 3
      vertex 14.439992376674285 15.642073904691417 3
      vertex 14.650561835020653 15.570595205269187 3
    endloop
  endfacet
  facet normal 0 0 1
    outer loop
      vertex 14.905866657858823 17.380740392011738 3
      vertex 14.650561835020653 15.570595205269187 3
      vertex 14.85 15.472243186433545 3
    endloop
  endfacet
  facet normal 0 0 1
    outer loop
      vertex 14 17.5 3
      vertex 14.221894526774088 15.685456264335478 3
      vertex 14.45684167277018 17.470057014808337 3
    endloop
  endfacet
  facet normal 0 0 1
    outer loop
      vertex 14.45684167277018 17.470057014808337 3
      vertex 14.650561835020653 15.570595205269187 3
      vertex 14.905866657858823 17.380740392011738 3
    endloop
  endfacet
  facet normal 0 0 1
    outer loop
      vertex 14.905866657858823 17.380740392011738 3
      vertex 15.034894429314825 15.3487006784951 3
      vertex 15.202081528017132 15.202081528017132 3
    endloop
  endfacet
  facet normal 0 0 1
    outer loop
      vertex 14.905866657858823 17.380740392011738 3
      vertex 14.85 15.472243186433545 3
      vertex 15.034894429314825 15.3487006784951 3
    endloop
  endfacet
  facet normal 0 0 1
    outer loop
      vertex 15.339392013277815 17.233578363789505 3
      vertex 15.3487006784951 15.034894429314825 3
      vertex 15.472243186433545 14.85 3
    endloop
  endfacet
  facet normal 0 0 1
    outer loop
      vertex 15.339392013277815 17.233578363789505 3
      vertex 15.202081528017132 15.202081528017132 3
      vertex 15.3487006784951 15.034894429314825 3
    endloop
  endfacet
  facet normal 0 0 1
    outer loop
      vertex 15.339392013277815 17.233578363789505 3
      vertex 15.570595205269187 14.650561835020653 3
      vertex 15.75 17.031088913245537 3
    endloop
  endfacet
  facet normal 0 0 1
    outer loop
      vertex 14.905866657858823 17.380740392011738 3
      vertex 15.202081528017132 15.202081528017132 3
      vertex 15.339392013277815 17.233578363789505 3
    endloop
  endfacet
  facet normal 0.8985289948311299 -0.30500949400765087 0.31561820925440304
    outer loop
      vertex 18.346666218300808 12.835314297038657 0
      vertex 17.380740392011738 13.094133342141177 3
      vertex 17.233578363789505 12.660607986722185 3
    endloop
  endfacet
  facet normal 0.930653682564481 -0.18511852720949934 0.3156182092544029
    outer loop
      vertex 18.461501876182147 13.412632135009767 0
      vertex 17.470057014808337 13.54315832722982 3
      vertex 17.380740392011738 13.094133342141177 3
    endloop
  endfacet
  facet normal 0.9468546277632082 -0.06206013108623403 0.3156182092544027
    outer loop
      vertex 17.470057014808337 13.54315832722982 3
      vertex 18.5 14 0
      vertex 17.5 14 3
    endloop
  endfacet
  facet normal 0.9468546277632082 0.06206013108623403 0.3156182092544027
    outer loop
      vertex 18.5 14 0
      vertex 17.470057014808337 14.45684167277018 3
      vertex 17.5 14 3
    endloop
  endfacet
  facet normal 0.930653682564481 0.18511852720949934 0.3156182092544029
    outer loop
      vertex 18.461501876182147 14.587367864990233 0
      vertex 17.380740392011738 14.905866657858823 3
      vertex 17.470057014808337 14.45684167277018 3
    endloop
  endfacet
  facet normal 0.8985289948311299 0.30500949400765087 0.31561820925440304
    outer loop
      vertex 18.346666218300808 15.164685702961343 0
      vertex 17.233578363789505 15.339392013277815 3
      vertex 17.380740392011738 14.905866657858823 3
    endloop
  endfacet
  facet normal 0.8510302268769138 0.4196816637987331 0.3156182092544025
    outer loop
      vertex 18.15745789630079 15.722075445642904 0
      vertex 17.031088913245537 15.75 3
      vertex 17.233578363789505 15.339392013277815 3
    endloop
  endfacet
  facet normal 0 0 1
    outer loop
      vertex 15.75 10.968911086754465 3
      vertex 15.685456264335478 13.778105473225912 3
      vertex 15.642073904691417 13.560007623325715 3
    endloop
  endfacet
  facet normal 0 0 1
    outer loop
      vertex 15.75 10.968911086754465 3
      vertex 15.7 14 3
      vertex 15.685456264335478 13.778105473225912 3
    endloop
  endfacet
  facet normal 0 0 1
    outer loop
      vertex 15.75 10.968911086754465 3
      vertex 16.130665001530524 11.223263308980677 3
      vertex 15.75 17.031088913245537 3
    endloop
  endfacet
  facet normal 0 0 1
    outer loop
      vertex 16.130665001530524 11.223263308980677 3
      vertex 16.474873734152915 11.525126265847083 3
      vertex 16.130665001530524 16.776736691019323 3
    endloop
  endfacet
  facet normal 0 0 1
    outer loop
      vertex 15.75 10.968911086754465 3
      vertex 15.75 17.031088913245537 3
      vertex 15.7 14 3
    endloop
  endfacet
  facet normal 0 0 1
    outer loop
      vertex 16.474873734152915 11.525126265847083 3
      vertex 16.776736691019323 11.869334998469478 3
      vertex 16.474873734152915 16.474873734152915 3
    endloop
  endfacet
  facet normal 0 0 1
    outer loop
      vertex 16.776736691019323 11.869334998469478 3
      vertex 17.031088913245537 12.25 3
      vertex 16.776736691019323 16.130665001530524 3
    endloop
  endfacet
  facet normal 0 0 1
    outer loop
      vertex 15.75 17.031088913245537 3
      vertex 15.685456264335478 14.221894526774088 3
      vertex 15.7 14 3
    endloop
  endfacet
  facet normal 0 0 1
    outer loop
      vertex 15.75 17.031088913245537 3
      vertex 15.642073904691417 14.439992376674285 3
      vertex 15.685456264335478 14.221894526774088 3
    endloop
  endfacet
  facet normal 0 0 1
    outer loop
      vertex 15.75 17.031088913245537 3
      vertex 15.570595205269187 14.650561835020653 3
      vertex 15.642073904691417 14.439992376674285 3
    endloop
  endfacet
  facet normal 0 0 1
    outer loop
      vertex 16.130665001530524 11.223263308980677 3
      vertex 16.130665001530524 16.776736691019323 3
      vertex 15.75 17.031088913245537 3
    endloop
  endfacet
  facet normal 0 0 1
    outer loop
      vertex 16.776736691019323 11.869334998469478 3
      vertex 16.776736691019323 16.130665001530524 3
      vertex 16.474873734152915 16.474873734152915 3
    endloop
  endfacet
  facet normal 0 0 1
    outer loop
      vertex 17.031088913245537 12.25 3
      vertex 17.031088913245537 15.75 3
      vertex 16.776736691019323 16.130665001530524 3
    endloop
  endfacet
  facet normal 0 0 1
    outer loop
      vertex 16.474873734152915 11.525126265847083 3
      vertex 16.474873734152915 16.474873734152915 3
      vertex 16.130665001530524 16.776736691019323 3
    endloop
  endfacet
  facet normal 0 0 1
    outer loop
      vertex 17.031088913245537 12.25 3
      vertex 17.233578363789505 12.660607986722185 3
      vertex 17.031088913245537 15.75 3
    endloop
  endfacet
  facet normal 0 0 1
    outer loop
      vertex 17.233578363789505 12.660607986722185 3
      vertex 17.380740392011738 13.094133342141177 3
      vertex 17.233578363789505 15.339392013277815 3
    endloop
  endfacet
  facet normal 0 0 1
    outer loop
      vertex 17.380740392011738 13.094133342141177 3
      vertex 17.470057014808337 13.54315832722982 3
      vertex 17.380740392011738 14.905866657858823 3
    endloop
  endfacet
  facet normal 0 0 1
    outer loop
      vertex 17.470057014808337 13.54315832722982 3
      vertex 17.5 14 3
      vertex 17.470057014808337 14.45684167277018 3
    endloop
  endfacet
  facet normal 0 0 1
    outer loop
      vertex 17.380740392011738 13.094133342141177 3
      vertex 17.380740392011738 14.905866657858823 3
      vertex 17.233578363789505 15.339392013277815 3
    endloop
  endfacet
  facet normal 0 0 1
    outer loop
      vertex 17.233578363789505 12.660607986722185 3
      vertex 17.233578363789505 15.339392013277815 3
      vertex 17.031088913245537 15.75 3
    endloop
  endfacet
  facet normal 0 0 1
    outer loop
      vertex 17.470057014808337 13.54315832722982 3
      vertex 17.470057014808337 14.45684167277018 3
      vertex 17.380740392011738 14.905866657858823 3
    endloop
  endfacet
  facet normal 0.6256441885568313 0.7134104676216271 0.3156182092544019
    outer loop
      vertex 16.130665001530524 16.776736691019323 3
      vertex 16.474873734152915 16.474873734152915 3
      vertex 16.739426430539243 17.570090031310556 0
    endloop
  endfacet
  facet normal 0.7134104676216271 0.6256441885568313 0.3156182092544019
    outer loop
      vertex 16.776736691019323 16.130665001530524 3
      vertex 17.570090031310556 16.739426430539243 0
      vertex 16.474873734152915 16.474873734152915 3
    endloop
  endfacet
  facet normal 0.5271729639644754 0.7889700957906797 0.3156182092544025
    outer loop
      vertex 16.130665001530524 16.776736691019323 3
      vertex 16.25 17.897114317029974 0
      vertex 15.75 17.031088913245537 3
    endloop
  endfacet
  facet normal 0.7889700957906797 0.5271729639644754 0.3156182092544025
    outer loop
      vertex 16.776736691019323 16.130665001530524 3
      vertex 17.031088913245537 15.75 3
      vertex 17.897114317029974 16.25 0
    endloop
  endfacet
  facet normal 0 0 -1
    outer loop
      vertex 9.653333781699192 -1.1646857029613433 0
      vertex 9.538498123817853 -0.5873678649902321 0
      vertex 9.653333781699192 1.1646857029613433 0
    endloop
  endfacet
  facet normal 0 0 -1
    outer loop
      vertex 9.84254210369921 -1.722075445642904 0
      vertex 9.653333781699192 -1.1646857029613433 0
      vertex 9.84254210369921 1.722075445642904 0
    endloop
  endfacet
  facet normal 0 0 -1
    outer loop
      vertex 9.538498123817853 -0.5873678649902321 0
      vertex 9.5 0 0
      vertex 9.538498123817853 0.5873678649902321 0
    endloop
  endfacet
  facet normal 0 0 -1
    outer loop
      vertex 9.538498123817853 -0.5873678649902321 0
      vertex 9.538498123817853 0.5873678649902321 0
      vertex 9.653333781699192 1.1646857029613433 0
    endloop
  endfacet
  facet normal 0 0 -1
    outer loop
      vertex 9.653333781699192 -1.1646857029613433 0
      vertex 9.653333781699192 1.1646857029613433 0
      vertex 9.84254210369921 1.722075445642904 0
    endloop
  endfacet
  facet normal -0.9468546277632083 -0.06206013108623313 0.31561820925440287
    outer loop
      vertex 9.538498123817853 -0.5873678649902321 0
      vertex 10.529942985191663 -0.4568416727701805 3
      vertex 9.5 0 0
    endloop
  endfacet
  facet normal -0.9468546277632083 0.06206013108623313 0.31561820925440287
    outer loop
      vertex 9.5 0 0
      vertex 10.529942985191663 0.4568416727701805 3
      vertex 9.538498123817853 0.5873678649902321 0
    endloop
  endfacet
  facet normal -0.6256441885568258 -0.7134104676216315 0.31561820925440287
    outer loop
      vertex 11.260573569460757 -3.570090031310558 0
      vertex 11.525126265847083 -2.4748737341529163 3
      vertex 10.818019484660535 -3.1819805153394642 0
    endloop
  endfacet
  facet normal -0.7889700957906794 -0.5271729639644754 0.31561820925440265
    outer loop
      vertex 10.429909968689442 -2.739426430539243 0
      vertex 11.223263308980677 -2.1306650015305224 3
      vertex 10.102885682970026 -2.25 0
    endloop
  endfacet
  facet normal -0.8510302268769134 -0.41968166379873345 0.3156182092544029
    outer loop
      vertex 9.84254210369921 -1.722075445642904 0
      vertex 10.102885682970026 -2.25 0
      vertex 10.968911086754465 -1.75 3
    endloop
  endfacet
  facet normal -0.713410467621632 -0.6256441885568255 0.31561820925440287
    outer loop
      vertex 10.429909968689442 -2.739426430539243 0
      vertex 10.818019484660535 -3.1819805153394642 0
      vertex 11.525126265847083 -2.4748737341529163 3
    endloop
  endfacet
  facet normal -0.5271729639644747 -0.7889700957906801 0.31561820925440276
    outer loop
      vertex 11.260573569460757 -3.570090031310558 0
      vertex 11.75 -3.8971143170299736 0
      vertex 11.869334998469478 -2.776736691019323 3
    endloop
  endfacet
  facet normal -0.3050094940076555 -0.8985289948311284 0.31561820925440265
    outer loop
      vertex 12.277924554357096 -4.15745789630079 0
      vertex 12.835314297038657 -4.346666218300808 0
      vertex 12.660607986722185 -3.2335783637895035 3
    endloop
  endfacet
  facet normal -0.41968166379873306 -0.8510302268769138 0.3156182092544026
    outer loop
      vertex 12.277924554357096 -4.15745789630079 0
      vertex 12.25 -3.031088913245535 3
      vertex 11.75 -3.8971143170299736 0
    endloop
  endfacet
  facet normal 0 0 -1
    outer loop
      vertex 9.84254210369921 -1.722075445642904 0
      vertex 10.102885682970026 2.25 0
      vertex 10.102885682970026 -2.25 0
    endloop
  endfacet
  facet normal 0 0 -1
    outer loop
      vertex 10.429909968689442 -2.739426430539243 0
      vertex 10.102885682970026 -2.25 0
      vertex 10.429909968689442 2.739426430539243 0
    endloop
  endfacet
  facet normal 0 0 -1
    outer loop
      vertex 10.429909968689442 -2.739426430539243 0
      vertex 10.818019484660535 3.1819805153394642 0
      vertex 10.818019484660535 -3.1819805153394642 0
    endloop
  endfacet
  facet normal 0 0 -1
    outer loop
      vertex 11.260573569460757 -3.570090031310558 0
      vertex 10.818019484660535 -3.1819805153394642 0
      vertex 11.260573569460757 3.570090031310558 0
    endloop
  endfacet
  facet normal 0 0 -1
    outer loop
      vertex 9.84254210369921 -1.722075445642904 0
      vertex 9.84254210369921 1.722075445642904 0
      vertex 10.102885682970026 2.25 0
    endloop
  endfacet
  facet normal 0 0 -1
    outer loop
      vertex 10.102885682970026 -2.25 0
      vertex 10.102885682970026 2.25 0
      vertex 10.429909968689442 2.739426430539243 0
    endloop
  endfacet
  facet normal 0 0 -1
    outer loop
      vertex 10.429909968689442 -2.739426430539243 0
      vertex 10.429909968689442 2.739426430539243 0
      vertex 10.818019484660535 3.1819805153394642 0
    endloop
  endfacet
  facet normal 0 0 -1
    outer loop
      vertex 10.818019484660535 -3.1819805153394642 0
      vertex 10.818019484660535 3.1819805153394642 0
      vertex 11.260573569460757 3.570090031310558 0
    endloop
  endfacet
  facet normal 0 0 -1
    outer loop
      vertex 11.260573569460757 -3.570090031310558 0
      vertex 11.75 3.8971143170299736 0
      vertex 11.75 -3.8971143170299736 0
    endloop
  endfacet
  facet normal 0 0 -1
    outer loop
      vertex 12.277924554357096 -4.15745789630079 0
      vertex 11.75 -3.8971143170299736 0
      vertex 12.277924554357096 4.15745789630079 0
    endloop
  endfacet
  facet normal 0 0 -1
    outer loop
      vertex 12.277924554357096 -4.15745789630079 0
      vertex 12.835314297038657 4.346666218300808 0
      vertex 12.835314297038657 -4.346666218300808 0
    endloop
  endfacet
  facet normal -0.8985289948311286 -0.3050094940076545 0.315618209254403
    outer loop
      vertex 9.84254210369921 -1.722075445642904 0
      vertex 10.766421636210497 -1.3393920132778143 3
      vertex 9.653333781699192 -1.1646857029613433 0
    endloop
  endfacet
  facet normal -0.9306536825644812 -0.18511852720949823 0.3156182092544031
    outer loop
      vertex 9.653333781699192 -1.1646857029613433 0
      vertex 10.619259607988262 -0.9058666578588226 3
      vertex 9.538498123817853 -0.5873678649902321 0
    endloop
  endfacet
  facet normal -0.9306536825644812 0.18511852720949823 0.3156182092544031
    outer loop
      vertex 9.538498123817853 0.5873678649902321 0
      vertex 10.619259607988262 0.9058666578588226 3
      vertex 9.653333781699192 1.1646857029613433 0
    endloop
  endfacet
  facet normal -0.7134104676216312 -0.6256441885568264 0.31561820925440265
    outer loop
      vertex 10.429909968689442 -2.739426430539243 0
      vertex 11.525126265847083 -2.4748737341529163 3
      vertex 11.223263308980677 -2.1306650015305224 3
    endloop
  endfacet
  facet normal -0.7889700957906803 -0.527172963964474 0.31561820925440287
    outer loop
      vertex 10.102885682970026 -2.25 0
      vertex 11.223263308980677 -2.1306650015305224 3
      vertex 10.968911086754465 -1.75 3
    endloop
  endfacet
  facet normal -0.5271729639644752 -0.7889700957906798 0.3156182092544027
    outer loop
      vertex 11.75 -3.8971143170299736 0
      vertex 12.25 -3.031088913245535 3
      vertex 11.869334998469478 -2.776736691019323 3
    endloop
  endfacet
  facet normal -0.4196816637987331 -0.8510302268769138 0.31561820925440265
    outer loop
      vertex 12.277924554357096 -4.15745789630079 0
      vertex 12.660607986722185 -3.2335783637895035 3
      vertex 12.25 -3.031088913245535 3
    endloop
  endfacet
  facet normal -0.6256441885568259 -0.7134104676216313 0.31561820925440276
    outer loop
      vertex 11.260573569460757 -3.570090031310558 0
      vertex 11.869334998469478 -2.776736691019323 3
      vertex 11.525126265847083 -2.4748737341529163 3
    endloop
  endfacet
  facet normal 0 0 1
    outer loop
      vertex 12.25 -3.031088913245535 3
      vertex 12.660607986722185 -3.2335783637895035 3
      vertex 12.429404794730813 -0.6505618350206527 3
    endloop
  endfacet
  facet normal 0 0 1
    outer loop
      vertex 12.660607986722185 -3.2335783637895035 3
      vertex 12.797918471982868 -1.202081528017131 3
      vertex 12.6512993215049 -1.0348944293148252 3
    endloop
  endfacet
  facet normal 0 0 1
    outer loop
      vertex 12.660607986722185 -3.2335783637895035 3
      vertex 12.6512993215049 -1.0348944293148252 3
      vertex 12.527756813566455 -0.8500000000000001 3
    endloop
  endfacet
  facet normal -0.8510302268769137 -0.4196816637987329 0.315618209254403
    outer loop
      vertex 9.84254210369921 -1.722075445642904 0
      vertex 10.968911086754465 -1.75 3
      vertex 10.766421636210497 -1.3393920132778143 3
    endloop
  endfacet
  facet normal -0.8985289948311287 -0.305009494007654 0.31561820925440304
    outer loop
      vertex 9.653333781699192 -1.1646857029613433 0
      vertex 10.766421636210497 -1.3393920132778143 3
      vertex 10.619259607988262 -0.9058666578588226 3
    endloop
  endfacet
  facet normal -0.930653682564481 -0.1851185272094998 0.31561820925440287
    outer loop
      vertex 9.538498123817853 -0.5873678649902321 0
      vertex 10.619259607988262 -0.9058666578588226 3
      vertex 10.529942985191663 -0.4568416727701805 3
    endloop
  endfacet
  facet normal -0.9468546277632082 -0.06206013108623395 0.31561820925440276
    outer loop
      vertex 10.529942985191663 -0.4568416727701805 3
      vertex 10.5 0 3
      vertex 9.5 0 0
    endloop
  endfacet
  facet normal -0.9468546277632082 0.06206013108623395 0.31561820925440276
    outer loop
      vertex 9.5 0 0
      vertex 10.5 0 3
      vertex 10.529942985191663 0.4568416727701805 3
    endloop
  endfacet
  facet normal -0.930653682564481 0.1851185272094998 0.31561820925440287
    outer loop
      vertex 9.538498123817853 0.5873678649902321 0
      vertex 10.529942985191663 0.4568416727701805 3
      vertex 10.619259607988262 0.9058666578588226 3
    endloop
  endfacet
  facet normal -0.8985289948311287 0.305009494007654 0.31561820925440304
    outer loop
      vertex 9.653333781699192 1.1646857029613433 0
      vertex 10.619259607988262 0.9058666578588226 3
      vertex 10.766421636210497 1.3393920132778143 3
    endloop
  endfacet
  facet normal 0 0 1
    outer loop
      vertex 10.619259607988262 -0.9058666578588226 3
      vertex 10.529942985191663 0.4568416727701805 3
      vertex 10.529942985191663 -0.4568416727701805 3
    endloop
  endfacet
  facet normal 0 0 1
    outer loop
      vertex 10.968911086754465 -1.75 3
      vertex 10.766421636210497 1.3393920132778143 3
      vertex 10.766421636210497 -1.3393920132778143 3
    endloop
  endfacet
  facet normal 0 0 1
    outer loop
      vertex 10.619259607988262 -0.9058666578588226 3
      vertex 10.766421636210497 -1.3393920132778143 3
      vertex 10.619259607988262 0.9058666578588226 3
    endloop
  endfacet
  facet normal 0 0 1
    outer loop
      vertex 10.968911086754465 -1.75 3
      vertex 11.223263308980677 -2.1306650015305224 3
      vertex 10.968911086754465 1.75 3
    endloop
  endfacet
  facet normal 0 0 1
    outer loop
      vertex 10.529942985191663 -0.4568416727701805 3
      vertex 10.529942985191663 0.4568416727701805 3
      vertex 10.5 0 3
    endloop
  endfacet
  facet normal 0 0 1
    outer loop
      vertex 10.619259607988262 -0.9058666578588226 3
      vertex 10.619259607988262 0.9058666578588226 3
      vertex 10.529942985191663 0.4568416727701805 3
    endloop
  endfacet
  facet normal 0 0 1
    outer loop
      vertex 10.766421636210497 -1.3393920132778143 3
      vertex 10.766421636210497 1.3393920132778143 3
      vertex 10.619259607988262 0.9058666578588226 3
    endloop
  endfacet
  facet normal 0 0 1
    outer loop
      vertex 10.968911086754465 -1.75 3
      vertex 10.968911086754465 1.75 3
      vertex 10.766421636210497 1.3393920132778143 3
    endloop
  endfacet
  facet normal 0 0 1
    outer loop
      vertex 11.223263308980677 -2.1306650015305224 3
      vertex 11.223263308980677 2.1306650015305224 3
      vertex 10.968911086754465 1.75 3
    endloop
  endfacet
  facet normal 0 0 1
    outer loop
      vertex 11.525126265847083 -2.4748737341529163 3
      vertex 11.869334998469478 -2.776736691019323 3
      vertex 11.525126265847083 2.4748737341529163 3
    endloop
  endfacet
  facet normal 0 0 1
    outer loop
      vertex 12.25 -3.031088913245535 3
      vertex 11.869334998469478 2.776736691019323 3
      vertex 11.869334998469478 -2.776736691019323 3
    endloop
  endfacet
  facet normal 0 0 1
    outer loop
      vertex 11.525126265847083 -2.4748737341529163 3
      vertex 11.223263308980677 2.1306650015305224 3
      vertex 11.223263308980677 -2.1306650015305224 3
    endloop
  endfacet
  facet normal 0 0 1
    outer loop
      vertex 12.25 -3.031088913245535 3
      vertex 12.429404794730813 -0.6505618350206527 3
      vertex 12.357926095308583 -0.4399923766742853 3
    endloop
  endfacet
  facet normal 0 0 1
    outer loop
      vertex 12.25 -3.031088913245535 3
      vertex 12.357926095308583 -0.4399923766742853 3
      vertex 12.314543735664522 -0.2218945267740877 3
    endloop
  endfacet
  facet normal 0 0 1
    outer loop
      vertex 12.25 -3.031088913245535 3
      vertex 12.314543735664522 -0.2218945267740877 3
      vertex 12.3 0 3
    endloop
  endfacet
  facet normal 0 0 1
    outer loop
      vertex 12.660607986722185 -3.2335783637895035 3
      vertex 12.527756813566455 -0.8500000000000001 3
      vertex 12.429404794730813 -0.6505618350206527 3
    endloop
  endfacet
  facet normal 0 0 1
    outer loop
      vertex 11.525126265847083 -2.4748737341529163 3
      vertex 11.525126265847083 2.4748737341529163 3
      vertex 11.223263308980677 2.1306650015305224 3
    endloop
  endfacet
  facet normal 0 0 1
    outer loop
      vertex 11.869334998469478 -2.776736691019323 3
      vertex 11.869334998469478 2.776736691019323 3
      vertex 11.525126265847083 2.4748737341529163 3
    endloop
  endfacet
  facet normal 0 0 1
    outer loop
      vertex 12.25 -3.031088913245535 3
      vertex 12.3 0 3
      vertex 12.25 3.031088913245535 3
    endloop
  endfacet
  facet normal 0 0 1
    outer loop
      vertex 12.25 -3.031088913245535 3
      vertex 12.25 3.031088913245535 3
      vertex 11.869334998469478 2.776736691019323 3
    endloop
  endfacet
  facet normal 0 0 1
    outer loop
      vertex 12.25 3.031088913245535 3
      vertex 12.3 0 3
      vertex 12.314543735664522 0.2218945267740877 3
    endloop
  endfacet
  facet normal 0 0 1
    outer loop
      vertex 12.25 3.031088913245535 3
      vertex 12.314543735664522 0.2218945267740877 3
      vertex 12.357926095308583 0.4399923766742853 3
    endloop
  endfacet
  facet normal 0 0 -1
    outer loop
      vertex 11.260573569460757 -3.570090031310558 0
      vertex 11.260573569460757 3.570090031310558 0
      vertex 11.75 3.8971143170299736 0
    endloop
  endfacet
  facet normal 0 0 -1
    outer loop
      vertex 11.75 -3.8971143170299736 0
      vertex 11.75 3.8971143170299736 0
      vertex 12.277924554357096 4.15745789630079 0
    endloop
  endfacet
  facet normal 0 0 -1
    outer loop
      vertex 12.277924554357096 -4.15745789630079 0
      vertex 12.277924554357096 4.15745789630079 0
      vertex 12.835314297038657 4.346666218300808 0
    endloop
  endfacet
  facet normal -0.8985289948311286 0.3050094940076545 0.315618209254403
    outer loop
      vertex 9.653333781699192 1.1646857029613433 0
      vertex 10.766421636210497 1.3393920132778143 3
      vertex 9.84254210369921 1.722075445642904 0
    endloop
  endfacet
  facet normal -0.8510302268769134 0.41968166379873345 0.3156182092544029
    outer loop
      vertex 9.84254210369921 1.722075445642904 0
      vertex 10.968911086754465 1.75 3
      vertex 10.102885682970026 2.25 0
    endloop
  endfacet
  facet normal -0.7889700957906794 0.5271729639644754 0.31561820925440265
    outer loop
      vertex 11.223263308980677 2.1306650015305224 3
      vertex 10.429909968689442 2.739426430539243 0
      vertex 10.102885682970026 2.25 0
    endloop
  endfacet
  facet normal -0.713410467621632 0.6256441885568255 0.31561820925440287
    outer loop
      vertex 10.429909968689442 2.739426430539243 0
      vertex 11.525126265847083 2.4748737341529163 3
      vertex 10.818019484660535 3.1819805153394642 0
    endloop
  endfacet
  facet normal -0.6256441885568258 0.7134104676216315 0.31561820925440287
    outer loop
      vertex 10.818019484660535 3.1819805153394642 0
      vertex 11.525126265847083 2.4748737341529163 3
      vertex 11.260573569460757 3.570090031310558 0
    endloop
  endfacet
  facet normal -0.5271729639644747 0.7889700957906801 0.31561820925440276
    outer loop
      vertex 11.260573569460757 3.570090031310558 0
      vertex 11.869334998469478 2.776736691019323 3
      vertex 11.75 3.8971143170299736 0
    endloop
  endfacet
  facet normal -0.41968166379873306 0.8510302268769138 0.31561820925440265
    outer loop
      vertex 11.75 3.8971143170299736 0
      vertex 12.25 3.031088913245535 3
      vertex 12.277924554357096 4.15745789630079 0
    endloop
  endfacet
  facet normal -0.3050094940076555 0.8985289948311285 0.31561820925440265
    outer loop
      vertex 12.277924554357096 4.15745789630079 0
      vertex 12.660607986722185 3.2335783637895035 3
      vertex 12.835314297038657 4.346666218300808 0
    endloop
  endfacet
  facet normal -0.8510302268769137 0.4196816637987329 0.315618209254403
    outer loop
      vertex 9.84254210369921 1.722075445642904 0
      vertex 10.766421636210497 1.3393920132778143 3
      vertex 10.968911086754465 1.75 3
    endloop
  endfacet
  facet normal -0.7889700957906803 0.527172963964474 0.31561820925440287
    outer loop
      vertex 10.968911086754465 1.75 3
      vertex 11.223263308980677 2.1306650015305224 3
      vertex 10.102885682970026 2.25 0
    endloop
  endfacet
  facet normal -0.7134104676216312 0.6256441885568264 0.31561820925440265
    outer loop
      vertex 11.223263308980677 2.1306650015305224 3
      vertex 11.525126265847083 2.4748737341529163 3
      vertex 10.429909968689442 2.739426430539243 0
    endloop
  endfacet
  facet normal -0.6256441885568259 0.7134104676216313 0.31561820925440276
    outer loop
      vertex 11.260573569460757 3.570090031310558 0
      vertex 11.525126265847083 2.4748737341529163 3
      vertex 11.869334998469478 2.776736691019323 3
    endloop
  endfacet
  facet normal -0.5271729639644752 0.7889700957906798 0.31561820925440265
    outer loop
      vertex 11.75 3.8971143170299736 0
      vertex 11.869334998469478 2.776736691019323 3
      vertex 12.25 3.031088913245535 3
    endloop
  endfacet
  facet normal -0.4196816637987331 0.8510302268769138 0.31561820925440265
    outer loop
      vertex 12.277924554357096 4.15745789630079 0
      vertex 12.25 3.031088913245535 3
      vertex 12.660607986722185 3.2335783637895035 3
    endloop
  endfacet
  facet normal 0 0 1
    outer loop
      vertex 12.25 3.031088913245535 3
      vertex 12.357926095308583 0.4399923766742853 3
      vertex 12.429404794730813 0.6505618350206527 3
    endloop
  endfacet
  facet normal 0 0 1
    outer loop
      vertex 12.25 3.031088913245535 3
      vertex 12.429404794730813 0.6505618350206527 3
      vertex 12.527756813566455 0.8500000000000001 3
    endloop
  endfacet
  facet normal 0 0 1
    outer loop
      vertex 12.25 3.031088913245535 3
      vertex 12.527756813566455 0.8500000000000001 3
      vertex 12.6512993215049 1.0348944293148252 3
    endloop
  endfacet
  facet normal 0 0 1
    outer loop
      vertex 12.25 3.031088913245535 3
      vertex 12.6512993215049 1.0348944293148252 3
      vertex 12.797918471982868 1.202081528017131 3
    endloop
  endfacet
  facet normal 0 0 1
    outer loop
      vertex 12.25 3.031088913245535 3
      vertex 12.797918471982868 1.202081528017131 3
      vertex 12.660607986722185 3.2335783637895035 3
    endloop
  endfacet
  facet normal -0.1851185272094972 -0.9306536825644816 0.31561820925440276
    outer loop
      vertex 12.835314297038657 -4.346666218300808 0
      vertex 13.412632135009767 -4.4615018761821466 0
      vertex 13.094133342141177 -3.380740392011739 3
    endloop
  endfacet
  facet normal -0.06206013108623449 -0.9468546277632082 0.31561820925440265
    outer loop
      vertex 13.412632135009767 -4.4615018761821466 0
      vertex 14 -4.5 0
      vertex 13.54315832722982 -3.4700570148083365 3
    endloop
  endfacet
  facet normal 0.06206013108623449 -0.9468546277632082 0.31561820925440265
    outer loop
      vertex 14 -4.5 0
      vertex 14.587367864990233 -4.4615018761821466 0
      vertex 14.45684167277018 -3.4700570148083365 3
    endloop
  endfacet
  facet normal 0.1851185272094972 -0.9306536825644816 0.31561820925440276
    outer loop
      vertex 14.587367864990233 -4.4615018761821466 0
      vertex 15.164685702961343 -4.346666218300808 0
      vertex 14.905866657858823 -3.380740392011739 3
    endloop
  endfacet
  facet normal 0.3050094940076555 -0.8985289948311284 0.31561820925440265
    outer loop
      vertex 15.164685702961343 -4.346666218300808 0
      vertex 15.722075445642904 -4.15745789630079 0
      vertex 15.339392013277815 -3.2335783637895035 3
    endloop
  endfacet
  facet normal 0 0 -1
    outer loop
      vertex 12.835314297038657 -4.346666218300808 0
      vertex 13.412632135009767 4.4615018761821466 0
      vertex 13.412632135009767 -4.4615018761821466 0
    endloop
  endfacet
  facet normal 0 0 -1
    outer loop
      vertex 13.412632135009767 -4.4615018761821466 0
      vertex 14 4.5 0
      vertex 14 -4.5 0
    endloop
  endfacet
  facet normal 0 0 -1
    outer loop
      vertex 14 -4.5 0
      vertex 14.587367864990233 4.4615018761821466 0
      vertex 14.587367864990233 -4.4615018761821466 0
    endloop
  endfacet
  facet normal 0 0 -1
    outer loop
      vertex 14.587367864990233 -4.4615018761821466 0
      vertex 15.164685702961343 4.346666218300808 0
      vertex 15.164685702961343 -4.346666218300808 0
    endloop
  endfacet
  facet normal 0 0 -1
    outer loop
      vertex 15.164685702961343 -4.346666218300808 0
      vertex 15.722075445642904 4.15745789630079 0
      vertex 15.722075445642904 -4.15745789630079 0
    endloop
  endfacet
  facet normal 0.41968166379873306 -0.8510302268769138 0.31561820925440265
    outer loop
      vertex 15.722075445642904 -4.15745789630079 0
      vertex 16.25 -3.8971143170299736 0
      vertex 15.75 -3.031088913245535 3
    endloop
  endfacet
  facet normal 0.5271729639644747 -0.7889700957906801 0.3156182092544025
    outer loop
      vertex 16.130665001530524 -2.776736691019323 3
      vertex 16.25 -3.8971143170299736 0
      vertex 16.739426430539243 -3.570090031310558 0
    endloop
  endfacet
  facet normal 0.6256441885568257 -0.7134104676216315 0.31561820925440315
    outer loop
      vertex 16.739426430539243 -3.570090031310558 0
      vertex 17.181980515339465 -3.1819805153394642 0
      vertex 16.474873734152915 -2.4748737341529163 3
    endloop
  endfacet
  facet normal 0.7134104676216333 -0.6256441885568237 0.3156182092544032
    outer loop
      vertex 17.181980515339465 -3.1819805153394642 0
      vertex 17.570090031310556 -2.739426430539243 0
      vertex 16.474873734152915 -2.4748737341529163 3
    endloop
  endfacet
  facet normal 0.7889700957906782 -0.5271729639644774 0.31561820925440226
    outer loop
      vertex 17.570090031310556 -2.739426430539243 0
      vertex 17.897114317029974 -2.25 0
      vertex 16.776736691019323 -2.1306650015305224 3
    endloop
  endfacet
  facet normal 0.8510302268769137 -0.41968166379873356 0.3156182092544024
    outer loop
      vertex 17.897114317029974 -2.25 0
      vertex 18.15745789630079 -1.722075445642904 0
      vertex 17.031088913245537 -1.75 3
    endloop
  endfacet
  facet normal 0 0 -1
    outer loop
      vertex 15.722075445642904 -4.15745789630079 0
      vertex 16.25 3.8971143170299736 0
      vertex 16.25 -3.8971143170299736 0
    endloop
  endfacet
  facet normal 0 0 -1
    outer loop
      vertex 16.25 -3.8971143170299736 0
      vertex 16.739426430539243 3.570090031310558 0
      vertex 16.739426430539243 -3.570090031310558 0
    endloop
  endfacet
  facet normal 0 0 -1
    outer loop
      vertex 16.739426430539243 -3.570090031310558 0
      vertex 17.181980515339465 3.1819805153394642 0
      vertex 17.181980515339465 -3.1819805153394642 0
    endloop
  endfacet
  facet normal 0 0 -1
    outer loop
      vertex 16.25 -3.8971143170299736 0
      vertex 16.25 3.8971143170299736 0
      vertex 16.739426430539243 3.570090031310558 0
    endloop
  endfacet
  facet normal 0 0 -1
    outer loop
      vertex 16.739426430539243 -3.570090031310558 0
      vertex 16.739426430539243 3.570090031310558 0
      vertex 17.181980515339465 3.1819805153394642 0
    endloop
  endfacet
  facet normal 0 0 -1
    outer loop
      vertex 17.181980515339465 -3.1819805153394642 0
      vertex 17.570090031310556 2.739426430539243 0
      vertex 17.570090031310556 -2.739426430539243 0
    endloop
  endfacet
  facet normal 0 0 -1
    outer loop
      vertex 17.570090031310556 -2.739426430539243 0
      vertex 17.897114317029974 2.25 0
      vertex 17.897114317029974 -2.25 0
    endloop
  endfacet
  facet normal 0 0 -1
    outer loop
      vertex 17.897114317029974 -2.25 0
      vertex 18.15745789630079 1.722075445642904 0
      vertex 18.15745789630079 -1.722075445642904 0
    endloop
  endfacet
  facet normal 0 0 -1
    outer loop
      vertex 18.15745789630079 -1.722075445642904 0
      vertex 18.346666218300808 1.1646857029613433 0
      vertex 18.346666218300808 -1.1646857029613433 0
    endloop
  endfacet
  facet normal 0 0 -1
    outer loop
      vertex 18.346666218300808 -1.1646857029613433 0
      vertex 18.461501876182147 0.5873678649902321 0
      vertex 18.461501876182147 -0.5873678649902321 0
    endloop
  endfacet
  facet normal 0 0 -1
    outer loop
      vertex 17.181980515339465 -3.1819805153394642 0
      vertex 17.181980515339465 3.1819805153394642 0
      vertex 17.570090031310556 2.739426430539243 0
    endloop
  endfacet
  facet normal 0 0 -1
    outer loop
      vertex 17.570090031310556 -2.739426430539243 0
      vertex 17.570090031310556 2.739426430539243 0
      vertex 17.897114317029974 2.25 0
    endloop
  endfacet
  facet normal 0 0 -1
    outer loop
      vertex 18.461501876182147 -0.5873678649902321 0
      vertex 18.461501876182147 0.5873678649902321 0
      vertex 18.5 0 0
    endloop
  endfacet
  facet normal 0 0 -1
    outer loop
      vertex 18.15745789630079 -1.722075445642904 0
      vertex 18.15745789630079 1.722075445642904 0
      vertex 18.346666218300808 1.1646857029613433 0
    endloop
  endfacet
  facet normal 0 0 -1
    outer loop
      vertex 18.346666218300808 -1.1646857029613433 0
      vertex 18.346666218300808 1.1646857029613433 0
      vertex 18.461501876182147 0.5873678649902321 0
    endloop
  endfacet
  facet normal 0 0 -1
    outer loop
      vertex 17.897114317029974 -2.25 0
      vertex 17.897114317029974 2.25 0
      vertex 18.15745789630079 1.722075445642904 0
    endloop
  endfacet
  facet normal 0.8985289948311288 -0.30500949400765454 0.31561820925440254
    outer loop
      vertex 18.15745789630079 -1.722075445642904 0
      vertex 18.346666218300808 -1.1646857029613433 0
      vertex 17.233578363789505 -1.3393920132778143 3
    endloop
  endfacet
  facet normal 0.9306536825644812 -0.18511852720949823 0.31561820925440304
    outer loop
      vertex 18.346666218300808 -1.1646857029613433 0
      vertex 18.461501876182147 -0.5873678649902321 0
      vertex 17.380740392011738 -0.9058666578588226 3
    endloop
  endfacet
  facet normal 0.9468546277632083 -0.06206013108623313 0.3156182092544029
    outer loop
      vertex 18.461501876182147 -0.5873678649902321 0
      vertex 18.5 0 0
      vertex 17.470057014808337 -0.4568416727701805 3
    endloop
  endfacet
  facet normal 0.9468546277632083 0.06206013108623313 0.3156182092544029
    outer loop
      vertex 18.5 0 0
      vertex 18.461501876182147 0.5873678649902321 0
      vertex 17.470057014808337 0.4568416727701805 3
    endloop
  endfacet
  facet normal 0.9306536825644812 0.18511852720949823 0.3156182092544031
    outer loop
      vertex 18.461501876182147 0.5873678649902321 0
      vertex 18.346666218300808 1.1646857029613433 0
      vertex 17.380740392011738 0.9058666578588226 3
    endloop
  endfacet
  facet normal -0.305009494007655 -0.8985289948311285 0.3156182092544027
    outer loop
      vertex 12.835314297038657 -4.346666218300808 0
      vertex 13.094133342141177 -3.380740392011739 3
      vertex 12.660607986722185 -3.2335783637895035 3
    endloop
  endfacet
  facet normal -0.1851185272094976 -0.9306536825644814 0.3156182092544027
    outer loop
      vertex 13.412632135009767 -4.4615018761821466 0
      vertex 13.54315832722982 -3.4700570148083365 3
      vertex 13.094133342141177 -3.380740392011739 3
    endloop
  endfacet
  facet normal -0.06206013108623403 -0.9468546277632082 0.3156182092544027
    outer loop
      vertex 13.54315832722982 -3.4700570148083365 3
      vertex 14 -4.5 0
      vertex 14 -3.5 3
    endloop
  endfacet
  facet normal 0.06206013108623403 -0.9468546277632082 0.3156182092544027
    outer loop
      vertex 14 -4.5 0
      vertex 14.45684167277018 -3.4700570148083365 3
      vertex 14 -3.5 3
    endloop
  endfacet
  facet normal 0.1851185272094976 -0.9306536825644814 0.3156182092544027
    outer loop
      vertex 14.587367864990233 -4.4615018761821466 0
      vertex 14.905866657858823 -3.380740392011739 3
      vertex 14.45684167277018 -3.4700570148083365 3
    endloop
  endfacet
  facet normal 0.305009494007655 -0.8985289948311285 0.3156182092544027
    outer loop
      vertex 15.164685702961343 -4.346666218300808 0
      vertex 15.339392013277815 -3.2335783637895035 3
      vertex 14.905866657858823 -3.380740392011739 3
    endloop
  endfacet
  facet normal 0.4196816637987331 -0.8510302268769138 0.31561820925440265
    outer loop
      vertex 15.722075445642904 -4.15745789630079 0
      vertex 15.75 -3.031088913245535 3
      vertex 15.339392013277815 -3.2335783637895035 3
    endloop
  endfacet
  facet normal 0 0 1
    outer loop
      vertex 12.660607986722185 -3.2335783637895035 3
      vertex 13.094133342141177 -3.380740392011739 3
      vertex 12.797918471982868 -1.202081528017131 3
    endloop
  endfacet
  facet normal 0 0 1
    outer loop
      vertex 13.094133342141177 -3.380740392011739 3
      vertex 13.54315832722982 -3.4700570148083365 3
      vertex 13.349438164979347 -1.5705952052691876 3
    endloop
  endfacet
  facet normal 0 0 1
    outer loop
      vertex 13.094133342141177 -3.380740392011739 3
      vertex 13.15 -1.4722431864335457 3
      vertex 12.965105570685175 -1.3487006784951 3
    endloop
  endfacet
  facet normal 0 0 1
    outer loop
      vertex 13.094133342141177 -3.380740392011739 3
      vertex 12.965105570685175 -1.3487006784951 3
      vertex 12.797918471982868 -1.202081528017131 3
    endloop
  endfacet
  facet normal 0 0 1
    outer loop
      vertex 13.094133342141177 -3.380740392011739 3
      vertex 13.349438164979347 -1.5705952052691876 3
      vertex 13.15 -1.4722431864335457 3
    endloop
  endfacet
  facet normal 0 0 1
    outer loop
      vertex 13.54315832722982 -3.4700570148083365 3
      vertex 14 -3.5 3
      vertex 13.778105473225912 -1.6854562643354778 3
    endloop
  endfacet
  facet normal 0 0 1
    outer loop
      vertex 13.54315832722982 -3.4700570148083365 3
      vertex 13.560007623325715 -1.6420739046914163 3
      vertex 13.349438164979347 -1.5705952052691876 3
    endloop
  endfacet
  facet normal 0 0 1
    outer loop
      vertex 13.54315832722982 -3.4700570148083365 3
      vertex 13.778105473225912 -1.6854562643354778 3
      vertex 13.560007623325715 -1.6420739046914163 3
    endloop
  endfacet
  facet normal 0 0 1
    outer loop
      vertex 14 -3.5 3
      vertex 14 -1.7000000000000002 3
      vertex 13.778105473225912 -1.6854562643354778 3
    endloop
  endfacet
  facet normal 0 0 1
    outer loop
      vertex 14 -3.5 3
      vertex 14.221894526774088 -1.6854562643354778 3
      vertex 14 -1.7000000000000002 3
    endloop
  endfacet
  facet normal 0 0 1
    outer loop
      vertex 14 -3.5 3
      vertex 14.45684167277018 -3.4700570148083365 3
      vertex 14.221894526774088 -1.6854562643354778 3
    endloop
  endfacet
  facet normal 0 0 1
    outer loop
      vertex 14.45684167277018 -3.4700570148083365 3
      vertex 14.905866657858823 -3.380740392011739 3
      vertex 14.439992376674285 -1.6420739046914163 3
    endloop
  endfacet
  facet normal 0 0 1
    outer loop
      vertex 14.45684167277018 -3.4700570148083365 3
      vertex 14.439992376674285 -1.6420739046914163 3
      vertex 14.221894526774088 -1.6854562643354778 3
    endloop
  endfacet
  facet normal 0 0 1
    outer loop
      vertex 14.905866657858823 -3.380740392011739 3
      vertex 14.650561835020653 -1.5705952052691876 3
      vertex 14.439992376674285 -1.6420739046914163 3
    endloop
  endfacet
  facet normal 0 0 1
    outer loop
      vertex 14.905866657858823 -3.380740392011739 3
      vertex 14.85 -1.4722431864335457 3
      vertex 14.650561835020653 -1.5705952052691876 3
    endloop
  endfacet
  facet normal 0 0 1
    outer loop
      vertex 14.905866657858823 -3.380740392011739 3
      vertex 15.339392013277815 -3.2335783637895035 3
      vertex 14.85 -1.4722431864335457 3
    endloop
  endfacet
  facet normal 0 0 1
    outer loop
      vertex 15.339392013277815 -3.2335783637895035 3
      vertex 15.75 -3.031088913245535 3
      vertex 15.202081528017132 -1.202081528017131 3
    endloop
  endfacet
  facet normal 0 0 1
    outer loop
      vertex 15.339392013277815 -3.2335783637895035 3
      vertex 15.034894429314825 -1.3487006784951 3
      vertex 14.85 -1.4722431864335457 3
    endloop
  endfacet
  facet normal 0 0 1
    outer loop
      vertex 15.339392013277815 -3.2335783637895035 3
      vertex 15.202081528017132 -1.202081528017131 3
      vertex 15.034894429314825 -1.3487006784951 3
    endloop
  endfacet
  facet normal 0 0 1
    outer loop
      vertex 15.75 -3.031088913245535 3
      vertex 15.3487006784951 -1.0348944293148252 3
      vertex 15.202081528017132 -1.202081528017131 3
    endloop
  endfacet
  facet normal 0 0 1
    outer loop
      vertex 15.75 -3.031088913245535 3
      vertex 15.472243186433545 -0.8500000000000001 3
      vertex 15.3487006784951 -1.0348944293148252 3
    endloop
  endfacet
  facet normal 0 0 1
    outer loop
      vertex 15.75 -3.031088913245535 3
      vertex 15.570595205269187 -0.6505618350206527 3
      vertex 15.472243186433545 -0.8500000000000001 3
    endloop
  endfacet
  facet normal 0.5271729639644734 -0.7889700957906808 0.31561820925440265
    outer loop
      vertex 15.75 -3.031088913245535 3
      vertex 16.25 -3.8971143170299736 0
      vertex 16.130665001530524 -2.776736691019323 3
    endloop
  endfacet
  facet normal 0.6256441885568297 -0.7134104676216284 0.31561820925440237
    outer loop
      vertex 16.130665001530524 -2.776736691019323 3
      vertex 16.739426430539243 -3.570090031310558 0
      vertex 16.474873734152915 -2.4748737341529163 3
    endloop
  endfacet
  facet normal 0.7134104676216294 -0.6256441885568286 0.3156182092544022
    outer loop
      vertex 17.570090031310556 -2.739426430539243 0
      vertex 16.776736691019323 -2.1306650015305224 3
      vertex 16.474873734152915 -2.4748737341529163 3
    endloop
  endfacet
  facet normal 0.7889700957906787 -0.5271729639644767 0.31561820925440237
    outer loop
      vertex 17.897114317029974 -2.25 0
      vertex 17.031088913245537 -1.75 3
      vertex 16.776736691019323 -2.1306650015305224 3
    endloop
  endfacet
  facet normal 0.8510302268769138 -0.41968166379873295 0.3156182092544025
    outer loop
      vertex 18.15745789630079 -1.722075445642904 0
      vertex 17.233578363789505 -1.3393920132778143 3
      vertex 17.031088913245537 -1.75 3
    endloop
  endfacet
  facet normal 0.8985289948311299 -0.3050094940076507 0.31561820925440315
    outer loop
      vertex 18.346666218300808 -1.1646857029613433 0
      vertex 17.380740392011738 -0.9058666578588226 3
      vertex 17.233578363789505 -1.3393920132778143 3
    endloop
  endfacet
  facet normal 0.930653682564481 -0.1851185272094998 0.31561820925440287
    outer loop
      vertex 18.461501876182147 -0.5873678649902321 0
      vertex 17.470057014808337 -0.4568416727701805 3
      vertex 17.380740392011738 -0.9058666578588226 3
    endloop
  endfacet
  facet normal 0.930653682564481 0.1851185272094998 0.31561820925440287
    outer loop
      vertex 18.461501876182147 0.5873678649902321 0
      vertex 17.380740392011738 0.9058666578588226 3
      vertex 17.470057014808337 0.4568416727701805 3
    endloop
  endfacet
  facet normal 0.8985289948311299 0.3050094940076507 0.31561820925440315
    outer loop
      vertex 18.346666218300808 1.1646857029613433 0
      vertex 17.233578363789505 1.3393920132778143 3
      vertex 17.380740392011738 0.9058666578588226 3
    endloop
  endfacet
  facet normal 0.9468546277632082 -0.06206013108623395 0.31561820925440276
    outer loop
      vertex 17.470057014808337 -0.4568416727701805 3
      vertex 18.5 0 0
      vertex 17.5 0 3
    endloop
  endfacet
  facet normal 0.9468546277632082 0.06206013108623395 0.31561820925440276
    outer loop
      vertex 18.5 0 0
      vertex 17.470057014808337 0.4568416727701805 3
      vertex 17.5 0 3
    endloop
  endfacet
  facet normal 0 0 1
    outer loop
      vertex 15.75 -3.031088913245535 3
      vertex 15.642073904691417 -0.4399923766742853 3
      vertex 15.570595205269187 -0.6505618350206527 3
    endloop
  endfacet
  facet normal 0 0 1
    outer loop
      vertex 15.75 -3.031088913245535 3
      vertex 15.685456264335478 -0.2218945267740877 3
      vertex 15.642073904691417 -0.4399923766742853 3
    endloop
  endfacet
  facet normal 0 0 1
    outer loop
      vertex 15.75 -3.031088913245535 3
      vertex 15.7 0 3
      vertex 15.685456264335478 -0.2218945267740877 3
    endloop
  endfacet
  facet normal 0 0 1
    outer loop
      vertex 15.75 -3.031088913245535 3
      vertex 16.130665001530524 -2.776736691019323 3
      vertex 15.75 3.031088913245535 3
    endloop
  endfacet
  facet normal 0 0 1
    outer loop
      vertex 16.130665001530524 -2.776736691019323 3
      vertex 16.474873734152915 -2.4748737341529163 3
      vertex 16.130665001530524 2.776736691019323 3
    endloop
  endfacet
  facet normal 0 0 1
    outer loop
      vertex 16.474873734152915 -2.4748737341529163 3
      vertex 16.776736691019323 -2.1306650015305224 3
      vertex 16.474873734152915 2.4748737341529163 3
    endloop
  endfacet
  facet normal 0 0 1
    outer loop
      vertex 16.776736691019323 -2.1306650015305224 3
      vertex 17.031088913245537 -1.75 3
      vertex 16.776736691019323 2.1306650015305224 3
    endloop
  endfacet
  facet normal 0 0 1
    outer loop
      vertex 15.75 -3.031088913245535 3
      vertex 15.75 3.031088913245535 3
      vertex 15.7 0 3
    endloop
  endfacet
  facet normal 0 0 1
    outer loop
      vertex 15.75 3.031088913245535 3
      vertex 15.685456264335478 0.2218945267740877 3
      vertex 15.7 0 3
    endloop
  endfacet
  facet normal 0 0 1
    outer loop
      vertex 15.75 3.031088913245535 3
      vertex 15.642073904691417 0.4399923766742853 3
      vertex 15.685456264335478 0.2218945267740877 3
    endloop
  endfacet
  facet normal 0 0 1
    outer loop
      vertex 16.130665001530524 -2.776736691019323 3
      vertex 16.130665001530524 2.776736691019323 3
      vertex 15.75 3.031088913245535 3
    endloop
  endfacet
  facet normal 0 0 1
    outer loop
      vertex 16.776736691019323 -2.1306650015305224 3
      vertex 16.776736691019323 2.1306650015305224 3
      vertex 16.474873734152915 2.4748737341529163 3
    endloop
  endfacet
  facet normal 0 0 1
    outer loop
      vertex 16.474873734152915 -2.4748737341529163 3
      vertex 16.474873734152915 2.4748737341529163 3
      vertex 16.130665001530524 2.776736691019323 3
    endloop
  endfacet
  facet normal 0 0 1
    outer loop
      vertex 17.031088913245537 -1.75 3
      vertex 17.031088913245537 1.75 3
      vertex 16.776736691019323 2.1306650015305224 3
    endloop
  endfacet
  facet normal 0 0 1
    outer loop
      vertex 17.031088913245537 -1.75 3
      vertex 17.233578363789505 -1.3393920132778143 3
      vertex 17.031088913245537 1.75 3
    endloop
  endfacet
  facet normal 0 0 1
    outer loop
      vertex 17.233578363789505 -1.3393920132778143 3
      vertex 17.380740392011738 -0.9058666578588226 3
      vertex 17.233578363789505 1.3393920132778143 3
    endloop
  endfacet
  facet normal 0 0 1
    outer loop
      vertex 17.380740392011738 -0.9058666578588226 3
      vertex 17.470057014808337 -0.4568416727701805 3
      vertex 17.380740392011738 0.9058666578588226 3
    endloop
  endfacet
  facet normal 0 0 1
    outer loop
      vertex 17.380740392011738 -0.9058666578588226 3
      vertex 17.380740392011738 0.9058666578588226 3
      vertex 17.233578363789505 1.3393920132778143 3
    endloop
  endfacet
  facet normal 0 0 1
    outer loop
      vertex 17.470057014808337 -0.4568416727701805 3
      vertex 17.5 0 3
      vertex 17.470057014808337 0.4568416727701805 3
    endloop
  endfacet
  facet normal 0 0 1
    outer loop
      vertex 17.470057014808337 -0.4568416727701805 3
      vertex 17.470057014808337 0.4568416727701805 3
      vertex 17.380740392011738 0.9058666578588226 3
    endloop
  endfacet
  facet normal 0 0 1
    outer loop
      vertex 17.233578363789505 -1.3393920132778143 3
      vertex 17.233578363789505 1.3393920132778143 3
      vertex 17.031088913245537 1.75 3
    endloop
  endfacet
  facet normal 0 0 -1
    outer loop
      vertex 12.835314297038657 -4.346666218300808 0
      vertex 12.835314297038657 4.346666218300808 0
      vertex 13.412632135009767 4.4615018761821466 0
    endloop
  endfacet
  facet normal 0 0 -1
    outer loop
      vertex 13.412632135009767 -4.4615018761821466 0
      vertex 13.412632135009767 4.4615018761821466 0
      vertex 14 4.5 0
    endloop
  endfacet
  facet normal 0 0 -1
    outer loop
      vertex 14 -4.5 0
      vertex 14 4.5 0
      vertex 14.587367864990233 4.4615018761821466 0
    endloop
  endfacet
  facet normal 0 0 -1
    outer loop
      vertex 14.587367864990233 -4.4615018761821466 0
      vertex 14.587367864990233 4.4615018761821466 0
      vertex 15.164685702961343 4.346666218300808 0
    endloop
  endfacet
  facet normal 0 0 -1
    outer loop
      vertex 15.164685702961343 -4.346666218300808 0
      vertex 15.164685702961343 4.346666218300808 0
      vertex 15.722075445642904 4.15745789630079 0
    endloop
  endfacet
  facet normal -0.1851185272094972 0.9306536825644816 0.31561820925440276
    outer loop
      vertex 12.835314297038657 4.346666218300808 0
      vertex 13.094133342141177 3.380740392011739 3
      vertex 13.412632135009767 4.4615018761821466 0
    endloop
  endfacet
  facet normal 0.1851185272094972 0.9306536825644816 0.31561820925440276
    outer loop
      vertex 14.587367864990233 4.4615018761821466 0
      vertex 14.905866657858823 3.380740392011739 3
      vertex 15.164685702961343 4.346666218300808 0
    endloop
  endfacet
  facet normal 0.3050094940076555 0.8985289948311285 0.31561820925440265
    outer loop
      vertex 15.164685702961343 4.346666218300808 0
      vertex 15.339392013277815 3.2335783637895035 3
      vertex 15.722075445642904 4.15745789630079 0
    endloop
  endfacet
  facet normal -0.06206013108623449 0.9468546277632082 0.31561820925440265
    outer loop
      vertex 13.412632135009767 4.4615018761821466 0
      vertex 13.54315832722982 3.4700570148083365 3
      vertex 14 4.5 0
    endloop
  endfacet
  facet normal 0.06206013108623449 0.9468546277632082 0.31561820925440265
    outer loop
      vertex 14 4.5 0
      vertex 14.45684167277018 3.4700570148083365 3
      vertex 14.587367864990233 4.4615018761821466 0
    endloop
  endfacet
  facet normal 0 0 -1
    outer loop
      vertex 15.722075445642904 -4.15745789630079 0
      vertex 15.722075445642904 4.15745789630079 0
      vertex 16.25 3.8971143170299736 0
    endloop
  endfacet
  facet normal 0.41968166379873306 0.8510302268769138 0.3156182092544026
    outer loop
      vertex 15.722075445642904 4.15745789630079 0
      vertex 15.75 3.031088913245535 3
      vertex 16.25 3.8971143170299736 0
    endloop
  endfacet
  facet normal 0.6256441885568257 0.7134104676216315 0.31561820925440315
    outer loop
      vertex 17.181980515339465 3.1819805153394642 0
      vertex 16.739426430539243 3.570090031310558 0
      vertex 16.474873734152915 2.4748737341529163 3
    endloop
  endfacet
  facet normal 0.5271729639644747 0.7889700957906801 0.3156182092544025
    outer loop
      vertex 16.130665001530524 2.776736691019323 3
      vertex 16.739426430539243 3.570090031310558 0
      vertex 16.25 3.8971143170299736 0
    endloop
  endfacet
  facet normal 0.8510302268769137 0.41968166379873356 0.3156182092544024
    outer loop
      vertex 18.15745789630079 1.722075445642904 0
      vertex 17.897114317029974 2.25 0
      vertex 17.031088913245537 1.75 3
    endloop
  endfacet
  facet normal 0.7889700957906782 0.5271729639644774 0.31561820925440226
    outer loop
      vertex 16.776736691019323 2.1306650015305224 3
      vertex 17.897114317029974 2.25 0
      vertex 17.570090031310556 2.739426430539243 0
    endloop
  endfacet
  facet normal 0.8985289948311288 0.30500949400765454 0.31561820925440254
    outer loop
      vertex 18.346666218300808 1.1646857029613433 0
      vertex 18.15745789630079 1.722075445642904 0
      vertex 17.233578363789505 1.3393920132778143 3
    endloop
  endfacet
  facet normal 0.7134104676216333 0.6256441885568237 0.3156182092544032
    outer loop
      vertex 17.181980515339465 3.1819805153394642 0
      vertex 16.474873734152915 2.4748737341529163 3
      vertex 17.570090031310556 2.739426430539243 0
    endloop
  endfacet
  facet normal -0.305009494007655 0.8985289948311285 0.3156182092544027
    outer loop
      vertex 12.835314297038657 4.346666218300808 0
      vertex 12.660607986722185 3.2335783637895035 3
      vertex 13.094133342141177 3.380740392011739 3
    endloop
  endfacet
  facet normal -0.1851185272094976 0.9306536825644814 0.3156182092544027
    outer loop
      vertex 13.412632135009767 4.4615018761821466 0
      vertex 13.094133342141177 3.380740392011739 3
      vertex 13.54315832722982 3.4700570148083365 3
    endloop
  endfacet
  facet normal -0.06206013108623403 0.9468546277632082 0.3156182092544027
    outer loop
      vertex 13.54315832722982 3.4700570148083365 3
      vertex 14 3.5 3
      vertex 14 4.5 0
    endloop
  endfacet
  facet normal 0.06206013108623403 0.9468546277632082 0.3156182092544027
    outer loop
      vertex 14 4.5 0
      vertex 14 3.5 3
      vertex 14.45684167277018 3.4700570148083365 3
    endloop
  endfacet
  facet normal 0.1851185272094976 0.9306536825644814 0.3156182092544027
    outer loop
      vertex 14.587367864990233 4.4615018761821466 0
      vertex 14.45684167277018 3.4700570148083365 3
      vertex 14.905866657858823 3.380740392011739 3
    endloop
  endfacet
  facet normal 0.305009494007655 0.8985289948311285 0.3156182092544027
    outer loop
      vertex 15.164685702961343 4.346666218300808 0
      vertex 14.905866657858823 3.380740392011739 3
      vertex 15.339392013277815 3.2335783637895035 3
    endloop
  endfacet
  facet normal 0.4196816637987331 0.8510302268769138 0.31561820925440265
    outer loop
      vertex 15.722075445642904 4.15745789630079 0
      vertex 15.339392013277815 3.2335783637895035 3
      vertex 15.75 3.031088913245535 3
    endloop
  endfacet
  facet normal 0 0 1
    outer loop
      vertex 12.660607986722185 3.2335783637895035 3
      vertex 12.797918471982868 1.202081528017131 3
      vertex 12.965105570685175 1.3487006784951 3
    endloop
  endfacet
  facet normal 0 0 1
    outer loop
      vertex 12.660607986722185 3.2335783637895035 3
      vertex 12.965105570685175 1.3487006784951 3
      vertex 13.15 1.4722431864335457 3
    endloop
  endfacet
  facet normal 0 0 1
    outer loop
      vertex 13.094133342141177 3.380740392011739 3
      vertex 13.15 1.4722431864335457 3
      vertex 13.349438164979347 1.5705952052691876 3
    endloop
  endfacet
  facet normal 0 0 1
    outer loop
      vertex 13.094133342141177 3.380740392011739 3
      vertex 13.349438164979347 1.5705952052691876 3
      vertex 13.560007623325715 1.6420739046914163 3
    endloop
  endfacet
  facet normal 0 0 1
    outer loop
      vertex 13.54315832722982 3.4700570148083365 3
      vertex 13.560007623325715 1.6420739046914163 3
      vertex 13.778105473225912 1.6854562643354778 3
    endloop
  endfacet
  facet normal 0 0 1
    outer loop
      vertex 14 3.5 3
      vertex 13.778105473225912 1.6854562643354778 3
      vertex 14 1.7000000000000002 3
    endloop
  endfacet
  facet normal 0 0 1
    outer loop
      vertex 14 3.5 3
      vertex 14 1.7000000000000002 3
      vertex 14.221894526774088 1.6854562643354778 3
    endloop
  endfacet
  facet normal 0 0 1
    outer loop
      vertex 12.660607986722185 3.2335783637895035 3
      vertex 13.15 1.4722431864335457 3
      vertex 13.094133342141177 3.380740392011739 3
    endloop
  endfacet
  facet normal 0 0 1
    outer loop
      vertex 13.094133342141177 3.380740392011739 3
      vertex 13.560007623325715 1.6420739046914163 3
      vertex 13.54315832722982 3.4700570148083365 3
    endloop
  endfacet
  facet normal 0 0 1
    outer loop
      vertex 13.54315832722982 3.4700570148083365 3
      vertex 13.778105473225912 1.6854562643354778 3
      vertex 14 3.5 3
    endloop
  endfacet
  facet normal 0 0 1
    outer loop
      vertex 14.45684167277018 3.4700570148083365 3
      vertex 14.221894526774088 1.6854562643354778 3
      vertex 14.439992376674285 1.6420739046914163 3
    endloop
  endfacet
  facet normal 0 0 1
    outer loop
      vertex 14.45684167277018 3.4700570148083365 3
      vertex 14.439992376674285 1.6420739046914163 3
      vertex 14.650561835020653 1.5705952052691876 3
    endloop
  endfacet
  facet normal 0 0 1
    outer loop
      vertex 14.905866657858823 3.380740392011739 3
      vertex 14.650561835020653 1.5705952052691876 3
      vertex 14.85 1.4722431864335457 3
    endloop
  endfacet
  facet normal 0 0 1
    outer loop
      vertex 15.339392013277815 3.2335783637895035 3
      vertex 15.472243186433545 0.8500000000000001 3
      vertex 15.570595205269187 0.6505618350206527 3
    endloop
  endfacet
  facet normal 0 0 1
    outer loop
      vertex 15.339392013277815 3.2335783637895035 3
      vertex 15.3487006784951 1.0348944293148252 3
      vertex 15.472243186433545 0.8500000000000001 3
    endloop
  endfacet
  facet normal 0 0 1
    outer loop
      vertex 15.339392013277815 3.2335783637895035 3
      vertex 15.202081528017132 1.202081528017131 3
      vertex 15.3487006784951 1.0348944293148252 3
    endloop
  endfacet
  facet normal 0 0 1
    outer loop
      vertex 14.905866657858823 3.380740392011739 3
      vertex 14.85 1.4722431864335457 3
      vertex 15.034894429314825 1.3487006784951 3
    endloop
  endfacet
  facet normal 0 0 1
    outer loop
      vertex 14.905866657858823 3.380740392011739 3
      vertex 15.034894429314825 1.3487006784951 3
      vertex 15.202081528017132 1.202081528017131 3
    endloop
  endfacet
  facet normal 0 0 1
    outer loop
      vertex 14.905866657858823 3.380740392011739 3
      vertex 15.202081528017132 1.202081528017131 3
      vertex 15.339392013277815 3.2335783637895035 3
    endloop
  endfacet
  facet normal 0 0 1
    outer loop
      vertex 15.339392013277815 3.2335783637895035 3
      vertex 15.570595205269187 0.6505618350206527 3
      vertex 15.75 3.031088913245535 3
    endloop
  endfacet
  facet normal 0 0 1
    outer loop
      vertex 14 3.5 3
      vertex 14.221894526774088 1.6854562643354778 3
      vertex 14.45684167277018 3.4700570148083365 3
    endloop
  endfacet
  facet normal 0 0 1
    outer loop
      vertex 14.45684167277018 3.4700570148083365 3
      vertex 14.650561835020653 1.5705952052691876 3
      vertex 14.905866657858823 3.380740392011739 3
    endloop
  endfacet
  facet normal 0.7134104676216294 0.6256441885568286 0.3156182092544022
    outer loop
      vertex 16.776736691019323 2.1306650015305224 3
      vertex 17.570090031310556 2.739426430539243 0
      vertex 16.474873734152915 2.4748737341529163 3
    endloop
  endfacet
  facet normal 0.5271729639644734 0.7889700957906808 0.31561820925440265
    outer loop
      vertex 16.130665001530524 2.776736691019323 3
      vertex 16.25 3.8971143170299736 0
      vertex 15.75 3.031088913245535 3
    endloop
  endfacet
  facet normal 0.6256441885568297 0.7134104676216284 0.31561820925440237
    outer loop
      vertex 16.130665001530524 2.776736691019323 3
      vertex 16.474873734152915 2.4748737341529163 3
      vertex 16.739426430539243 3.570090031310558 0
    endloop
  endfacet
  facet normal 0.8510302268769138 0.41968166379873295 0.31561820925440254
    outer loop
      vertex 18.15745789630079 1.722075445642904 0
      vertex 17.031088913245537 1.75 3
      vertex 17.233578363789505 1.3393920132778143 3
    endloop
  endfacet
  facet normal 0.7889700957906787 0.5271729639644767 0.31561820925440237
    outer loop
      vertex 16.776736691019323 2.1306650015305224 3
      vertex 17.031088913245537 1.75 3
      vertex 17.897114317029974 2.25 0
    endloop
  endfacet
  facet normal 0 0 1
    outer loop
      vertex 15.75 3.031088913245535 3
      vertex 15.570595205269187 0.6505618350206527 3
      vertex 15.642073904691417 0.4399923766742853 3
    endloop
  endfacet
  facet normal -0.7134104676216315 -0.6256441885568258 0.31561820925440287
    outer loop
      vertex -3.570090031310558 -2.739426430539243 0
      vertex -3.1819805153394642 -3.1819805153394642 0
      vertex -2.4748737341529163 -2.4748737341529163 3
    endloop
  endfacet
  facet normal -0.7889700957906799 -0.527172963964475 0.31561820925440265
    outer loop
      vertex -3.570090031310558 -2.739426430539243 0
      vertex -2.776736691019323 -2.1306650015305224 3
      vertex -3.8971143170299736 -2.25 0
    endloop
  endfacet
  facet normal -0.8510302268769138 -0.4196816637987329 0.3156182092544026
    outer loop
      vertex -4.15745789630079 -1.722075445642904 0
      vertex -3.8971143170299736 -2.25 0
      vertex -3.031088913245535 -1.75 3
    endloop
  endfacet
  facet normal -0.6256441885568258 -0.7134104676216315 0.31561820925440287
    outer loop
      vertex -2.739426430539243 -3.570090031310558 0
      vertex -2.4748737341529163 -2.4748737341529163 3
      vertex -3.1819805153394642 -3.1819805153394642 0
    endloop
  endfacet
  facet normal -0.527172963964475 -0.7889700957906799 0.31561820925440265
    outer loop
      vertex -2.739426430539243 -3.570090031310558 0
      vertex -2.25 -3.8971143170299736 0
      vertex -2.1306650015305224 -2.776736691019323 3
    endloop
  endfacet
  facet normal -0.4196816637987329 -0.8510302268769138 0.3156182092544026
    outer loop
      vertex -1.722075445642904 -4.15745789630079 0
      vertex -1.75 -3.031088913245535 3
      vertex -2.25 -3.8971143170299736 0
    endloop
  endfacet
  facet normal 0 0 -1
    outer loop
      vertex -4.346666218300808 -1.1646857029613433 0
      vertex -4.4615018761821466 -0.5873678649902321 0
      vertex -4.346666218300808 1.1646857029613433 0
    endloop
  endfacet
  facet normal 0 0 -1
    outer loop
      vertex -4.15745789630079 -1.722075445642904 0
      vertex -4.346666218300808 -1.1646857029613433 0
      vertex -4.15745789630079 1.722075445642904 0
    endloop
  endfacet
  facet normal 0 0 -1
    outer loop
      vertex -4.15745789630079 -1.722075445642904 0
      vertex -3.8971143170299736 2.25 0
      vertex -3.8971143170299736 -2.25 0
    endloop
  endfacet
  facet normal 0 0 -1
    outer loop
      vertex -3.570090031310558 -2.739426430539243 0
      vertex -3.1819805153394642 3.1819805153394642 0
      vertex -3.1819805153394642 -3.1819805153394642 0
    endloop
  endfacet
  facet normal 0 0 -1
    outer loop
      vertex -3.570090031310558 -2.739426430539243 0
      vertex -3.8971143170299736 -2.25 0
      vertex -3.570090031310558 2.739426430539243 0
    endloop
  endfacet
  facet normal 0 0 -1
    outer loop
      vertex -4.4615018761821466 -0.5873678649902321 0
      vertex -4.5 0 0
      vertex -4.4615018761821466 0.5873678649902321 0
    endloop
  endfacet
  facet normal 0 0 -1
    outer loop
      vertex -4.4615018761821466 -0.5873678649902321 0
      vertex -4.4615018761821466 0.5873678649902321 0
      vertex -4.346666218300808 1.1646857029613433 0
    endloop
  endfacet
  facet normal 0 0 -1
    outer loop
      vertex -4.346666218300808 -1.1646857029613433 0
      vertex -4.346666218300808 1.1646857029613433 0
      vertex -4.15745789630079 1.722075445642904 0
    endloop
  endfacet
  facet normal 0 0 -1
    outer loop
      vertex -4.15745789630079 -1.722075445642904 0
      vertex -4.15745789630079 1.722075445642904 0
      vertex -3.8971143170299736 2.25 0
    endloop
  endfacet
  facet normal 0 0 -1
    outer loop
      vertex -3.8971143170299736 -2.25 0
      vertex -3.8971143170299736 2.25 0
      vertex -3.570090031310558 2.739426430539243 0
    endloop
  endfacet
  facet normal 0 0 -1
    outer loop
      vertex -3.570090031310558 -2.739426430539243 0
      vertex -3.570090031310558 2.739426430539243 0
      vertex -3.1819805153394642 3.1819805153394642 0
    endloop
  endfacet
  facet normal 0 0 -1
    outer loop
      vertex -2.739426430539243 -3.570090031310558 0
      vertex -3.1819805153394642 -3.1819805153394642 0
      vertex -2.739426430539243 3.570090031310558 0
    endloop
  endfacet
  facet normal 0 0 -1
    outer loop
      vertex -2.739426430539243 -3.570090031310558 0
      vertex -2.25 3.8971143170299736 0
      vertex -2.25 -3.8971143170299736 0
    endloop
  endfacet
  facet normal 0 0 -1
    outer loop
      vertex -1.722075445642904 -4.15745789630079 0
      vertex -2.25 -3.8971143170299736 0
      vertex -1.722075445642904 4.15745789630079 0
    endloop
  endfacet
  facet normal 0 0 -1
    outer loop
      vertex -3.1819805153394642 -3.1819805153394642 0
      vertex -3.1819805153394642 3.1819805153394642 0
      vertex -2.739426430539243 3.570090031310558 0
    endloop
  endfacet
  facet normal -0.8985289948311284 -0.30500949400765576 0.31561820925440265
    outer loop
      vertex -4.15745789630079 -1.722075445642904 0
      vertex -3.2335783637895035 -1.3393920132778143 3
      vertex -4.346666218300808 -1.1646857029613433 0
    endloop
  endfacet
  facet normal -0.9468546277632083 -0.06206013108623456 0.31561820925440265
    outer loop
      vertex -4.4615018761821466 -0.5873678649902321 0
      vertex -3.4700570148083365 -0.4568416727701805 3
      vertex -4.5 0 0
    endloop
  endfacet
  facet normal -0.9306536825644816 -0.18511852720949684 0.3156182092544028
    outer loop
      vertex -4.346666218300808 -1.1646857029613433 0
      vertex -3.380740392011739 -0.9058666578588226 3
      vertex -4.4615018761821466 -0.5873678649902321 0
    endloop
  endfacet
  facet normal -0.9468546277632083 0.06206013108623456 0.31561820925440265
    outer loop
      vertex -4.5 0 0
      vertex -3.4700570148083365 0.4568416727701805 3
      vertex -4.4615018761821466 0.5873678649902321 0
    endloop
  endfacet
  facet normal -0.9306536825644816 0.18511852720949684 0.3156182092544028
    outer loop
      vertex -4.4615018761821466 0.5873678649902321 0
      vertex -3.380740392011739 0.9058666578588226 3
      vertex -4.346666218300808 1.1646857029613433 0
    endloop
  endfacet
  facet normal -0.30500949400765576 -0.8985289948311284 0.31561820925440265
    outer loop
      vertex -1.722075445642904 -4.15745789630079 0
      vertex -1.1646857029613433 -4.346666218300808 0
      vertex -1.3393920132778143 -3.2335783637895035 3
    endloop
  endfacet
  facet normal -0.18511852720949684 -0.9306536825644816 0.3156182092544028
    outer loop
      vertex -1.1646857029613433 -4.346666218300808 0
      vertex -0.5873678649902321 -4.4615018761821466 0
      vertex -0.9058666578588226 -3.380740392011739 3
    endloop
  endfacet
  facet normal -0.06206013108623456 -0.9468546277632083 0.31561820925440265
    outer loop
      vertex -0.5873678649902321 -4.4615018761821466 0
      vertex 0 -4.5 0
      vertex -0.4568416727701805 -3.4700570148083365 3
    endloop
  endfacet
  facet normal 0.06206013108623456 -0.9468546277632083 0.31561820925440265
    outer loop
      vertex 0 -4.5 0
      vertex 0.5873678649902321 -4.4615018761821466 0
      vertex 0.4568416727701805 -3.4700570148083365 3
    endloop
  endfacet
  facet normal 0.18511852720949684 -0.9306536825644816 0.3156182092544028
    outer loop
      vertex 0.5873678649902321 -4.4615018761821466 0
      vertex 1.1646857029613433 -4.346666218300808 0
      vertex 0.9058666578588226 -3.380740392011739 3
    endloop
  endfacet
  facet normal 0 0 -1
    outer loop
      vertex -1.722075445642904 -4.15745789630079 0
      vertex -1.1646857029613433 4.346666218300808 0
      vertex -1.1646857029613433 -4.346666218300808 0
    endloop
  endfacet
  facet normal 0 0 -1
    outer loop
      vertex -1.1646857029613433 -4.346666218300808 0
      vertex -0.5873678649902321 4.4615018761821466 0
      vertex -0.5873678649902321 -4.4615018761821466 0
    endloop
  endfacet
  facet normal 0 0 -1
    outer loop
      vertex -0.5873678649902321 -4.4615018761821466 0
      vertex 0 4.5 0
      vertex 0 -4.5 0
    endloop
  endfacet
  facet normal 0 0 -1
    outer loop
      vertex 0 -4.5 0
      vertex 0.5873678649902321 4.4615018761821466 0
      vertex 0.5873678649902321 -4.4615018761821466 0
    endloop
  endfacet
  facet normal 0 0 -1
    outer loop
      vertex 0.5873678649902321 -4.4615018761821466 0
      vertex 1.1646857029613433 4.346666218300808 0
      vertex 1.1646857029613433 -4.346666218300808 0
    endloop
  endfacet
  facet normal -0.7889700957906799 -0.5271729639644747 0.31561820925440265
    outer loop
      vertex -3.8971143170299736 -2.25 0
      vertex -2.776736691019323 -2.1306650015305224 3
      vertex -3.031088913245535 -1.75 3
    endloop
  endfacet
  facet normal -0.5271729639644747 -0.7889700957906799 0.31561820925440265
    outer loop
      vertex -2.25 -3.8971143170299736 0
      vertex -1.75 -3.031088913245535 3
      vertex -2.1306650015305224 -2.776736691019323 3
    endloop
  endfacet
  facet normal -0.7134104676216307 -0.6256441885568269 0.31561820925440265
    outer loop
      vertex -3.570090031310558 -2.739426430539243 0
      vertex -2.4748737341529163 -2.4748737341529163 3
      vertex -2.776736691019323 -2.1306650015305224 3
    endloop
  endfacet
  facet normal -0.6256441885568269 -0.7134104676216307 0.31561820925440265
    outer loop
      vertex -2.739426430539243 -3.570090031310558 0
      vertex -2.1306650015305224 -2.776736691019323 3
      vertex -2.4748737341529163 -2.4748737341529163 3
    endloop
  endfacet
  facet normal -0.8510302268769138 -0.41968166379873295 0.31561820925440265
    outer loop
      vertex -4.15745789630079 -1.722075445642904 0
      vertex -3.031088913245535 -1.75 3
      vertex -3.2335783637895035 -1.3393920132778143 3
    endloop
  endfacet
  facet normal -0.8985289948311287 -0.30500949400765487 0.31561820925440287
    outer loop
      vertex -4.346666218300808 -1.1646857029613433 0
      vertex -3.2335783637895035 -1.3393920132778143 3
      vertex -3.380740392011739 -0.9058666578588226 3
    endloop
  endfacet
  facet normal -0.9306536825644814 -0.18511852720949803 0.31561820925440265
    outer loop
      vertex -4.4615018761821466 -0.5873678649902321 0
      vertex -3.380740392011739 -0.9058666578588226 3
      vertex -3.4700570148083365 -0.4568416727701805 3
    endloop
  endfacet
  facet normal -0.9468546277632082 -0.06206013108623395 0.31561820925440276
    outer loop
      vertex -3.4700570148083365 -0.4568416727701805 3
      vertex -3.5 0 3
      vertex -4.5 0 0
    endloop
  endfacet
  facet normal -0.9468546277632082 0.06206013108623395 0.31561820925440276
    outer loop
      vertex -4.5 0 0
      vertex -3.5 0 3
      vertex -3.4700570148083365 0.4568416727701805 3
    endloop
  endfacet
  facet normal -0.9306536825644814 0.18511852720949803 0.3156182092544026
    outer loop
      vertex -4.4615018761821466 0.5873678649902321 0
      vertex -3.4700570148083365 0.4568416727701805 3
      vertex -3.380740392011739 0.9058666578588226 3
    endloop
  endfacet
  facet normal -0.8985289948311287 0.30500949400765487 0.31561820925440287
    outer loop
      vertex -4.346666218300808 1.1646857029613433 0
      vertex -3.380740392011739 0.9058666578588226 3
      vertex -3.2335783637895035 1.3393920132778143 3
    endloop
  endfacet
  facet normal 0 0 1
    outer loop
      vertex -3.380740392011739 -0.9058666578588226 3
      vertex -3.4700570148083365 0.4568416727701805 3
      vertex -3.4700570148083365 -0.4568416727701805 3
    endloop
  endfacet
  facet normal 0 0 1
    outer loop
      vertex -3.031088913245535 -1.75 3
      vertex -3.2335783637895035 1.3393920132778143 3
      vertex -3.2335783637895035 -1.3393920132778143 3
    endloop
  endfacet
  facet normal 0 0 1
    outer loop
      vertex -3.380740392011739 -0.9058666578588226 3
      vertex -3.2335783637895035 -1.3393920132778143 3
      vertex -3.380740392011739 0.9058666578588226 3
    endloop
  endfacet
  facet normal 0 0 1
    outer loop
      vertex -3.4700570148083365 -0.4568416727701805 3
      vertex -3.4700570148083365 0.4568416727701805 3
      vertex -3.5 0 3
    endloop
  endfacet
  facet normal 0 0 1
    outer loop
      vertex -3.380740392011739 -0.9058666578588226 3
      vertex -3.380740392011739 0.9058666578588226 3
      vertex -3.4700570148083365 0.4568416727701805 3
    endloop
  endfacet
  facet normal 0 0 1
    outer loop
      vertex -3.2335783637895035 -1.3393920132778143 3
      vertex -3.2335783637895035 1.3393920132778143 3
      vertex -3.380740392011739 0.9058666578588226 3
    endloop
  endfacet
  facet normal 0 0 1
    outer loop
      vertex -3.031088913245535 -1.75 3
      vertex -3.031088913245535 1.75 3
      vertex -3.2335783637895035 1.3393920132778143 3
    endloop
  endfacet
  facet normal 0 0 1
    outer loop
      vertex -2.4748737341529163 -2.4748737341529163 3
      vertex -2.1306650015305224 -2.776736691019323 3
      vertex -2.4748737341529163 2.4748737341529163 3
    endloop
  endfacet
  facet normal 0 0 1
    outer loop
      vertex -3.031088913245535 -1.75 3
      vertex -2.776736691019323 -2.1306650015305224 3
      vertex -3.031088913245535 1.75 3
    endloop
  endfacet
  facet normal 0 0 1
    outer loop
      vertex -2.4748737341529163 -2.4748737341529163 3
      vertex -2.776736691019323 2.1306650015305224 3
      vertex -2.776736691019323 -2.1306650015305224 3
    endloop
  endfacet
  facet normal 0 0 1
    outer loop
      vertex -1.75 -3.031088913245535 3
      vertex -2.1306650015305224 2.776736691019323 3
      vertex -2.1306650015305224 -2.776736691019323 3
    endloop
  endfacet
  facet normal 0 0 1
    outer loop
      vertex -1.75 -3.031088913245535 3
      vertex -1.5705952052691876 -0.6505618350206527 3
      vertex -1.6420739046914163 -0.4399923766742853 3
    endloop
  endfacet
  facet normal 0 0 1
    outer loop
      vertex -1.75 -3.031088913245535 3
      vertex -1.6420739046914163 -0.4399923766742853 3
      vertex -1.6854562643354778 -0.2218945267740877 3
    endloop
  endfacet
  facet normal 0 0 1
    outer loop
      vertex -1.75 -3.031088913245535 3
      vertex -1.6854562643354778 -0.2218945267740877 3
      vertex -1.7000000000000002 0 3
    endloop
  endfacet
  facet normal 0 0 1
    outer loop
      vertex -2.776736691019323 -2.1306650015305224 3
      vertex -2.776736691019323 2.1306650015305224 3
      vertex -3.031088913245535 1.75 3
    endloop
  endfacet
  facet normal 0 0 1
    outer loop
      vertex -2.4748737341529163 -2.4748737341529163 3
      vertex -2.4748737341529163 2.4748737341529163 3
      vertex -2.776736691019323 2.1306650015305224 3
    endloop
  endfacet
  facet normal 0 0 1
    outer loop
      vertex -1.75 -3.031088913245535 3
      vertex -1.7000000000000002 0 3
      vertex -1.75 3.031088913245535 3
    endloop
  endfacet
  facet normal 0 0 1
    outer loop
      vertex -2.1306650015305224 -2.776736691019323 3
      vertex -2.1306650015305224 2.776736691019323 3
      vertex -2.4748737341529163 2.4748737341529163 3
    endloop
  endfacet
  facet normal 0 0 1
    outer loop
      vertex -1.75 -3.031088913245535 3
      vertex -1.75 3.031088913245535 3
      vertex -2.1306650015305224 2.776736691019323 3
    endloop
  endfacet
  facet normal 0 0 1
    outer loop
      vertex -1.75 3.031088913245535 3
      vertex -1.7000000000000002 0 3
      vertex -1.6854562643354778 0.2218945267740877 3
    endloop
  endfacet
  facet normal 0 0 1
    outer loop
      vertex -1.75 3.031088913245535 3
      vertex -1.6854562643354778 0.2218945267740877 3
      vertex -1.6420739046914163 0.4399923766742853 3
    endloop
  endfacet
  facet normal -0.41968166379873295 -0.8510302268769138 0.31561820925440265
    outer loop
      vertex -1.722075445642904 -4.15745789630079 0
      vertex -1.3393920132778143 -3.2335783637895035 3
      vertex -1.75 -3.031088913245535 3
    endloop
  endfacet
  facet normal -0.30500949400765487 -0.8985289948311287 0.31561820925440287
    outer loop
      vertex -1.1646857029613433 -4.346666218300808 0
      vertex -0.9058666578588226 -3.380740392011739 3
      vertex -1.3393920132778143 -3.2335783637895035 3
    endloop
  endfacet
  facet normal -0.18511852720949803 -0.9306536825644814 0.31561820925440265
    outer loop
      vertex -0.5873678649902321 -4.4615018761821466 0
      vertex -0.4568416727701805 -3.4700570148083365 3
      vertex -0.9058666578588226 -3.380740392011739 3
    endloop
  endfacet
  facet normal -0.06206013108623395 -0.9468546277632082 0.31561820925440276
    outer loop
      vertex -0.4568416727701805 -3.4700570148083365 3
      vertex 0 -4.5 0
      vertex 0 -3.5 3
    endloop
  endfacet
  facet normal 0.06206013108623395 -0.9468546277632082 0.31561820925440276
    outer loop
      vertex 0 -4.5 0
      vertex 0.4568416727701805 -3.4700570148083365 3
      vertex 0 -3.5 3
    endloop
  endfacet
  facet normal 0.18511852720949803 -0.9306536825644814 0.3156182092544026
    outer loop
      vertex 0.5873678649902321 -4.4615018761821466 0
      vertex 0.9058666578588226 -3.380740392011739 3
      vertex 0.4568416727701805 -3.4700570148083365 3
    endloop
  endfacet
  facet normal 0.30500949400765487 -0.8985289948311287 0.31561820925440287
    outer loop
      vertex 1.1646857029613433 -4.346666218300808 0
      vertex 1.3393920132778143 -3.2335783637895035 3
      vertex 0.9058666578588226 -3.380740392011739 3
    endloop
  endfacet
  facet normal 0 0 1
    outer loop
      vertex -1.3393920132778143 -3.2335783637895035 3
      vertex -0.9058666578588226 -3.380740392011739 3
      vertex -1.202081528017131 -1.202081528017131 3
    endloop
  endfacet
  facet normal 0 0 1
    outer loop
      vertex -1.75 -3.031088913245535 3
      vertex -1.3393920132778143 -3.2335783637895035 3
      vertex -1.5705952052691876 -0.6505618350206527 3
    endloop
  endfacet
  facet normal 0 0 1
    outer loop
      vertex -1.3393920132778143 -3.2335783637895035 3
      vertex -1.202081528017131 -1.202081528017131 3
      vertex -1.3487006784951 -1.0348944293148252 3
    endloop
  endfacet
  facet normal 0 0 1
    outer loop
      vertex -1.3393920132778143 -3.2335783637895035 3
      vertex -1.3487006784951 -1.0348944293148252 3
      vertex -1.4722431864335457 -0.8500000000000001 3
    endloop
  endfacet
  facet normal 0 0 1
    outer loop
      vertex -0.9058666578588226 -3.380740392011739 3
      vertex -0.8500000000000001 -1.4722431864335457 3
      vertex -1.0348944293148252 -1.3487006784951 3
    endloop
  endfacet
  facet normal 0 0 1
    outer loop
      vertex -0.9058666578588226 -3.380740392011739 3
      vertex -1.0348944293148252 -1.3487006784951 3
      vertex -1.202081528017131 -1.202081528017131 3
    endloop
  endfacet
  facet normal 0 0 1
    outer loop
      vertex -0.9058666578588226 -3.380740392011739 3
      vertex -0.4568416727701805 -3.4700570148083365 3
      vertex -0.6505618350206527 -1.5705952052691876 3
    endloop
  endfacet
  facet normal 0 0 1
    outer loop
      vertex -0.4568416727701805 -3.4700570148083365 3
      vertex 0 -3.5 3
      vertex -0.2218945267740877 -1.6854562643354778 3
    endloop
  endfacet
  facet normal 0 0 1
    outer loop
      vertex -0.9058666578588226 -3.380740392011739 3
      vertex -0.6505618350206527 -1.5705952052691876 3
      vertex -0.8500000000000001 -1.4722431864335457 3
    endloop
  endfacet
  facet normal 0 0 1
    outer loop
      vertex -0.4568416727701805 -3.4700570148083365 3
      vertex -0.4399923766742853 -1.6420739046914163 3
      vertex -0.6505618350206527 -1.5705952052691876 3
    endloop
  endfacet
  facet normal 0 0 1
    outer loop
      vertex -0.4568416727701805 -3.4700570148083365 3
      vertex -0.2218945267740877 -1.6854562643354778 3
      vertex -0.4399923766742853 -1.6420739046914163 3
    endloop
  endfacet
  facet normal 0 0 1
    outer loop
      vertex 0 -3.5 3
      vertex 0.4568416727701805 -3.4700570148083365 3
      vertex 0.2218945267740877 -1.6854562643354778 3
    endloop
  endfacet
  facet normal 0 0 1
    outer loop
      vertex 0 -3.5 3
      vertex 0 -1.7000000000000002 3
      vertex -0.2218945267740877 -1.6854562643354778 3
    endloop
  endfacet
  facet normal 0 0 1
    outer loop
      vertex 0 -3.5 3
      vertex 0.2218945267740877 -1.6854562643354778 3
      vertex 0 -1.7000000000000002 3
    endloop
  endfacet
  facet normal 0 0 1
    outer loop
      vertex 0.4568416727701805 -3.4700570148083365 3
      vertex 0.4399923766742853 -1.6420739046914163 3
      vertex 0.2218945267740877 -1.6854562643354778 3
    endloop
  endfacet
  facet normal 0 0 1
    outer loop
      vertex 0.4568416727701805 -3.4700570148083365 3
      vertex 0.9058666578588226 -3.380740392011739 3
      vertex 0.4399923766742853 -1.6420739046914163 3
    endloop
  endfacet
  facet normal 0 0 1
    outer loop
      vertex 0.9058666578588226 -3.380740392011739 3
      vertex 1.3393920132778143 -3.2335783637895035 3
      vertex 0.8500000000000001 -1.4722431864335457 3
    endloop
  endfacet
  facet normal 0 0 1
    outer loop
      vertex 0.9058666578588226 -3.380740392011739 3
      vertex 0.6505618350206527 -1.5705952052691876 3
      vertex 0.4399923766742853 -1.6420739046914163 3
    endloop
  endfacet
  facet normal 0 0 1
    outer loop
      vertex 0.9058666578588226 -3.380740392011739 3
      vertex 0.8500000000000001 -1.4722431864335457 3
      vertex 0.6505618350206527 -1.5705952052691876 3
    endloop
  endfacet
  facet normal 0 0 1
    outer loop
      vertex 1.3393920132778143 -3.2335783637895035 3
      vertex 1.0348944293148252 -1.3487006784951 3
      vertex 0.8500000000000001 -1.4722431864335457 3
    endloop
  endfacet
  facet normal 0 0 1
    outer loop
      vertex 1.3393920132778143 -3.2335783637895035 3
      vertex 1.202081528017131 -1.202081528017131 3
      vertex 1.0348944293148252 -1.3487006784951 3
    endloop
  endfacet
  facet normal 0 0 1
    outer loop
      vertex -1.3393920132778143 -3.2335783637895035 3
      vertex -1.4722431864335457 -0.8500000000000001 3
      vertex -1.5705952052691876 -0.6505618350206527 3
    endloop
  endfacet
  facet normal 0 0 -1
    outer loop
      vertex -2.739426430539243 -3.570090031310558 0
      vertex -2.739426430539243 3.570090031310558 0
      vertex -2.25 3.8971143170299736 0
    endloop
  endfacet
  facet normal 0 0 -1
    outer loop
      vertex -2.25 -3.8971143170299736 0
      vertex -2.25 3.8971143170299736 0
      vertex -1.722075445642904 4.15745789630079 0
    endloop
  endfacet
  facet normal -0.8985289948311284 0.30500949400765576 0.31561820925440265
    outer loop
      vertex -4.346666218300808 1.1646857029613433 0
      vertex -3.2335783637895035 1.3393920132778143 3
      vertex -4.15745789630079 1.722075445642904 0
    endloop
  endfacet
  facet normal -0.8510302268769138 0.4196816637987329 0.3156182092544026
    outer loop
      vertex -4.15745789630079 1.722075445642904 0
      vertex -3.031088913245535 1.75 3
      vertex -3.8971143170299736 2.25 0
    endloop
  endfacet
  facet normal -0.7889700957906799 0.527172963964475 0.3156182092544026
    outer loop
      vertex -2.776736691019323 2.1306650015305224 3
      vertex -3.570090031310558 2.739426430539243 0
      vertex -3.8971143170299736 2.25 0
    endloop
  endfacet
  facet normal -0.7134104676216315 0.6256441885568258 0.31561820925440287
    outer loop
      vertex -3.570090031310558 2.739426430539243 0
      vertex -2.4748737341529163 2.4748737341529163 3
      vertex -3.1819805153394642 3.1819805153394642 0
    endloop
  endfacet
  facet normal -0.6256441885568258 0.7134104676216315 0.31561820925440287
    outer loop
      vertex -3.1819805153394642 3.1819805153394642 0
      vertex -2.4748737341529163 2.4748737341529163 3
      vertex -2.739426430539243 3.570090031310558 0
    endloop
  endfacet
  facet normal -0.527172963964475 0.7889700957906799 0.31561820925440265
    outer loop
      vertex -2.739426430539243 3.570090031310558 0
      vertex -2.1306650015305224 2.776736691019323 3
      vertex -2.25 3.8971143170299736 0
    endloop
  endfacet
  facet normal -0.4196816637987329 0.8510302268769138 0.31561820925440265
    outer loop
      vertex -2.25 3.8971143170299736 0
      vertex -1.75 3.031088913245535 3
      vertex -1.722075445642904 4.15745789630079 0
    endloop
  endfacet
  facet normal 0 0 -1
    outer loop
      vertex -1.722075445642904 -4.15745789630079 0
      vertex -1.722075445642904 4.15745789630079 0
      vertex -1.1646857029613433 4.346666218300808 0
    endloop
  endfacet
  facet normal 0 0 -1
    outer loop
      vertex -1.1646857029613433 -4.346666218300808 0
      vertex -1.1646857029613433 4.346666218300808 0
      vertex -0.5873678649902321 4.4615018761821466 0
    endloop
  endfacet
  facet normal 0 0 -1
    outer loop
      vertex -0.5873678649902321 -4.4615018761821466 0
      vertex -0.5873678649902321 4.4615018761821466 0
      vertex 0 4.5 0
    endloop
  endfacet
  facet normal 0 0 -1
    outer loop
      vertex 0 -4.5 0
      vertex 0 4.5 0
      vertex 0.5873678649902321 4.4615018761821466 0
    endloop
  endfacet
  facet normal 0 0 -1
    outer loop
      vertex 0.5873678649902321 -4.4615018761821466 0
      vertex 0.5873678649902321 4.4615018761821466 0
      vertex 1.1646857029613433 4.346666218300808 0
    endloop
  endfacet
  facet normal -0.30500949400765576 0.8985289948311284 0.31561820925440265
    outer loop
      vertex -1.722075445642904 4.15745789630079 0
      vertex -1.3393920132778143 3.2335783637895035 3
      vertex -1.1646857029613433 4.346666218300808 0
    endloop
  endfacet
  facet normal -0.18511852720949684 0.9306536825644816 0.3156182092544028
    outer loop
      vertex -1.1646857029613433 4.346666218300808 0
      vertex -0.9058666578588226 3.380740392011739 3
      vertex -0.5873678649902321 4.4615018761821466 0
    endloop
  endfacet
  facet normal 0.18511852720949684 0.9306536825644816 0.3156182092544028
    outer loop
      vertex 0.5873678649902321 4.4615018761821466 0
      vertex 0.9058666578588226 3.380740392011739 3
      vertex 1.1646857029613433 4.346666218300808 0
    endloop
  endfacet
  facet normal -0.06206013108623456 0.9468546277632083 0.3156182092544027
    outer loop
      vertex -0.5873678649902321 4.4615018761821466 0
      vertex -0.4568416727701805 3.4700570148083365 3
      vertex 0 4.5 0
    endloop
  endfacet
  facet normal 0.06206013108623456 0.9468546277632083 0.3156182092544027
    outer loop
      vertex 0 4.5 0
      vertex 0.4568416727701805 3.4700570148083365 3
      vertex 0.5873678649902321 4.4615018761821466 0
    endloop
  endfacet
  facet normal -0.8510302268769138 0.41968166379873295 0.31561820925440265
    outer loop
      vertex -4.15745789630079 1.722075445642904 0
      vertex -3.2335783637895035 1.3393920132778143 3
      vertex -3.031088913245535 1.75 3
    endloop
  endfacet
  facet normal -0.7889700957906799 0.5271729639644747 0.31561820925440265
    outer loop
      vertex -3.031088913245535 1.75 3
      vertex -2.776736691019323 2.1306650015305224 3
      vertex -3.8971143170299736 2.25 0
    endloop
  endfacet
  facet normal -0.7134104676216307 0.6256441885568269 0.31561820925440265
    outer loop
      vertex -2.776736691019323 2.1306650015305224 3
      vertex -2.4748737341529163 2.4748737341529163 3
      vertex -3.570090031310558 2.739426430539243 0
    endloop
  endfacet
  facet normal -0.6256441885568269 0.7134104676216307 0.31561820925440265
    outer loop
      vertex -2.739426430539243 3.570090031310558 0
      vertex -2.4748737341529163 2.4748737341529163 3
      vertex -2.1306650015305224 2.776736691019323 3
    endloop
  endfacet
  facet normal -0.5271729639644747 0.7889700957906799 0.31561820925440265
    outer loop
      vertex -2.25 3.8971143170299736 0
      vertex -2.1306650015305224 2.776736691019323 3
      vertex -1.75 3.031088913245535 3
    endloop
  endfacet
  facet normal 0 0 1
    outer loop
      vertex -1.75 3.031088913245535 3
      vertex -1.6420739046914163 0.4399923766742853 3
      vertex -1.5705952052691876 0.6505618350206527 3
    endloop
  endfacet
  facet normal -0.41968166379873295 0.8510302268769138 0.31561820925440265
    outer loop
      vertex -1.722075445642904 4.15745789630079 0
      vertex -1.75 3.031088913245535 3
      vertex -1.3393920132778143 3.2335783637895035 3
    endloop
  endfacet
  facet normal -0.30500949400765487 0.8985289948311287 0.31561820925440287
    outer loop
      vertex -1.1646857029613433 4.346666218300808 0
      vertex -1.3393920132778143 3.2335783637895035 3
      vertex -0.9058666578588226 3.380740392011739 3
    endloop
  endfacet
  facet normal -0.18511852720949803 0.9306536825644814 0.3156182092544026
    outer loop
      vertex -0.5873678649902321 4.4615018761821466 0
      vertex -0.9058666578588226 3.380740392011739 3
      vertex -0.4568416727701805 3.4700570148083365 3
    endloop
  endfacet
  facet normal -0.06206013108623395 0.9468546277632082 0.31561820925440276
    outer loop
      vertex -0.4568416727701805 3.4700570148083365 3
      vertex 0 3.5 3
      vertex 0 4.5 0
    endloop
  endfacet
  facet normal 0.06206013108623395 0.9468546277632082 0.31561820925440276
    outer loop
      vertex 0 4.5 0
      vertex 0 3.5 3
      vertex 0.4568416727701805 3.4700570148083365 3
    endloop
  endfacet
  facet normal 0.18511852720949803 0.9306536825644814 0.31561820925440265
    outer loop
      vertex 0.5873678649902321 4.4615018761821466 0
      vertex 0.4568416727701805 3.4700570148083365 3
      vertex 0.9058666578588226 3.380740392011739 3
    endloop
  endfacet
  facet normal 0.30500949400765487 0.8985289948311287 0.31561820925440287
    outer loop
      vertex 1.1646857029613433 4.346666218300808 0
      vertex 0.9058666578588226 3.380740392011739 3
      vertex 1.3393920132778143 3.2335783637895035 3
    endloop
  endfacet
  facet normal 0 0 1
    outer loop
      vertex -1.75 3.031088913245535 3
      vertex -1.5705952052691876 0.6505618350206527 3
      vertex -1.4722431864335457 0.8500000000000001 3
    endloop
  endfacet
  facet normal 0 0 1
    outer loop
      vertex -1.75 3.031088913245535 3
      vertex -1.4722431864335457 0.8500000000000001 3
      vertex -1.3487006784951 1.0348944293148252 3
    endloop
  endfacet
  facet normal 0 0 1
    outer loop
      vertex -1.75 3.031088913245535 3
      vertex -1.3487006784951 1.0348944293148252 3
      vertex -1.202081528017131 1.202081528017131 3
    endloop
  endfacet
  facet normal 0 0 1
    outer loop
      vertex -1.3393920132778143 3.2335783637895035 3
      vertex -1.202081528017131 1.202081528017131 3
      vertex -1.0348944293148252 1.3487006784951 3
    endloop
  endfacet
  facet normal 0 0 1
    outer loop
      vertex -1.75 3.031088913245535 3
      vertex -1.202081528017131 1.202081528017131 3
      vertex -1.3393920132778143 3.2335783637895035 3
    endloop
  endfacet
  facet normal 0 0 1
    outer loop
      vertex -1.3393920132778143 3.2335783637895035 3
      vertex -1.0348944293148252 1.3487006784951 3
      vertex -0.8500000000000001 1.4722431864335457 3
    endloop
  endfacet
  facet normal 0 0 1
    outer loop
      vertex -0.9058666578588226 3.380740392011739 3
      vertex -0.8500000000000001 1.4722431864335457 3
      vertex -0.6505618350206527 1.5705952052691876 3
    endloop
  endfacet
  facet normal 0 0 1
    outer loop
      vertex -0.9058666578588226 3.380740392011739 3
      vertex -0.6505618350206527 1.5705952052691876 3
      vertex -0.4399923766742853 1.6420739046914163 3
    endloop
  endfacet
  facet normal 0 0 1
    outer loop
      vertex -0.4568416727701805 3.4700570148083365 3
      vertex -0.4399923766742853 1.6420739046914163 3
      vertex -0.2218945267740877 1.6854562643354778 3
    endloop
  endfacet
  facet normal 0 0 1
    outer loop
      vertex -1.3393920132778143 3.2335783637895035 3
      vertex -0.8500000000000001 1.4722431864335457 3
      vertex -0.9058666578588226 3.380740392011739 3
    endloop
  endfacet
  facet normal 0 0 1
    outer loop
      vertex -0.9058666578588226 3.380740392011739 3
      vertex -0.4399923766742853 1.6420739046914163 3
      vertex -0.4568416727701805 3.4700570148083365 3
    endloop
  endfacet
  facet normal 0 0 1
    outer loop
      vertex -0.4568416727701805 3.4700570148083365 3
      vertex -0.2218945267740877 1.6854562643354778 3
      vertex 0 3.5 3
    endloop
  endfacet
  facet normal 0 0 1
    outer loop
      vertex 0 3.5 3
      vertex -0.2218945267740877 1.6854562643354778 3
      vertex 0 1.7000000000000002 3
    endloop
  endfacet
  facet normal 0 0 1
    outer loop
      vertex 0 3.5 3
      vertex 0 1.7000000000000002 3
      vertex 0.2218945267740877 1.6854562643354778 3
    endloop
  endfacet
  facet normal 0 0 1
    outer loop
      vertex 0.4568416727701805 3.4700570148083365 3
      vertex 0.2218945267740877 1.6854562643354778 3
      vertex 0.4399923766742853 1.6420739046914163 3
    endloop
  endfacet
  facet normal 0 0 1
    outer loop
      vertex 0.4568416727701805 3.4700570148083365 3
      vertex 0.4399923766742853 1.6420739046914163 3
      vertex 0.6505618350206527 1.5705952052691876 3
    endloop
  endfacet
  facet normal 0 0 1
    outer loop
      vertex 0.9058666578588226 3.380740392011739 3
      vertex 0.6505618350206527 1.5705952052691876 3
      vertex 0.8500000000000001 1.4722431864335457 3
    endloop
  endfacet
  facet normal 0 0 1
    outer loop
      vertex 0.9058666578588226 3.380740392011739 3
      vertex 0.8500000000000001 1.4722431864335457 3
      vertex 1.0348944293148252 1.3487006784951 3
    endloop
  endfacet
  facet normal 0 0 1
    outer loop
      vertex 0.9058666578588226 3.380740392011739 3
      vertex 1.0348944293148252 1.3487006784951 3
      vertex 1.202081528017131 1.202081528017131 3
    endloop
  endfacet
  facet normal 0 0 1
    outer loop
      vertex 0.9058666578588226 3.380740392011739 3
      vertex 1.202081528017131 1.202081528017131 3
      vertex 1.3393920132778143 3.2335783637895035 3
    endloop
  endfacet
  facet normal 0 0 1
    outer loop
      vertex 0 3.5 3
      vertex 0.2218945267740877 1.6854562643354778 3
      vertex 0.4568416727701805 3.4700570148083365 3
    endloop
  endfacet
  facet normal 0 0 1
    outer loop
      vertex 0.4568416727701805 3.4700570148083365 3
      vertex 0.6505618350206527 1.5705952052691876 3
      vertex 0.9058666578588226 3.380740392011739 3
    endloop
  endfacet
  facet normal 0.30500949400765576 -0.8985289948311284 0.31561820925440265
    outer loop
      vertex 1.1646857029613433 -4.346666218300808 0
      vertex 1.722075445642904 -4.15745789630079 0
      vertex 1.3393920132778143 -3.2335783637895035 3
    endloop
  endfacet
  facet normal 0.4196816637987329 -0.8510302268769138 0.3156182092544026
    outer loop
      vertex 1.722075445642904 -4.15745789630079 0
      vertex 2.25 -3.8971143170299736 0
      vertex 1.75 -3.031088913245535 3
    endloop
  endfacet
  facet normal 0.527172963964475 -0.7889700957906799 0.3156182092544026
    outer loop
      vertex 2.1306650015305224 -2.776736691019323 3
      vertex 2.25 -3.8971143170299736 0
      vertex 2.739426430539243 -3.570090031310558 0
    endloop
  endfacet
  facet normal 0.6256441885568258 -0.7134104676216315 0.31561820925440287
    outer loop
      vertex 2.739426430539243 -3.570090031310558 0
      vertex 3.1819805153394642 -3.1819805153394642 0
      vertex 2.4748737341529163 -2.4748737341529163 3
    endloop
  endfacet
  facet normal 0.7134104676216315 -0.6256441885568258 0.31561820925440287
    outer loop
      vertex 3.1819805153394642 -3.1819805153394642 0
      vertex 3.570090031310558 -2.739426430539243 0
      vertex 2.4748737341529163 -2.4748737341529163 3
    endloop
  endfacet
  facet normal 0.7889700957906799 -0.527172963964475 0.31561820925440265
    outer loop
      vertex 3.570090031310558 -2.739426430539243 0
      vertex 3.8971143170299736 -2.25 0
      vertex 2.776736691019323 -2.1306650015305224 3
    endloop
  endfacet
  facet normal 0.8510302268769138 -0.4196816637987329 0.31561820925440265
    outer loop
      vertex 3.8971143170299736 -2.25 0
      vertex 4.15745789630079 -1.722075445642904 0
      vertex 3.031088913245535 -1.75 3
    endloop
  endfacet
  facet normal 0 0 -1
    outer loop
      vertex 1.1646857029613433 -4.346666218300808 0
      vertex 1.722075445642904 4.15745789630079 0
      vertex 1.722075445642904 -4.15745789630079 0
    endloop
  endfacet
  facet normal 0 0 -1
    outer loop
      vertex 1.722075445642904 -4.15745789630079 0
      vertex 2.25 3.8971143170299736 0
      vertex 2.25 -3.8971143170299736 0
    endloop
  endfacet
  facet normal 0 0 -1
    outer loop
      vertex 2.25 -3.8971143170299736 0
      vertex 2.739426430539243 3.570090031310558 0
      vertex 2.739426430539243 -3.570090031310558 0
    endloop
  endfacet
  facet normal 0 0 -1
    outer loop
      vertex 2.25 -3.8971143170299736 0
      vertex 2.25 3.8971143170299736 0
      vertex 2.739426430539243 3.570090031310558 0
    endloop
  endfacet
  facet normal 0 0 -1
    outer loop
      vertex 2.739426430539243 -3.570090031310558 0
      vertex 3.1819805153394642 3.1819805153394642 0
      vertex 3.1819805153394642 -3.1819805153394642 0
    endloop
  endfacet
  facet normal 0 0 -1
    outer loop
      vertex 3.1819805153394642 -3.1819805153394642 0
      vertex 3.570090031310558 2.739426430539243 0
      vertex 3.570090031310558 -2.739426430539243 0
    endloop
  endfacet
  facet normal 0 0 -1
    outer loop
      vertex 3.570090031310558 -2.739426430539243 0
      vertex 3.8971143170299736 2.25 0
      vertex 3.8971143170299736 -2.25 0
    endloop
  endfacet
  facet normal 0 0 -1
    outer loop
      vertex 3.8971143170299736 -2.25 0
      vertex 4.15745789630079 1.722075445642904 0
      vertex 4.15745789630079 -1.722075445642904 0
    endloop
  endfacet
  facet normal 0 0 -1
    outer loop
      vertex 2.739426430539243 -3.570090031310558 0
      vertex 2.739426430539243 3.570090031310558 0
      vertex 3.1819805153394642 3.1819805153394642 0
    endloop
  endfacet
  facet normal 0 0 -1
    outer loop
      vertex 3.1819805153394642 -3.1819805153394642 0
      vertex 3.1819805153394642 3.1819805153394642 0
      vertex 3.570090031310558 2.739426430539243 0
    endloop
  endfacet
  facet normal 0 0 -1
    outer loop
      vertex 3.570090031310558 -2.739426430539243 0
      vertex 3.570090031310558 2.739426430539243 0
      vertex 3.8971143170299736 2.25 0
    endloop
  endfacet
  facet normal 0 0 -1
    outer loop
      vertex 3.8971143170299736 -2.25 0
      vertex 3.8971143170299736 2.25 0
      vertex 4.15745789630079 1.722075445642904 0
    endloop
  endfacet
  facet normal 0.8985289948311284 -0.30500949400765576 0.31561820925440265
    outer loop
      vertex 4.15745789630079 -1.722075445642904 0
      vertex 4.346666218300808 -1.1646857029613433 0
      vertex 3.2335783637895035 -1.3393920132778143 3
    endloop
  endfacet
  facet normal 0.9306536825644816 -0.18511852720949684 0.3156182092544028
    outer loop
      vertex 4.346666218300808 -1.1646857029613433 0
      vertex 4.4615018761821466 -0.5873678649902321 0
      vertex 3.380740392011739 -0.9058666578588226 3
    endloop
  endfacet
  facet normal 0.9306536825644816 0.18511852720949684 0.3156182092544028
    outer loop
      vertex 4.4615018761821466 0.5873678649902321 0
      vertex 4.346666218300808 1.1646857029613433 0
      vertex 3.380740392011739 0.9058666578588226 3
    endloop
  endfacet
  facet normal 0 0 -1
    outer loop
      vertex 4.15745789630079 -1.722075445642904 0
      vertex 4.346666218300808 1.1646857029613433 0
      vertex 4.346666218300808 -1.1646857029613433 0
    endloop
  endfacet
  facet normal 0 0 -1
    outer loop
      vertex 4.346666218300808 -1.1646857029613433 0
      vertex 4.4615018761821466 0.5873678649902321 0
      vertex 4.4615018761821466 -0.5873678649902321 0
    endloop
  endfacet
  facet normal 0 0 -1
    outer loop
      vertex 4.4615018761821466 -0.5873678649902321 0
      vertex 4.4615018761821466 0.5873678649902321 0
      vertex 4.5 0 0
    endloop
  endfacet
  facet normal 0 0 -1
    outer loop
      vertex 4.15745789630079 -1.722075445642904 0
      vertex 4.15745789630079 1.722075445642904 0
      vertex 4.346666218300808 1.1646857029613433 0
    endloop
  endfacet
  facet normal 0 0 -1
    outer loop
      vertex 4.346666218300808 -1.1646857029613433 0
      vertex 4.346666218300808 1.1646857029613433 0
      vertex 4.4615018761821466 0.5873678649902321 0
    endloop
  endfacet
  facet normal 0.9468546277632083 -0.06206013108623456 0.3156182092544027
    outer loop
      vertex 4.4615018761821466 -0.5873678649902321 0
      vertex 4.5 0 0
      vertex 3.4700570148083365 -0.4568416727701805 3
    endloop
  endfacet
  facet normal 0.9468546277632083 0.06206013108623456 0.3156182092544027
    outer loop
      vertex 4.5 0 0
      vertex 4.4615018761821466 0.5873678649902321 0
      vertex 3.4700570148083365 0.4568416727701805 3
    endloop
  endfacet
  facet normal 0.41968166379873295 -0.8510302268769138 0.31561820925440265
    outer loop
      vertex 1.722075445642904 -4.15745789630079 0
      vertex 1.75 -3.031088913245535 3
      vertex 1.3393920132778143 -3.2335783637895035 3
    endloop
  endfacet
  facet normal 0.5271729639644747 -0.7889700957906799 0.31561820925440265
    outer loop
      vertex 1.75 -3.031088913245535 3
      vertex 2.25 -3.8971143170299736 0
      vertex 2.1306650015305224 -2.776736691019323 3
    endloop
  endfacet
  facet normal 0.6256441885568269 -0.7134104676216307 0.31561820925440265
    outer loop
      vertex 2.1306650015305224 -2.776736691019323 3
      vertex 2.739426430539243 -3.570090031310558 0
      vertex 2.4748737341529163 -2.4748737341529163 3
    endloop
  endfacet
  facet normal 0.7134104676216307 -0.6256441885568269 0.31561820925440265
    outer loop
      vertex 3.570090031310558 -2.739426430539243 0
      vertex 2.776736691019323 -2.1306650015305224 3
      vertex 2.4748737341529163 -2.4748737341529163 3
    endloop
  endfacet
  facet normal 0.7889700957906799 -0.5271729639644747 0.31561820925440265
    outer loop
      vertex 3.8971143170299736 -2.25 0
      vertex 3.031088913245535 -1.75 3
      vertex 2.776736691019323 -2.1306650015305224 3
    endloop
  endfacet
  facet normal 0 0 1
    outer loop
      vertex 1.3393920132778143 -3.2335783637895035 3
      vertex 1.75 -3.031088913245535 3
      vertex 1.202081528017131 -1.202081528017131 3
    endloop
  endfacet
  facet normal 0 0 1
    outer loop
      vertex 1.75 -3.031088913245535 3
      vertex 1.3487006784951 -1.0348944293148252 3
      vertex 1.202081528017131 -1.202081528017131 3
    endloop
  endfacet
  facet normal 0 0 1
    outer loop
      vertex 1.75 -3.031088913245535 3
      vertex 1.4722431864335457 -0.8500000000000001 3
      vertex 1.3487006784951 -1.0348944293148252 3
    endloop
  endfacet
  facet normal 0.8510302268769138 -0.41968166379873295 0.31561820925440265
    outer loop
      vertex 4.15745789630079 -1.722075445642904 0
      vertex 3.2335783637895035 -1.3393920132778143 3
      vertex 3.031088913245535 -1.75 3
    endloop
  endfacet
  facet normal 0.8985289948311287 -0.30500949400765487 0.31561820925440287
    outer loop
      vertex 4.346666218300808 -1.1646857029613433 0
      vertex 3.380740392011739 -0.9058666578588226 3
      vertex 3.2335783637895035 -1.3393920132778143 3
    endloop
  endfacet
  facet normal 0.9306536825644814 -0.18511852720949803 0.3156182092544026
    outer loop
      vertex 4.4615018761821466 -0.5873678649902321 0
      vertex 3.4700570148083365 -0.4568416727701805 3
      vertex 3.380740392011739 -0.9058666578588226 3
    endloop
  endfacet
  facet normal 0.9468546277632082 -0.06206013108623395 0.31561820925440276
    outer loop
      vertex 3.4700570148083365 -0.4568416727701805 3
      vertex 4.5 0 0
      vertex 3.5 0 3
    endloop
  endfacet
  facet normal 0.9468546277632082 0.06206013108623395 0.31561820925440276
    outer loop
      vertex 4.5 0 0
      vertex 3.4700570148083365 0.4568416727701805 3
      vertex 3.5 0 3
    endloop
  endfacet
  facet normal 0.8985289948311287 0.30500949400765487 0.31561820925440287
    outer loop
      vertex 4.346666218300808 1.1646857029613433 0
      vertex 3.2335783637895035 1.3393920132778143 3
      vertex 3.380740392011739 0.9058666578588226 3
    endloop
  endfacet
  facet normal 0.9306536825644814 0.18511852720949803 0.31561820925440265
    outer loop
      vertex 4.4615018761821466 0.5873678649902321 0
      vertex 3.380740392011739 0.9058666578588226 3
      vertex 3.4700570148083365 0.4568416727701805 3
    endloop
  endfacet
  facet normal 0 0 1
    outer loop
      vertex 1.75 -3.031088913245535 3
      vertex 1.5705952052691876 -0.6505618350206527 3
      vertex 1.4722431864335457 -0.8500000000000001 3
    endloop
  endfacet
  facet normal 0 0 1
    outer loop
      vertex 1.75 -3.031088913245535 3
      vertex 1.6420739046914163 -0.4399923766742853 3
      vertex 1.5705952052691876 -0.6505618350206527 3
    endloop
  endfacet
  facet normal 0 0 1
    outer loop
      vertex 1.75 -3.031088913245535 3
      vertex 1.6854562643354778 -0.2218945267740877 3
      vertex 1.6420739046914163 -0.4399923766742853 3
    endloop
  endfacet
  facet normal 0 0 1
    outer loop
      vertex 1.75 -3.031088913245535 3
      vertex 1.7000000000000002 0 3
      vertex 1.6854562643354778 -0.2218945267740877 3
    endloop
  endfacet
  facet normal 0 0 1
    outer loop
      vertex 1.75 -3.031088913245535 3
      vertex 2.1306650015305224 -2.776736691019323 3
      vertex 1.75 3.031088913245535 3
    endloop
  endfacet
  facet normal 0 0 1
    outer loop
      vertex 2.1306650015305224 -2.776736691019323 3
      vertex 2.4748737341529163 -2.4748737341529163 3
      vertex 2.1306650015305224 2.776736691019323 3
    endloop
  endfacet
  facet normal 0 0 1
    outer loop
      vertex 2.4748737341529163 -2.4748737341529163 3
      vertex 2.776736691019323 -2.1306650015305224 3
      vertex 2.4748737341529163 2.4748737341529163 3
    endloop
  endfacet
  facet normal 0 0 1
    outer loop
      vertex 1.75 -3.031088913245535 3
      vertex 1.75 3.031088913245535 3
      vertex 1.7000000000000002 0 3
    endloop
  endfacet
  facet normal 0 0 1
    outer loop
      vertex 1.75 3.031088913245535 3
      vertex 1.6420739046914163 0.4399923766742853 3
      vertex 1.6854562643354778 0.2218945267740877 3
    endloop
  endfacet
  facet normal 0 0 1
    outer loop
      vertex 1.75 3.031088913245535 3
      vertex 1.6854562643354778 0.2218945267740877 3
      vertex 1.7000000000000002 0 3
    endloop
  endfacet
  facet normal 0 0 1
    outer loop
      vertex 2.1306650015305224 -2.776736691019323 3
      vertex 2.1306650015305224 2.776736691019323 3
      vertex 1.75 3.031088913245535 3
    endloop
  endfacet
  facet normal 0 0 1
    outer loop
      vertex 2.776736691019323 -2.1306650015305224 3
      vertex 2.776736691019323 2.1306650015305224 3
      vertex 2.4748737341529163 2.4748737341529163 3
    endloop
  endfacet
  facet normal 0 0 1
    outer loop
      vertex 2.4748737341529163 -2.4748737341529163 3
      vertex 2.4748737341529163 2.4748737341529163 3
      vertex 2.1306650015305224 2.776736691019323 3
    endloop
  endfacet
  facet normal 0 0 1
    outer loop
      vertex 2.776736691019323 -2.1306650015305224 3
      vertex 3.031088913245535 -1.75 3
      vertex 2.776736691019323 2.1306650015305224 3
    endloop
  endfacet
  facet normal 0 0 1
    outer loop
      vertex 3.031088913245535 -1.75 3
      vertex 3.2335783637895035 -1.3393920132778143 3
      vertex 3.031088913245535 1.75 3
    endloop
  endfacet
  facet normal 0 0 1
    outer loop
      vertex 3.2335783637895035 -1.3393920132778143 3
      vertex 3.380740392011739 -0.9058666578588226 3
      vertex 3.2335783637895035 1.3393920132778143 3
    endloop
  endfacet
  facet normal 0 0 1
    outer loop
      vertex 3.380740392011739 -0.9058666578588226 3
      vertex 3.380740392011739 0.9058666578588226 3
      vertex 3.2335783637895035 1.3393920132778143 3
    endloop
  endfacet
  facet normal 0 0 1
    outer loop
      vertex 3.031088913245535 -1.75 3
      vertex 3.031088913245535 1.75 3
      vertex 2.776736691019323 2.1306650015305224 3
    endloop
  endfacet
  facet normal 0 0 1
    outer loop
      vertex 3.2335783637895035 -1.3393920132778143 3
      vertex 3.2335783637895035 1.3393920132778143 3
      vertex 3.031088913245535 1.75 3
    endloop
  endfacet
  facet normal 0 0 1
    outer loop
      vertex 3.380740392011739 -0.9058666578588226 3
      vertex 3.4700570148083365 -0.4568416727701805 3
      vertex 3.380740392011739 0.9058666578588226 3
    endloop
  endfacet
  facet normal 0 0 1
    outer loop
      vertex 3.4700570148083365 -0.4568416727701805 3
      vertex 3.5 0 3
      vertex 3.4700570148083365 0.4568416727701805 3
    endloop
  endfacet
  facet normal 0 0 1
    outer loop
      vertex 3.4700570148083365 -0.4568416727701805 3
      vertex 3.4700570148083365 0.4568416727701805 3
      vertex 3.380740392011739 0.9058666578588226 3
    endloop
  endfacet
  facet normal 0 0 -1
    outer loop
      vertex 1.1646857029613433 -4.346666218300808 0
      vertex 1.1646857029613433 4.346666218300808 0
      vertex 1.722075445642904 4.15745789630079 0
    endloop
  endfacet
  facet normal 0 0 -1
    outer loop
      vertex 1.722075445642904 -4.15745789630079 0
      vertex 1.722075445642904 4.15745789630079 0
      vertex 2.25 3.8971143170299736 0
    endloop
  endfacet
  facet normal 0.30500949400765576 0.8985289948311284 0.3156182092544027
    outer loop
      vertex 1.1646857029613433 4.346666218300808 0
      vertex 1.3393920132778143 3.2335783637895035 3
      vertex 1.722075445642904 4.15745789630079 0
    endloop
  endfacet
  facet normal 0.4196816637987329 0.8510302268769138 0.3156182092544026
    outer loop
      vertex 1.722075445642904 4.15745789630079 0
      vertex 1.75 3.031088913245535 3
      vertex 2.25 3.8971143170299736 0
    endloop
  endfacet
  facet normal 0.527172963964475 0.7889700957906799 0.31561820925440265
    outer loop
      vertex 2.1306650015305224 2.776736691019323 3
      vertex 2.739426430539243 3.570090031310558 0
      vertex 2.25 3.8971143170299736 0
    endloop
  endfacet
  facet normal 0.8510302268769138 0.4196816637987329 0.3156182092544026
    outer loop
      vertex 4.15745789630079 1.722075445642904 0
      vertex 3.8971143170299736 2.25 0
      vertex 3.031088913245535 1.75 3
    endloop
  endfacet
  facet normal 0.8985289948311284 0.30500949400765576 0.3156182092544027
    outer loop
      vertex 4.346666218300808 1.1646857029613433 0
      vertex 4.15745789630079 1.722075445642904 0
      vertex 3.2335783637895035 1.3393920132778143 3
    endloop
  endfacet
  facet normal 0.7889700957906799 0.527172963964475 0.31561820925440265
    outer loop
      vertex 2.776736691019323 2.1306650015305224 3
      vertex 3.8971143170299736 2.25 0
      vertex 3.570090031310558 2.739426430539243 0
    endloop
  endfacet
  facet normal 0.6256441885568258 0.7134104676216315 0.31561820925440287
    outer loop
      vertex 3.1819805153394642 3.1819805153394642 0
      vertex 2.739426430539243 3.570090031310558 0
      vertex 2.4748737341529163 2.4748737341529163 3
    endloop
  endfacet
  facet normal 0.7134104676216315 0.6256441885568258 0.31561820925440287
    outer loop
      vertex 3.1819805153394642 3.1819805153394642 0
      vertex 2.4748737341529163 2.4748737341529163 3
      vertex 3.570090031310558 2.739426430539243 0
    endloop
  endfacet
  facet normal 0.41968166379873295 0.8510302268769138 0.31561820925440265
    outer loop
      vertex 1.722075445642904 4.15745789630079 0
      vertex 1.3393920132778143 3.2335783637895035 3
      vertex 1.75 3.031088913245535 3
    endloop
  endfacet
  facet normal 0.5271729639644747 0.7889700957906799 0.31561820925440265
    outer loop
      vertex 2.1306650015305224 2.776736691019323 3
      vertex 2.25 3.8971143170299736 0
      vertex 1.75 3.031088913245535 3
    endloop
  endfacet
  facet normal 0.6256441885568269 0.7134104676216307 0.31561820925440265
    outer loop
      vertex 2.1306650015305224 2.776736691019323 3
      vertex 2.4748737341529163 2.4748737341529163 3
      vertex 2.739426430539243 3.570090031310558 0
    endloop
  endfacet
  facet normal 0.7134104676216307 0.6256441885568269 0.31561820925440265
    outer loop
      vertex 2.776736691019323 2.1306650015305224 3
      vertex 3.570090031310558 2.739426430539243 0
      vertex 2.4748737341529163 2.4748737341529163 3
    endloop
  endfacet
  facet normal 0.7889700957906799 0.5271729639644747 0.31561820925440265
    outer loop
      vertex 2.776736691019323 2.1306650015305224 3
      vertex 3.031088913245535 1.75 3
      vertex 3.8971143170299736 2.25 0
    endloop
  endfacet
  facet normal 0.8510302268769138 0.41968166379873295 0.31561820925440265
    outer loop
      vertex 4.15745789630079 1.722075445642904 0
      vertex 3.031088913245535 1.75 3
      vertex 3.2335783637895035 1.3393920132778143 3
    endloop
  endfacet
  facet normal 0 0 1
    outer loop
      vertex 1.3393920132778143 3.2335783637895035 3
      vertex 1.4722431864335457 0.8500000000000001 3
      vertex 1.5705952052691876 0.6505618350206527 3
    endloop
  endfacet
  facet normal 0 0 1
    outer loop
      vertex 1.3393920132778143 3.2335783637895035 3
      vertex 1.3487006784951 1.0348944293148252 3
      vertex 1.4722431864335457 0.8500000000000001 3
    endloop
  endfacet
  facet normal 0 0 1
    outer loop
      vertex 1.3393920132778143 3.2335783637895035 3
      vertex 1.202081528017131 1.202081528017131 3
      vertex 1.3487006784951 1.0348944293148252 3
    endloop
  endfacet
  facet normal 0 0 1
    outer loop
      vertex 1.75 3.031088913245535 3
      vertex 1.5705952052691876 0.6505618350206527 3
      vertex 1.6420739046914163 0.4399923766742853 3
    endloop
  endfacet
  facet normal 0 0 1
    outer loop
      vertex 1.3393920132778143 3.2335783637895035 3
      vertex 1.5705952052691876 0.6505618350206527 3
      vertex 1.75 3.031088913245535 3
    endloop
  endfacet
  facet normal 0 0 -1
    outer loop
      vertex -1.722075445642904 9.84254210369921 0
      vertex -2.25 10.102885682970026 0
      vertex -1.722075445642904 18.15745789630079 0
    endloop
  endfacet
  facet normal -0.7134104676216315 -0.6256441885568258 0.31561820925440287
    outer loop
      vertex -3.570090031310558 11.260573569460757 0
      vertex -3.1819805153394642 10.818019484660535 0
      vertex -2.4748737341529163 11.525126265847083 3
    endloop
  endfacet
  facet normal -0.8985289948311284 -0.3050094940076555 0.31561820925440265
    outer loop
      vertex -4.15745789630079 12.277924554357096 0
      vertex -3.2335783637895035 12.660607986722185 3
      vertex -4.346666218300808 12.835314297038657 0
    endloop
  endfacet
  facet normal -0.7889700957906801 -0.5271729639644747 0.31561820925440276
    outer loop
      vertex -3.570090031310558 11.260573569460757 0
      vertex -2.776736691019323 11.869334998469478 3
      vertex -3.8971143170299736 11.75 0
    endloop
  endfacet
  facet normal -0.8510302268769138 -0.41968166379873306 0.3156182092544026
    outer loop
      vertex -4.15745789630079 12.277924554357096 0
      vertex -3.8971143170299736 11.75 0
      vertex -3.031088913245535 12.25 3
    endloop
  endfacet
  facet normal -0.5271729639644754 -0.7889700957906794 0.31561820925440265
    outer loop
      vertex -2.739426430539243 10.429909968689442 0
      vertex -2.25 10.102885682970026 0
      vertex -2.1306650015305224 11.223263308980677 3
    endloop
  endfacet
  facet normal -0.6256441885568255 -0.713410467621632 0.31561820925440287
    outer loop
      vertex -2.739426430539243 10.429909968689442 0
      vertex -2.4748737341529163 11.525126265847083 3
      vertex -3.1819805153394642 10.818019484660535 0
    endloop
  endfacet
  facet normal -0.41968166379873345 -0.8510302268769134 0.3156182092544029
    outer loop
      vertex -1.722075445642904 9.84254210369921 0
      vertex -1.75 10.968911086754465 3
      vertex -2.25 10.102885682970026 0
    endloop
  endfacet
  facet normal -0.06206013108623313 -0.9468546277632083 0.31561820925440287
    outer loop
      vertex -0.5873678649902321 9.538498123817853 0
      vertex 0 9.5 0
      vertex -0.4568416727701805 10.529942985191663 3
    endloop
  endfacet
  facet normal 0.06206013108623313 -0.9468546277632083 0.31561820925440287
    outer loop
      vertex 0 9.5 0
      vertex 0.5873678649902321 9.538498123817853 0
      vertex 0.4568416727701805 10.529942985191663 3
    endloop
  endfacet
  facet normal 0 0 -1
    outer loop
      vertex -1.722075445642904 9.84254210369921 0
      vertex -1.1646857029613433 18.346666218300808 0
      vertex -1.1646857029613433 9.653333781699192 0
    endloop
  endfacet
  facet normal 0 0 -1
    outer loop
      vertex -1.1646857029613433 9.653333781699192 0
      vertex -0.5873678649902321 18.461501876182147 0
      vertex -0.5873678649902321 9.538498123817853 0
    endloop
  endfacet
  facet normal 0 0 -1
    outer loop
      vertex -0.5873678649902321 9.538498123817853 0
      vertex 0 18.5 0
      vertex 0 9.5 0
    endloop
  endfacet
  facet normal 0 0 -1
    outer loop
      vertex 0 9.5 0
      vertex 0.5873678649902321 18.461501876182147 0
      vertex 0.5873678649902321 9.538498123817853 0
    endloop
  endfacet
  facet normal 0 0 -1
    outer loop
      vertex 0.5873678649902321 9.538498123817853 0
      vertex 1.1646857029613433 18.346666218300808 0
      vertex 1.1646857029613433 9.653333781699192 0
    endloop
  endfacet
  facet normal -0.3050094940076545 -0.8985289948311286 0.315618209254403
    outer loop
      vertex -1.722075445642904 9.84254210369921 0
      vertex -1.1646857029613433 9.653333781699192 0
      vertex -1.3393920132778143 10.766421636210497 3
    endloop
  endfacet
  facet normal -0.18511852720949823 -0.9306536825644812 0.3156182092544031
    outer loop
      vertex -1.1646857029613433 9.653333781699192 0
      vertex -0.5873678649902321 9.538498123817853 0
      vertex -0.9058666578588226 10.619259607988262 3
    endloop
  endfacet
  facet normal 0.18511852720949823 -0.9306536825644812 0.3156182092544031
    outer loop
      vertex 0.5873678649902321 9.538498123817853 0
      vertex 1.1646857029613433 9.653333781699192 0
      vertex 0.9058666578588226 10.619259607988262 3
    endloop
  endfacet
  facet normal -0.7889700957906798 -0.5271729639644752 0.3156182092544027
    outer loop
      vertex -3.8971143170299736 11.75 0
      vertex -2.776736691019323 11.869334998469478 3
      vertex -3.031088913245535 12.25 3
    endloop
  endfacet
  facet normal -0.8510302268769138 -0.4196816637987331 0.31561820925440265
    outer loop
      vertex -4.15745789630079 12.277924554357096 0
      vertex -3.031088913245535 12.25 3
      vertex -3.2335783637895035 12.660607986722185 3
    endloop
  endfacet
  facet normal -0.6256441885568264 -0.7134104676216312 0.31561820925440265
    outer loop
      vertex -2.739426430539243 10.429909968689442 0
      vertex -2.1306650015305224 11.223263308980677 3
      vertex -2.4748737341529163 11.525126265847083 3
    endloop
  endfacet
  facet normal -0.527172963964474 -0.7889700957906803 0.31561820925440287
    outer loop
      vertex -2.25 10.102885682970026 0
      vertex -1.75 10.968911086754465 3
      vertex -2.1306650015305224 11.223263308980677 3
    endloop
  endfacet
  facet normal -0.7134104676216313 -0.6256441885568259 0.31561820925440276
    outer loop
      vertex -3.570090031310558 11.260573569460757 0
      vertex -2.4748737341529163 11.525126265847083 3
      vertex -2.776736691019323 11.869334998469478 3
    endloop
  endfacet
  facet normal 0 0 1
    outer loop
      vertex -1.75 10.968911086754465 3
      vertex -1.5705952052691876 13.349438164979347 3
      vertex -1.6420739046914163 13.560007623325715 3
    endloop
  endfacet
  facet normal -0.4196816637987329 -0.8510302268769137 0.315618209254403
    outer loop
      vertex -1.722075445642904 9.84254210369921 0
      vertex -1.3393920132778143 10.766421636210497 3
      vertex -1.75 10.968911086754465 3
    endloop
  endfacet
  facet normal -0.305009494007654 -0.8985289948311287 0.31561820925440304
    outer loop
      vertex -1.1646857029613433 9.653333781699192 0
      vertex -0.9058666578588226 10.619259607988262 3
      vertex -1.3393920132778143 10.766421636210497 3
    endloop
  endfacet
  facet normal -0.1851185272094998 -0.930653682564481 0.31561820925440287
    outer loop
      vertex -0.5873678649902321 9.538498123817853 0
      vertex -0.4568416727701805 10.529942985191663 3
      vertex -0.9058666578588226 10.619259607988262 3
    endloop
  endfacet
  facet normal -0.06206013108623395 -0.9468546277632082 0.31561820925440276
    outer loop
      vertex -0.4568416727701805 10.529942985191663 3
      vertex 0 9.5 0
      vertex 0 10.5 3
    endloop
  endfacet
  facet normal 0.06206013108623395 -0.9468546277632082 0.31561820925440276
    outer loop
      vertex 0 9.5 0
      vertex 0.4568416727701805 10.529942985191663 3
      vertex 0 10.5 3
    endloop
  endfacet
  facet normal 0.1851185272094998 -0.930653682564481 0.31561820925440287
    outer loop
      vertex 0.5873678649902321 9.538498123817853 0
      vertex 0.9058666578588226 10.619259607988262 3
      vertex 0.4568416727701805 10.529942985191663 3
    endloop
  endfacet
  facet normal 0.305009494007654 -0.8985289948311287 0.31561820925440304
    outer loop
      vertex 1.1646857029613433 9.653333781699192 0
      vertex 1.3393920132778143 10.766421636210497 3
      vertex 0.9058666578588226 10.619259607988262 3
    endloop
  endfacet
  facet normal 0 0 1
    outer loop
      vertex -0.9058666578588226 10.619259607988262 3
      vertex -0.4568416727701805 10.529942985191663 3
      vertex -0.6505618350206527 12.429404794730813 3
    endloop
  endfacet
  facet normal 0 0 1
    outer loop
      vertex -0.4568416727701805 10.529942985191663 3
      vertex 0 10.5 3
      vertex -0.2218945267740877 12.314543735664522 3
    endloop
  endfacet
  facet normal 0 0 1
    outer loop
      vertex -1.75 10.968911086754465 3
      vertex -1.3393920132778143 10.766421636210497 3
      vertex -1.5705952052691876 13.349438164979347 3
    endloop
  endfacet
  facet normal 0 0 1
    outer loop
      vertex -1.3393920132778143 10.766421636210497 3
      vertex -0.9058666578588226 10.619259607988262 3
      vertex -1.202081528017131 12.797918471982868 3
    endloop
  endfacet
  facet normal 0 0 1
    outer loop
      vertex -0.9058666578588226 10.619259607988262 3
      vertex -1.0348944293148252 12.6512993215049 3
      vertex -1.202081528017131 12.797918471982868 3
    endloop
  endfacet
  facet normal 0 0 1
    outer loop
      vertex -0.9058666578588226 10.619259607988262 3
      vertex -0.8500000000000001 12.527756813566455 3
      vertex -1.0348944293148252 12.6512993215049 3
    endloop
  endfacet
  facet normal 0 0 1
    outer loop
      vertex -1.3393920132778143 10.766421636210497 3
      vertex -1.202081528017131 12.797918471982868 3
      vertex -1.3487006784951 12.965105570685175 3
    endloop
  endfacet
  facet normal 0 0 1
    outer loop
      vertex -1.3393920132778143 10.766421636210497 3
      vertex -1.3487006784951 12.965105570685175 3
      vertex -1.4722431864335457 13.15 3
    endloop
  endfacet
  facet normal 0 0 1
    outer loop
      vertex -1.3393920132778143 10.766421636210497 3
      vertex -1.4722431864335457 13.15 3
      vertex -1.5705952052691876 13.349438164979347 3
    endloop
  endfacet
  facet normal 0 0 1
    outer loop
      vertex -0.9058666578588226 10.619259607988262 3
      vertex -0.6505618350206527 12.429404794730813 3
      vertex -0.8500000000000001 12.527756813566455 3
    endloop
  endfacet
  facet normal 0 0 1
    outer loop
      vertex -0.4568416727701805 10.529942985191663 3
      vertex -0.4399923766742853 12.357926095308583 3
      vertex -0.6505618350206527 12.429404794730813 3
    endloop
  endfacet
  facet normal 0 0 1
    outer loop
      vertex -0.4568416727701805 10.529942985191663 3
      vertex -0.2218945267740877 12.314543735664522 3
      vertex -0.4399923766742853 12.357926095308583 3
    endloop
  endfacet
  facet normal 0 0 1
    outer loop
      vertex 0 10.5 3
      vertex 0.4568416727701805 10.529942985191663 3
      vertex 0.2218945267740877 12.314543735664522 3
    endloop
  endfacet
  facet normal 0 0 1
    outer loop
      vertex 0.4568416727701805 10.529942985191663 3
      vertex 0.9058666578588226 10.619259607988262 3
      vertex 0.4399923766742853 12.357926095308583 3
    endloop
  endfacet
  facet normal 0 0 1
    outer loop
      vertex 0.9058666578588226 10.619259607988262 3
      vertex 1.3393920132778143 10.766421636210497 3
      vertex 0.8500000000000001 12.527756813566455 3
    endloop
  endfacet
  facet normal 0 0 1
    outer loop
      vertex 0 10.5 3
      vertex 0 12.3 3
      vertex -0.2218945267740877 12.314543735664522 3
    endloop
  endfacet
  facet normal 0 0 1
    outer loop
      vertex 0 10.5 3
      vertex 0.2218945267740877 12.314543735664522 3
      vertex 0 12.3 3
    endloop
  endfacet
  facet normal 0 0 1
    outer loop
      vertex 0.4568416727701805 10.529942985191663 3
      vertex 0.4399923766742853 12.357926095308583 3
      vertex 0.2218945267740877 12.314543735664522 3
    endloop
  endfacet
  facet normal 0 0 1
    outer loop
      vertex 0.9058666578588226 10.619259607988262 3
      vertex 0.6505618350206527 12.429404794730813 3
      vertex 0.4399923766742853 12.357926095308583 3
    endloop
  endfacet
  facet normal 0 0 1
    outer loop
      vertex 0.9058666578588226 10.619259607988262 3
      vertex 0.8500000000000001 12.527756813566455 3
      vertex 0.6505618350206527 12.429404794730813 3
    endloop
  endfacet
  facet normal 0 0 1
    outer loop
      vertex 1.3393920132778143 10.766421636210497 3
      vertex 1.0348944293148252 12.6512993215049 3
      vertex 0.8500000000000001 12.527756813566455 3
    endloop
  endfacet
  facet normal 0 0 1
    outer loop
      vertex 1.3393920132778143 10.766421636210497 3
      vertex 1.202081528017131 12.797918471982868 3
      vertex 1.0348944293148252 12.6512993215049 3
    endloop
  endfacet
  facet normal 0 0 -1
    outer loop
      vertex -4.15745789630079 12.277924554357096 0
      vertex -3.8971143170299736 16.25 0
      vertex -3.8971143170299736 11.75 0
    endloop
  endfacet
  facet normal 0 0 -1
    outer loop
      vertex -4.346666218300808 12.835314297038657 0
      vertex -4.4615018761821466 13.412632135009767 0
      vertex -4.346666218300808 15.164685702961343 0
    endloop
  endfacet
  facet normal 0 0 -1
    outer loop
      vertex -4.15745789630079 12.277924554357096 0
      vertex -4.346666218300808 12.835314297038657 0
      vertex -4.15745789630079 15.722075445642904 0
    endloop
  endfacet
  facet normal 0 0 -1
    outer loop
      vertex -4.4615018761821466 13.412632135009767 0
      vertex -4.5 14 0
      vertex -4.4615018761821466 14.587367864990233 0
    endloop
  endfacet
  facet normal 0 0 -1
    outer loop
      vertex -3.570090031310558 11.260573569460757 0
      vertex -3.8971143170299736 11.75 0
      vertex -3.570090031310558 16.739426430539243 0
    endloop
  endfacet
  facet normal 0 0 -1
    outer loop
      vertex -3.570090031310558 11.260573569460757 0
      vertex -3.1819805153394642 17.181980515339465 0
      vertex -3.1819805153394642 10.818019484660535 0
    endloop
  endfacet
  facet normal 0 0 -1
    outer loop
      vertex -4.4615018761821466 13.412632135009767 0
      vertex -4.4615018761821466 14.587367864990233 0
      vertex -4.346666218300808 15.164685702961343 0
    endloop
  endfacet
  facet normal 0 0 -1
    outer loop
      vertex -4.346666218300808 12.835314297038657 0
      vertex -4.346666218300808 15.164685702961343 0
      vertex -4.15745789630079 15.722075445642904 0
    endloop
  endfacet
  facet normal 0 0 -1
    outer loop
      vertex -4.15745789630079 12.277924554357096 0
      vertex -4.15745789630079 15.722075445642904 0
      vertex -3.8971143170299736 16.25 0
    endloop
  endfacet
  facet normal 0 0 -1
    outer loop
      vertex -3.8971143170299736 11.75 0
      vertex -3.8971143170299736 16.25 0
      vertex -3.570090031310558 16.739426430539243 0
    endloop
  endfacet
  facet normal 0 0 -1
    outer loop
      vertex -3.570090031310558 11.260573569460757 0
      vertex -3.570090031310558 16.739426430539243 0
      vertex -3.1819805153394642 17.181980515339465 0
    endloop
  endfacet
  facet normal 0 0 -1
    outer loop
      vertex -2.739426430539243 10.429909968689442 0
      vertex -3.1819805153394642 10.818019484660535 0
      vertex -2.739426430539243 17.570090031310556 0
    endloop
  endfacet
  facet normal 0 0 -1
    outer loop
      vertex -2.739426430539243 10.429909968689442 0
      vertex -2.25 17.897114317029974 0
      vertex -2.25 10.102885682970026 0
    endloop
  endfacet
  facet normal 0 0 -1
    outer loop
      vertex -3.1819805153394642 10.818019484660535 0
      vertex -3.1819805153394642 17.181980515339465 0
      vertex -2.739426430539243 17.570090031310556 0
    endloop
  endfacet
  facet normal 0 0 -1
    outer loop
      vertex -2.739426430539243 10.429909968689442 0
      vertex -2.739426430539243 17.570090031310556 0
      vertex -2.25 17.897114317029974 0
    endloop
  endfacet
  facet normal 0 0 -1
    outer loop
      vertex -2.25 10.102885682970026 0
      vertex -2.25 17.897114317029974 0
      vertex -1.722075445642904 18.15745789630079 0
    endloop
  endfacet
  facet normal -0.9306536825644816 -0.1851185272094972 0.31561820925440276
    outer loop
      vertex -4.346666218300808 12.835314297038657 0
      vertex -3.380740392011739 13.094133342141177 3
      vertex -4.4615018761821466 13.412632135009767 0
    endloop
  endfacet
  facet normal -0.9468546277632082 -0.06206013108623449 0.31561820925440265
    outer loop
      vertex -4.4615018761821466 13.412632135009767 0
      vertex -3.4700570148083365 13.54315832722982 3
      vertex -4.5 14 0
    endloop
  endfacet
  facet normal -0.9468546277632082 0.06206013108623449 0.31561820925440265
    outer loop
      vertex -4.5 14 0
      vertex -3.4700570148083365 14.45684167277018 3
      vertex -4.4615018761821466 14.587367864990233 0
    endloop
  endfacet
  facet normal -0.9306536825644816 0.1851185272094972 0.31561820925440276
    outer loop
      vertex -4.4615018761821466 14.587367864990233 0
      vertex -3.380740392011739 14.905866657858823 3
      vertex -4.346666218300808 15.164685702961343 0
    endloop
  endfacet
  facet normal -0.8985289948311284 0.3050094940076555 0.31561820925440265
    outer loop
      vertex -4.346666218300808 15.164685702961343 0
      vertex -3.2335783637895035 15.339392013277815 3
      vertex -4.15745789630079 15.722075445642904 0
    endloop
  endfacet
  facet normal -0.8510302268769138 0.41968166379873306 0.31561820925440265
    outer loop
      vertex -4.15745789630079 15.722075445642904 0
      vertex -3.031088913245535 15.75 3
      vertex -3.8971143170299736 16.25 0
    endloop
  endfacet
  facet normal -0.7889700957906801 0.5271729639644747 0.3156182092544025
    outer loop
      vertex -2.776736691019323 16.130665001530524 3
      vertex -3.570090031310558 16.739426430539243 0
      vertex -3.8971143170299736 16.25 0
    endloop
  endfacet
  facet normal -0.7134104676216315 0.6256441885568257 0.31561820925440315
    outer loop
      vertex -3.570090031310558 16.739426430539243 0
      vertex -2.4748737341529163 16.474873734152915 3
      vertex -3.1819805153394642 17.181980515339465 0
    endloop
  endfacet
  facet normal -0.6256441885568237 0.7134104676216333 0.3156182092544032
    outer loop
      vertex -3.1819805153394642 17.181980515339465 0
      vertex -2.4748737341529163 16.474873734152915 3
      vertex -2.739426430539243 17.570090031310556 0
    endloop
  endfacet
  facet normal -0.5271729639644774 0.7889700957906782 0.31561820925440226
    outer loop
      vertex -2.739426430539243 17.570090031310556 0
      vertex -2.1306650015305224 16.776736691019323 3
      vertex -2.25 17.897114317029974 0
    endloop
  endfacet
  facet normal -0.41968166379873356 0.8510302268769137 0.3156182092544024
    outer loop
      vertex -2.25 17.897114317029974 0
      vertex -1.75 17.031088913245537 3
      vertex -1.722075445642904 18.15745789630079 0
    endloop
  endfacet
  facet normal 0 0 -1
    outer loop
      vertex -1.722075445642904 9.84254210369921 0
      vertex -1.722075445642904 18.15745789630079 0
      vertex -1.1646857029613433 18.346666218300808 0
    endloop
  endfacet
  facet normal 0 0 -1
    outer loop
      vertex -1.1646857029613433 9.653333781699192 0
      vertex -1.1646857029613433 18.346666218300808 0
      vertex -0.5873678649902321 18.461501876182147 0
    endloop
  endfacet
  facet normal 0 0 -1
    outer loop
      vertex -0.5873678649902321 9.538498123817853 0
      vertex -0.5873678649902321 18.461501876182147 0
      vertex 0 18.5 0
    endloop
  endfacet
  facet normal 0 0 -1
    outer loop
      vertex 0 9.5 0
      vertex 0 18.5 0
      vertex 0.5873678649902321 18.461501876182147 0
    endloop
  endfacet
  facet normal 0 0 -1
    outer loop
      vertex 0.5873678649902321 9.538498123817853 0
      vertex 0.5873678649902321 18.461501876182147 0
      vertex 1.1646857029613433 18.346666218300808 0
    endloop
  endfacet
  facet normal -0.30500949400765454 0.8985289948311288 0.31561820925440254
    outer loop
      vertex -1.722075445642904 18.15745789630079 0
      vertex -1.3393920132778143 17.233578363789505 3
      vertex -1.1646857029613433 18.346666218300808 0
    endloop
  endfacet
  facet normal -0.18511852720949823 0.9306536825644812 0.31561820925440304
    outer loop
      vertex -1.1646857029613433 18.346666218300808 0
      vertex -0.9058666578588226 17.380740392011738 3
      vertex -0.5873678649902321 18.461501876182147 0
    endloop
  endfacet
  facet normal -0.06206013108623313 0.9468546277632083 0.3156182092544029
    outer loop
      vertex -0.5873678649902321 18.461501876182147 0
      vertex -0.4568416727701805 17.470057014808337 3
      vertex 0 18.5 0
    endloop
  endfacet
  facet normal 0.06206013108623313 0.9468546277632083 0.3156182092544029
    outer loop
      vertex 0 18.5 0
      vertex 0.4568416727701805 17.470057014808337 3
      vertex 0.5873678649902321 18.461501876182147 0
    endloop
  endfacet
  facet normal 0.18511852720949823 0.9306536825644812 0.3156182092544031
    outer loop
      vertex 0.5873678649902321 18.461501876182147 0
      vertex 0.9058666578588226 17.380740392011738 3
      vertex 1.1646857029613433 18.346666218300808 0
    endloop
  endfacet
  facet normal -0.9468546277632082 -0.06206013108623403 0.3156182092544027
    outer loop
      vertex -3.4700570148083365 13.54315832722982 3
      vertex -3.5 14 3
      vertex -4.5 14 0
    endloop
  endfacet
  facet normal -0.9468546277632082 0.06206013108623403 0.3156182092544027
    outer loop
      vertex -4.5 14 0
      vertex -3.5 14 3
      vertex -3.4700570148083365 14.45684167277018 3
    endloop
  endfacet
  facet normal -0.8985289948311285 -0.305009494007655 0.3156182092544027
    outer loop
      vertex -4.346666218300808 12.835314297038657 0
      vertex -3.2335783637895035 12.660607986722185 3
      vertex -3.380740392011739 13.094133342141177 3
    endloop
  endfacet
  facet normal -0.9306536825644814 -0.1851185272094976 0.3156182092544027
    outer loop
      vertex -4.4615018761821466 13.412632135009767 0
      vertex -3.380740392011739 13.094133342141177 3
      vertex -3.4700570148083365 13.54315832722982 3
    endloop
  endfacet
  facet normal -0.9306536825644814 0.1851185272094976 0.3156182092544027
    outer loop
      vertex -4.4615018761821466 14.587367864990233 0
      vertex -3.4700570148083365 14.45684167277018 3
      vertex -3.380740392011739 14.905866657858823 3
    endloop
  endfacet
  facet normal -0.8985289948311285 0.305009494007655 0.3156182092544027
    outer loop
      vertex -4.346666218300808 15.164685702961343 0
      vertex -3.380740392011739 14.905866657858823 3
      vertex -3.2335783637895035 15.339392013277815 3
    endloop
  endfacet
  facet normal -0.8510302268769138 0.4196816637987331 0.31561820925440265
    outer loop
      vertex -4.15745789630079 15.722075445642904 0
      vertex -3.2335783637895035 15.339392013277815 3
      vertex -3.031088913245535 15.75 3
    endloop
  endfacet
  facet normal 0 0 1
    outer loop
      vertex -3.031088913245535 12.25 3
      vertex -3.2335783637895035 15.339392013277815 3
      vertex -3.2335783637895035 12.660607986722185 3
    endloop
  endfacet
  facet normal 0 0 1
    outer loop
      vertex -3.380740392011739 13.094133342141177 3
      vertex -3.4700570148083365 14.45684167277018 3
      vertex -3.4700570148083365 13.54315832722982 3
    endloop
  endfacet
  facet normal 0 0 1
    outer loop
      vertex -3.4700570148083365 13.54315832722982 3
      vertex -3.4700570148083365 14.45684167277018 3
      vertex -3.5 14 3
    endloop
  endfacet
  facet normal 0 0 1
    outer loop
      vertex -3.380740392011739 13.094133342141177 3
      vertex -3.2335783637895035 12.660607986722185 3
      vertex -3.380740392011739 14.905866657858823 3
    endloop
  endfacet
  facet normal 0 0 1
    outer loop
      vertex -3.380740392011739 13.094133342141177 3
      vertex -3.380740392011739 14.905866657858823 3
      vertex -3.4700570148083365 14.45684167277018 3
    endloop
  endfacet
  facet normal 0 0 1
    outer loop
      vertex -3.2335783637895035 12.660607986722185 3
      vertex -3.2335783637895035 15.339392013277815 3
      vertex -3.380740392011739 14.905866657858823 3
    endloop
  endfacet
  facet normal 0 0 1
    outer loop
      vertex -3.031088913245535 12.25 3
      vertex -3.031088913245535 15.75 3
      vertex -3.2335783637895035 15.339392013277815 3
    endloop
  endfacet
  facet normal 0 0 1
    outer loop
      vertex -3.031088913245535 12.25 3
      vertex -2.776736691019323 11.869334998469478 3
      vertex -3.031088913245535 15.75 3
    endloop
  endfacet
  facet normal 0 0 1
    outer loop
      vertex -2.4748737341529163 11.525126265847083 3
      vertex -2.1306650015305224 11.223263308980677 3
      vertex -2.4748737341529163 16.474873734152915 3
    endloop
  endfacet
  facet normal 0 0 1
    outer loop
      vertex -2.4748737341529163 11.525126265847083 3
      vertex -2.776736691019323 16.130665001530524 3
      vertex -2.776736691019323 11.869334998469478 3
    endloop
  endfacet
  facet normal 0 0 1
    outer loop
      vertex -1.75 10.968911086754465 3
      vertex -2.1306650015305224 16.776736691019323 3
      vertex -2.1306650015305224 11.223263308980677 3
    endloop
  endfacet
  facet normal 0 0 1
    outer loop
      vertex -1.75 10.968911086754465 3
      vertex -1.6420739046914163 13.560007623325715 3
      vertex -1.6854562643354778 13.778105473225912 3
    endloop
  endfacet
  facet normal 0 0 1
    outer loop
      vertex -1.75 10.968911086754465 3
      vertex -1.6854562643354778 13.778105473225912 3
      vertex -1.7000000000000002 14 3
    endloop
  endfacet
  facet normal 0 0 1
    outer loop
      vertex -1.75 10.968911086754465 3
      vertex -1.7000000000000002 14 3
      vertex -1.75 17.031088913245537 3
    endloop
  endfacet
  facet normal 0 0 1
    outer loop
      vertex -2.776736691019323 11.869334998469478 3
      vertex -2.776736691019323 16.130665001530524 3
      vertex -3.031088913245535 15.75 3
    endloop
  endfacet
  facet normal 0 0 1
    outer loop
      vertex -2.4748737341529163 11.525126265847083 3
      vertex -2.4748737341529163 16.474873734152915 3
      vertex -2.776736691019323 16.130665001530524 3
    endloop
  endfacet
  facet normal 0 0 1
    outer loop
      vertex -2.1306650015305224 11.223263308980677 3
      vertex -2.1306650015305224 16.776736691019323 3
      vertex -2.4748737341529163 16.474873734152915 3
    endloop
  endfacet
  facet normal 0 0 1
    outer loop
      vertex -1.75 10.968911086754465 3
      vertex -1.75 17.031088913245537 3
      vertex -2.1306650015305224 16.776736691019323 3
    endloop
  endfacet
  facet normal 0 0 1
    outer loop
      vertex -1.75 17.031088913245537 3
      vertex -1.7000000000000002 14 3
      vertex -1.6854562643354778 14.221894526774088 3
    endloop
  endfacet
  facet normal 0 0 1
    outer loop
      vertex -1.75 17.031088913245537 3
      vertex -1.6854562643354778 14.221894526774088 3
      vertex -1.6420739046914163 14.439992376674285 3
    endloop
  endfacet
  facet normal 0 0 1
    outer loop
      vertex -1.75 17.031088913245537 3
      vertex -1.6420739046914163 14.439992376674285 3
      vertex -1.5705952052691876 14.650561835020653 3
    endloop
  endfacet
  facet normal -0.7889700957906808 0.5271729639644734 0.31561820925440265
    outer loop
      vertex -3.031088913245535 15.75 3
      vertex -2.776736691019323 16.130665001530524 3
      vertex -3.8971143170299736 16.25 0
    endloop
  endfacet
  facet normal -0.7134104676216284 0.6256441885568297 0.31561820925440237
    outer loop
      vertex -2.776736691019323 16.130665001530524 3
      vertex -2.4748737341529163 16.474873734152915 3
      vertex -3.570090031310558 16.739426430539243 0
    endloop
  endfacet
  facet normal -0.6256441885568286 0.7134104676216294 0.3156182092544022
    outer loop
      vertex -2.739426430539243 17.570090031310556 0
      vertex -2.4748737341529163 16.474873734152915 3
      vertex -2.1306650015305224 16.776736691019323 3
    endloop
  endfacet
  facet normal -0.5271729639644767 0.7889700957906787 0.31561820925440237
    outer loop
      vertex -2.25 17.897114317029974 0
      vertex -2.1306650015305224 16.776736691019323 3
      vertex -1.75 17.031088913245537 3
    endloop
  endfacet
  facet normal 0 0 1
    outer loop
      vertex -1.75 17.031088913245537 3
      vertex -1.5705952052691876 14.650561835020653 3
      vertex -1.4722431864335457 14.85 3
    endloop
  endfacet
  facet normal -0.41968166379873295 0.8510302268769138 0.3156182092544025
    outer loop
      vertex -1.722075445642904 18.15745789630079 0
      vertex -1.75 17.031088913245537 3
      vertex -1.3393920132778143 17.233578363789505 3
    endloop
  endfacet
  facet normal -0.3050094940076507 0.8985289948311299 0.31561820925440315
    outer loop
      vertex -1.1646857029613433 18.346666218300808 0
      vertex -1.3393920132778143 17.233578363789505 3
      vertex -0.9058666578588226 17.380740392011738 3
    endloop
  endfacet
  facet normal -0.1851185272094998 0.930653682564481 0.31561820925440287
    outer loop
      vertex -0.5873678649902321 18.461501876182147 0
      vertex -0.9058666578588226 17.380740392011738 3
      vertex -0.4568416727701805 17.470057014808337 3
    endloop
  endfacet
  facet normal -0.06206013108623395 0.9468546277632082 0.31561820925440276
    outer loop
      vertex -0.4568416727701805 17.470057014808337 3
      vertex 0 17.5 3
      vertex 0 18.5 0
    endloop
  endfacet
  facet normal 0.06206013108623395 0.9468546277632082 0.31561820925440276
    outer loop
      vertex 0 18.5 0
      vertex 0 17.5 3
      vertex 0.4568416727701805 17.470057014808337 3
    endloop
  endfacet
  facet normal 0.1851185272094998 0.930653682564481 0.31561820925440287
    outer loop
      vertex 0.5873678649902321 18.461501876182147 0
      vertex 0.4568416727701805 17.470057014808337 3
      vertex 0.9058666578588226 17.380740392011738 3
    endloop
  endfacet
  facet normal 0.3050094940076507 0.8985289948311299 0.31561820925440315
    outer loop
      vertex 1.1646857029613433 18.346666218300808 0
      vertex 0.9058666578588226 17.380740392011738 3
      vertex 1.3393920132778143 17.233578363789505 3
    endloop
  endfacet
  facet normal 0 0 1
    outer loop
      vertex -1.75 17.031088913245537 3
      vertex -1.4722431864335457 14.85 3
      vertex -1.3487006784951 15.034894429314825 3
    endloop
  endfacet
  facet normal 0 0 1
    outer loop
      vertex -1.75 17.031088913245537 3
      vertex -1.3487006784951 15.034894429314825 3
      vertex -1.202081528017131 15.202081528017132 3
    endloop
  endfacet
  facet normal 0 0 1
    outer loop
      vertex -1.3393920132778143 17.233578363789505 3
      vertex -1.202081528017131 15.202081528017132 3
      vertex -1.0348944293148252 15.3487006784951 3
    endloop
  endfacet
  facet normal 0 0 1
    outer loop
      vertex -1.3393920132778143 17.233578363789505 3
      vertex -1.0348944293148252 15.3487006784951 3
      vertex -0.8500000000000001 15.472243186433545 3
    endloop
  endfacet
  facet normal 0 0 1
    outer loop
      vertex -1.75 17.031088913245537 3
      vertex -1.202081528017131 15.202081528017132 3
      vertex -1.3393920132778143 17.233578363789505 3
    endloop
  endfacet
  facet normal 0 0 1
    outer loop
      vertex -1.3393920132778143 17.233578363789505 3
      vertex -0.8500000000000001 15.472243186433545 3
      vertex -0.9058666578588226 17.380740392011738 3
    endloop
  endfacet
  facet normal 0 0 1
    outer loop
      vertex -0.9058666578588226 17.380740392011738 3
      vertex -0.8500000000000001 15.472243186433545 3
      vertex -0.6505618350206527 15.570595205269187 3
    endloop
  endfacet
  facet normal 0 0 1
    outer loop
      vertex -0.9058666578588226 17.380740392011738 3
      vertex -0.6505618350206527 15.570595205269187 3
      vertex -0.4399923766742853 15.642073904691417 3
    endloop
  endfacet
  facet normal 0 0 1
    outer loop
      vertex -0.4568416727701805 17.470057014808337 3
      vertex -0.4399923766742853 15.642073904691417 3
      vertex -0.2218945267740877 15.685456264335478 3
    endloop
  endfacet
  facet normal 0 0 1
    outer loop
      vertex -0.9058666578588226 17.380740392011738 3
      vertex -0.4399923766742853 15.642073904691417 3
      vertex -0.4568416727701805 17.470057014808337 3
    endloop
  endfacet
  facet normal 0 0 1
    outer loop
      vertex -0.4568416727701805 17.470057014808337 3
      vertex -0.2218945267740877 15.685456264335478 3
      vertex 0 17.5 3
    endloop
  endfacet
  facet normal 0 0 1
    outer loop
      vertex 0 17.5 3
      vertex -0.2218945267740877 15.685456264335478 3
      vertex 0 15.7 3
    endloop
  endfacet
  facet normal 0 0 1
    outer loop
      vertex 0 17.5 3
      vertex 0 15.7 3
      vertex 0.2218945267740877 15.685456264335478 3
    endloop
  endfacet
  facet normal 0 0 1
    outer loop
      vertex 0.4568416727701805 17.470057014808337 3
      vertex 0.2218945267740877 15.685456264335478 3
      vertex 0.4399923766742853 15.642073904691417 3
    endloop
  endfacet
  facet normal 0 0 1
    outer loop
      vertex 0.4568416727701805 17.470057014808337 3
      vertex 0.4399923766742853 15.642073904691417 3
      vertex 0.6505618350206527 15.570595205269187 3
    endloop
  endfacet
  facet normal 0 0 1
    outer loop
      vertex 0 17.5 3
      vertex 0.2218945267740877 15.685456264335478 3
      vertex 0.4568416727701805 17.470057014808337 3
    endloop
  endfacet
  facet normal 0 0 1
    outer loop
      vertex 0.9058666578588226 17.380740392011738 3
      vertex 0.6505618350206527 15.570595205269187 3
      vertex 0.8500000000000001 15.472243186433545 3
    endloop
  endfacet
  facet normal 0 0 1
    outer loop
      vertex 0.9058666578588226 17.380740392011738 3
      vertex 1.0348944293148252 15.3487006784951 3
      vertex 1.202081528017131 15.202081528017132 3
    endloop
  endfacet
  facet normal 0 0 1
    outer loop
      vertex 0.9058666578588226 17.380740392011738 3
      vertex 0.8500000000000001 15.472243186433545 3
      vertex 1.0348944293148252 15.3487006784951 3
    endloop
  endfacet
  facet normal 0 0 1
    outer loop
      vertex 0.4568416727701805 17.470057014808337 3
      vertex 0.6505618350206527 15.570595205269187 3
      vertex 0.9058666578588226 17.380740392011738 3
    endloop
  endfacet
  facet normal 0 0 1
    outer loop
      vertex 0.9058666578588226 17.380740392011738 3
      vertex 1.202081528017131 15.202081528017132 3
      vertex 1.3393920132778143 17.233578363789505 3
    endloop
  endfacet
  facet normal 0 0 -1
    outer loop
      vertex 1.1646857029613433 9.653333781699192 0
      vertex 1.722075445642904 18.15745789630079 0
      vertex 1.722075445642904 9.84254210369921 0
    endloop
  endfacet
  facet normal 0 0 -1
    outer loop
      vertex 1.722075445642904 9.84254210369921 0
      vertex 2.25 17.897114317029974 0
      vertex 2.25 10.102885682970026 0
    endloop
  endfacet
  facet normal 0 0 -1
    outer loop
      vertex 2.25 10.102885682970026 0
      vertex 2.739426430539243 17.570090031310556 0
      vertex 2.739426430539243 10.429909968689442 0
    endloop
  endfacet
  facet normal 0.3050094940076545 -0.8985289948311286 0.315618209254403
    outer loop
      vertex 1.1646857029613433 9.653333781699192 0
      vertex 1.722075445642904 9.84254210369921 0
      vertex 1.3393920132778143 10.766421636210497 3
    endloop
  endfacet
  facet normal 0.41968166379873345 -0.8510302268769134 0.3156182092544029
    outer loop
      vertex 1.722075445642904 9.84254210369921 0
      vertex 2.25 10.102885682970026 0
      vertex 1.75 10.968911086754465 3
    endloop
  endfacet
  facet normal 0.5271729639644754 -0.7889700957906794 0.31561820925440265
    outer loop
      vertex 2.1306650015305224 11.223263308980677 3
      vertex 2.25 10.102885682970026 0
      vertex 2.739426430539243 10.429909968689442 0
    endloop
  endfacet
  facet normal 0.6256441885568255 -0.713410467621632 0.31561820925440287
    outer loop
      vertex 2.739426430539243 10.429909968689442 0
      vertex 3.1819805153394642 10.818019484660535 0
      vertex 2.4748737341529163 11.525126265847083 3
    endloop
  endfacet
  facet normal 0.7134104676216315 -0.6256441885568258 0.31561820925440287
    outer loop
      vertex 3.1819805153394642 10.818019484660535 0
      vertex 3.570090031310558 11.260573569460757 0
      vertex 2.4748737341529163 11.525126265847083 3
    endloop
  endfacet
  facet normal 0.7889700957906801 -0.5271729639644747 0.31561820925440276
    outer loop
      vertex 3.570090031310558 11.260573569460757 0
      vertex 3.8971143170299736 11.75 0
      vertex 2.776736691019323 11.869334998469478 3
    endloop
  endfacet
  facet normal 0.8510302268769138 -0.41968166379873306 0.31561820925440265
    outer loop
      vertex 3.8971143170299736 11.75 0
      vertex 4.15745789630079 12.277924554357096 0
      vertex 3.031088913245535 12.25 3
    endloop
  endfacet
  facet normal 0.8985289948311285 -0.3050094940076555 0.31561820925440265
    outer loop
      vertex 4.15745789630079 12.277924554357096 0
      vertex 4.346666218300808 12.835314297038657 0
      vertex 3.2335783637895035 12.660607986722185 3
    endloop
  endfacet
  facet normal 0.4196816637987329 -0.8510302268769137 0.315618209254403
    outer loop
      vertex 1.722075445642904 9.84254210369921 0
      vertex 1.75 10.968911086754465 3
      vertex 1.3393920132778143 10.766421636210497 3
    endloop
  endfacet
  facet normal 0.527172963964474 -0.7889700957906803 0.31561820925440287
    outer loop
      vertex 1.75 10.968911086754465 3
      vertex 2.25 10.102885682970026 0
      vertex 2.1306650015305224 11.223263308980677 3
    endloop
  endfacet
  facet normal 0.6256441885568264 -0.7134104676216312 0.31561820925440265
    outer loop
      vertex 2.1306650015305224 11.223263308980677 3
      vertex 2.739426430539243 10.429909968689442 0
      vertex 2.4748737341529163 11.525126265847083 3
    endloop
  endfacet
  facet normal 0.7134104676216313 -0.6256441885568259 0.31561820925440276
    outer loop
      vertex 3.570090031310558 11.260573569460757 0
      vertex 2.776736691019323 11.869334998469478 3
      vertex 2.4748737341529163 11.525126265847083 3
    endloop
  endfacet
  facet normal 0.7889700957906798 -0.5271729639644752 0.31561820925440265
    outer loop
      vertex 3.8971143170299736 11.75 0
      vertex 3.031088913245535 12.25 3
      vertex 2.776736691019323 11.869334998469478 3
    endloop
  endfacet
  facet normal 0.8510302268769138 -0.4196816637987331 0.31561820925440265
    outer loop
      vertex 4.15745789630079 12.277924554357096 0
      vertex 3.2335783637895035 12.660607986722185 3
      vertex 3.031088913245535 12.25 3
    endloop
  endfacet
  facet normal 0 0 1
    outer loop
      vertex 1.3393920132778143 10.766421636210497 3
      vertex 1.75 10.968911086754465 3
      vertex 1.202081528017131 12.797918471982868 3
    endloop
  endfacet
  facet normal 0 0 1
    outer loop
      vertex 1.75 10.968911086754465 3
      vertex 1.3487006784951 12.965105570685175 3
      vertex 1.202081528017131 12.797918471982868 3
    endloop
  endfacet
  facet normal 0 0 1
    outer loop
      vertex 1.75 10.968911086754465 3
      vertex 1.4722431864335457 13.15 3
      vertex 1.3487006784951 12.965105570685175 3
    endloop
  endfacet
  facet normal 0 0 1
    outer loop
      vertex 1.75 10.968911086754465 3
      vertex 1.5705952052691876 13.349438164979347 3
      vertex 1.4722431864335457 13.15 3
    endloop
  endfacet
  facet normal 0 0 1
    outer loop
      vertex 1.75 10.968911086754465 3
      vertex 1.6420739046914163 13.560007623325715 3
      vertex 1.5705952052691876 13.349438164979347 3
    endloop
  endfacet
  facet normal 0 0 -1
    outer loop
      vertex 1.1646857029613433 9.653333781699192 0
      vertex 1.1646857029613433 18.346666218300808 0
      vertex 1.722075445642904 18.15745789630079 0
    endloop
  endfacet
  facet normal 0 0 -1
    outer loop
      vertex 1.722075445642904 9.84254210369921 0
      vertex 1.722075445642904 18.15745789630079 0
      vertex 2.25 17.897114317029974 0
    endloop
  endfacet
  facet normal 0 0 -1
    outer loop
      vertex 2.25 10.102885682970026 0
      vertex 2.25 17.897114317029974 0
      vertex 2.739426430539243 17.570090031310556 0
    endloop
  endfacet
  facet normal 0 0 -1
    outer loop
      vertex 2.739426430539243 10.429909968689442 0
      vertex 3.1819805153394642 17.181980515339465 0
      vertex 3.1819805153394642 10.818019484660535 0
    endloop
  endfacet
  facet normal 0 0 -1
    outer loop
      vertex 3.1819805153394642 10.818019484660535 0
      vertex 3.570090031310558 16.739426430539243 0
      vertex 3.570090031310558 11.260573569460757 0
    endloop
  endfacet
  facet normal 0 0 -1
    outer loop
      vertex 3.570090031310558 11.260573569460757 0
      vertex 3.8971143170299736 16.25 0
      vertex 3.8971143170299736 11.75 0
    endloop
  endfacet
  facet normal 0 0 -1
    outer loop
      vertex 3.8971143170299736 11.75 0
      vertex 4.15745789630079 15.722075445642904 0
      vertex 4.15745789630079 12.277924554357096 0
    endloop
  endfacet
  facet normal 0 0 -1
    outer loop
      vertex 2.739426430539243 10.429909968689442 0
      vertex 2.739426430539243 17.570090031310556 0
      vertex 3.1819805153394642 17.181980515339465 0
    endloop
  endfacet
  facet normal 0 0 -1
    outer loop
      vertex 3.1819805153394642 10.818019484660535 0
      vertex 3.1819805153394642 17.181980515339465 0
      vertex 3.570090031310558 16.739426430539243 0
    endloop
  endfacet
  facet normal 0 0 -1
    outer loop
      vertex 3.570090031310558 11.260573569460757 0
      vertex 3.570090031310558 16.739426430539243 0
      vertex 3.8971143170299736 16.25 0
    endloop
  endfacet
  facet normal 0 0 -1
    outer loop
      vertex 3.8971143170299736 11.75 0
      vertex 3.8971143170299736 16.25 0
      vertex 4.15745789630079 15.722075445642904 0
    endloop
  endfacet
  facet normal 0.9306536825644816 -0.1851185272094972 0.31561820925440276
    outer loop
      vertex 4.346666218300808 12.835314297038657 0
      vertex 4.4615018761821466 13.412632135009767 0
      vertex 3.380740392011739 13.094133342141177 3
    endloop
  endfacet
  facet normal 0.9306536825644816 0.1851185272094972 0.31561820925440276
    outer loop
      vertex 4.4615018761821466 14.587367864990233 0
      vertex 4.346666218300808 15.164685702961343 0
      vertex 3.380740392011739 14.905866657858823 3
    endloop
  endfacet
  facet normal 0.8985289948311285 0.3050094940076555 0.31561820925440265
    outer loop
      vertex 4.346666218300808 15.164685702961343 0
      vertex 4.15745789630079 15.722075445642904 0
      vertex 3.2335783637895035 15.339392013277815 3
    endloop
  endfacet
  facet normal 0.41968166379873356 0.8510302268769137 0.3156182092544024
    outer loop
      vertex 1.722075445642904 18.15745789630079 0
      vertex 1.75 17.031088913245537 3
      vertex 2.25 17.897114317029974 0
    endloop
  endfacet
  facet normal 0.30500949400765454 0.8985289948311288 0.31561820925440254
    outer loop
      vertex 1.1646857029613433 18.346666218300808 0
      vertex 1.3393920132778143 17.233578363789505 3
      vertex 1.722075445642904 18.15745789630079 0
    endloop
  endfacet
  facet normal 0.5271729639644774 0.7889700957906782 0.31561820925440226
    outer loop
      vertex 2.1306650015305224 16.776736691019323 3
      vertex 2.739426430539243 17.570090031310556 0
      vertex 2.25 17.897114317029974 0
    endloop
  endfacet
  facet normal 0.7134104676216315 0.6256441885568257 0.31561820925440315
    outer loop
      vertex 3.1819805153394642 17.181980515339465 0
      vertex 2.4748737341529163 16.474873734152915 3
      vertex 3.570090031310558 16.739426430539243 0
    endloop
  endfacet
  facet normal 0.8510302268769138 0.41968166379873306 0.3156182092544026
    outer loop
      vertex 4.15745789630079 15.722075445642904 0
      vertex 3.8971143170299736 16.25 0
      vertex 3.031088913245535 15.75 3
    endloop
  endfacet
  facet normal 0.7889700957906801 0.5271729639644747 0.3156182092544025
    outer loop
      vertex 2.776736691019323 16.130665001530524 3
      vertex 3.8971143170299736 16.25 0
      vertex 3.570090031310558 16.739426430539243 0
    endloop
  endfacet
  facet normal 0.6256441885568237 0.7134104676216333 0.3156182092544032
    outer loop
      vertex 3.1819805153394642 17.181980515339465 0
      vertex 2.739426430539243 17.570090031310556 0
      vertex 2.4748737341529163 16.474873734152915 3
    endloop
  endfacet
  facet normal 0 0 -1
    outer loop
      vertex 4.15745789630079 12.277924554357096 0
      vertex 4.346666218300808 15.164685702961343 0
      vertex 4.346666218300808 12.835314297038657 0
    endloop
  endfacet
  facet normal 0 0 -1
    outer loop
      vertex 4.346666218300808 12.835314297038657 0
      vertex 4.4615018761821466 14.587367864990233 0
      vertex 4.4615018761821466 13.412632135009767 0
    endloop
  endfacet
  facet normal 0 0 -1
    outer loop
      vertex 4.4615018761821466 13.412632135009767 0
      vertex 4.4615018761821466 14.587367864990233 0
      vertex 4.5 14 0
    endloop
  endfacet
  facet normal 0 0 -1
    outer loop
      vertex 4.15745789630079 12.277924554357096 0
      vertex 4.15745789630079 15.722075445642904 0
      vertex 4.346666218300808 15.164685702961343 0
    endloop
  endfacet
  facet normal 0 0 -1
    outer loop
      vertex 4.346666218300808 12.835314297038657 0
      vertex 4.346666218300808 15.164685702961343 0
      vertex 4.4615018761821466 14.587367864990233 0
    endloop
  endfacet
  facet normal 0.9468546277632082 -0.06206013108623449 0.31561820925440265
    outer loop
      vertex 4.4615018761821466 13.412632135009767 0
      vertex 4.5 14 0
      vertex 3.4700570148083365 13.54315832722982 3
    endloop
  endfacet
  facet normal 0.9468546277632082 0.06206013108623449 0.31561820925440265
    outer loop
      vertex 4.5 14 0
      vertex 4.4615018761821466 14.587367864990233 0
      vertex 3.4700570148083365 14.45684167277018 3
    endloop
  endfacet
  facet normal 0.8985289948311285 -0.305009494007655 0.3156182092544027
    outer loop
      vertex 4.346666218300808 12.835314297038657 0
      vertex 3.380740392011739 13.094133342141177 3
      vertex 3.2335783637895035 12.660607986722185 3
    endloop
  endfacet
  facet normal 0.9306536825644814 -0.1851185272094976 0.3156182092544027
    outer loop
      vertex 4.4615018761821466 13.412632135009767 0
      vertex 3.4700570148083365 13.54315832722982 3
      vertex 3.380740392011739 13.094133342141177 3
    endloop
  endfacet
  facet normal 0.9468546277632082 -0.06206013108623403 0.3156182092544027
    outer loop
      vertex 3.4700570148083365 13.54315832722982 3
      vertex 4.5 14 0
      vertex 3.5 14 3
    endloop
  endfacet
  facet normal 0.9468546277632082 0.06206013108623403 0.3156182092544027
    outer loop
      vertex 4.5 14 0
      vertex 3.4700570148083365 14.45684167277018 3
      vertex 3.5 14 3
    endloop
  endfacet
  facet normal 0.9306536825644814 0.1851185272094976 0.3156182092544027
    outer loop
      vertex 4.4615018761821466 14.587367864990233 0
      vertex 3.380740392011739 14.905866657858823 3
      vertex 3.4700570148083365 14.45684167277018 3
    endloop
  endfacet
  facet normal 0.8985289948311285 0.305009494007655 0.3156182092544027
    outer loop
      vertex 4.346666218300808 15.164685702961343 0
      vertex 3.2335783637895035 15.339392013277815 3
      vertex 3.380740392011739 14.905866657858823 3
    endloop
  endfacet
  facet normal 0.8510302268769138 0.4196816637987331 0.31561820925440265
    outer loop
      vertex 4.15745789630079 15.722075445642904 0
      vertex 3.031088913245535 15.75 3
      vertex 3.2335783637895035 15.339392013277815 3
    endloop
  endfacet
  facet normal 0 0 1
    outer loop
      vertex 1.75 10.968911086754465 3
      vertex 1.6854562643354778 13.778105473225912 3
      vertex 1.6420739046914163 13.560007623325715 3
    endloop
  endfacet
  facet normal 0 0 1
    outer loop
      vertex 1.75 10.968911086754465 3
      vertex 1.7000000000000002 14 3
      vertex 1.6854562643354778 13.778105473225912 3
    endloop
  endfacet
  facet normal 0 0 1
    outer loop
      vertex 1.75 10.968911086754465 3
      vertex 2.1306650015305224 11.223263308980677 3
      vertex 1.75 17.031088913245537 3
    endloop
  endfacet
  facet normal 0 0 1
    outer loop
      vertex 1.75 10.968911086754465 3
      vertex 1.75 17.031088913245537 3
      vertex 1.7000000000000002 14 3
    endloop
  endfacet
  facet normal 0 0 1
    outer loop
      vertex 2.1306650015305224 11.223263308980677 3
      vertex 2.4748737341529163 11.525126265847083 3
      vertex 2.1306650015305224 16.776736691019323 3
    endloop
  endfacet
  facet normal 0 0 1
    outer loop
      vertex 2.4748737341529163 11.525126265847083 3
      vertex 2.776736691019323 11.869334998469478 3
      vertex 2.4748737341529163 16.474873734152915 3
    endloop
  endfacet
  facet normal 0 0 1
    outer loop
      vertex 1.3393920132778143 17.233578363789505 3
      vertex 1.4722431864335457 14.85 3
      vertex 1.5705952052691876 14.650561835020653 3
    endloop
  endfacet
  facet normal 0 0 1
    outer loop
      vertex 1.75 17.031088913245537 3
      vertex 1.6854562643354778 14.221894526774088 3
      vertex 1.7000000000000002 14 3
    endloop
  endfacet
  facet normal 0 0 1
    outer loop
      vertex 1.75 17.031088913245537 3
      vertex 1.6420739046914163 14.439992376674285 3
      vertex 1.6854562643354778 14.221894526774088 3
    endloop
  endfacet
  facet normal 0 0 1
    outer loop
      vertex 1.75 17.031088913245537 3
      vertex 1.5705952052691876 14.650561835020653 3
      vertex 1.6420739046914163 14.439992376674285 3
    endloop
  endfacet
  facet normal 0 0 1
    outer loop
      vertex 2.776736691019323 11.869334998469478 3
      vertex 2.776736691019323 16.130665001530524 3
      vertex 2.4748737341529163 16.474873734152915 3
    endloop
  endfacet
  facet normal 0 0 1
    outer loop
      vertex 2.1306650015305224 11.223263308980677 3
      vertex 2.1306650015305224 16.776736691019323 3
      vertex 1.75 17.031088913245537 3
    endloop
  endfacet
  facet normal 0 0 1
    outer loop
      vertex 2.4748737341529163 11.525126265847083 3
      vertex 2.4748737341529163 16.474873734152915 3
      vertex 2.1306650015305224 16.776736691019323 3
    endloop
  endfacet
  facet normal 0 0 1
    outer loop
      vertex 2.776736691019323 11.869334998469478 3
      vertex 3.031088913245535 12.25 3
      vertex 2.776736691019323 16.130665001530524 3
    endloop
  endfacet
  facet normal 0 0 1
    outer loop
      vertex 3.031088913245535 12.25 3
      vertex 3.2335783637895035 12.660607986722185 3
      vertex 3.031088913245535 15.75 3
    endloop
  endfacet
  facet normal 0 0 1
    outer loop
      vertex 3.2335783637895035 12.660607986722185 3
      vertex 3.380740392011739 13.094133342141177 3
      vertex 3.2335783637895035 15.339392013277815 3
    endloop
  endfacet
  facet normal 0 0 1
    outer loop
      vertex 3.380740392011739 13.094133342141177 3
      vertex 3.4700570148083365 13.54315832722982 3
      vertex 3.380740392011739 14.905866657858823 3
    endloop
  endfacet
  facet normal 0 0 1
    outer loop
      vertex 3.4700570148083365 13.54315832722982 3
      vertex 3.5 14 3
      vertex 3.4700570148083365 14.45684167277018 3
    endloop
  endfacet
  facet normal 0 0 1
    outer loop
      vertex 3.031088913245535 12.25 3
      vertex 3.031088913245535 15.75 3
      vertex 2.776736691019323 16.130665001530524 3
    endloop
  endfacet
  facet normal 0 0 1
    outer loop
      vertex 3.380740392011739 13.094133342141177 3
      vertex 3.380740392011739 14.905866657858823 3
      vertex 3.2335783637895035 15.339392013277815 3
    endloop
  endfacet
  facet normal 0 0 1
    outer loop
      vertex 3.2335783637895035 12.660607986722185 3
      vertex 3.2335783637895035 15.339392013277815 3
      vertex 3.031088913245535 15.75 3
    endloop
  endfacet
  facet normal 0 0 1
    outer loop
      vertex 3.4700570148083365 13.54315832722982 3
      vertex 3.4700570148083365 14.45684167277018 3
      vertex 3.380740392011739 14.905866657858823 3
    endloop
  endfacet
  facet normal 0.6256441885568286 0.7134104676216294 0.3156182092544022
    outer loop
      vertex 2.1306650015305224 16.776736691019323 3
      vertex 2.4748737341529163 16.474873734152915 3
      vertex 2.739426430539243 17.570090031310556 0
    endloop
  endfacet
  facet normal 0.41968166379873295 0.8510302268769138 0.31561820925440254
    outer loop
      vertex 1.722075445642904 18.15745789630079 0
      vertex 1.3393920132778143 17.233578363789505 3
      vertex 1.75 17.031088913245537 3
    endloop
  endfacet
  facet normal 0.5271729639644767 0.7889700957906787 0.31561820925440237
    outer loop
      vertex 2.1306650015305224 16.776736691019323 3
      vertex 2.25 17.897114317029974 0
      vertex 1.75 17.031088913245537 3
    endloop
  endfacet
  facet normal 0.7889700957906808 0.5271729639644734 0.31561820925440265
    outer loop
      vertex 2.776736691019323 16.130665001530524 3
      vertex 3.031088913245535 15.75 3
      vertex 3.8971143170299736 16.25 0
    endloop
  endfacet
  facet normal 0.7134104676216284 0.6256441885568297 0.31561820925440237
    outer loop
      vertex 2.776736691019323 16.130665001530524 3
      vertex 3.570090031310558 16.739426430539243 0
      vertex 2.4748737341529163 16.474873734152915 3
    endloop
  endfacet
  facet normal 0 0 1
    outer loop
      vertex 1.3393920132778143 17.233578363789505 3
      vertex 1.3487006784951 15.034894429314825 3
      vertex 1.4722431864335457 14.85 3
    endloop
  endfacet
  facet normal 0 0 1
    outer loop
      vertex 1.3393920132778143 17.233578363789505 3
      vertex 1.202081528017131 15.202081528017132 3
      vertex 1.3487006784951 15.034894429314825 3
    endloop
  endfacet
  facet normal 0 0 1
    outer loop
      vertex 1.3393920132778143 17.233578363789505 3
      vertex 1.5705952052691876 14.650561835020653 3
      vertex 1.75 17.031088913245537 3
    endloop
  endfacet
  facet normal -0.8314696123025465 -0.5555702330196006 0
    outer loop
      vertex 12.527756813566455 13.15 6.2
      vertex 12.527756813566455 13.15 3
      vertex 12.6512993215049 12.965105570685175 3
    endloop
  endfacet
  facet normal -0.7518398074789837 -0.6593458151000616 0
    outer loop
      vertex 12.6512993215049 12.965105570685175 3
      vertex 12.797918471982868 12.797918471982868 3
      vertex 12.6512993215049 12.965105570685175 6.2
    endloop
  endfacet
  facet normal -0.896872741532686 -0.44228869021900596 0
    outer loop
      vertex 12.429404794730813 13.349438164979347 3
      vertex 12.527756813566455 13.15 3
      vertex 12.429404794730813 13.349438164979347 6.2
    endloop
  endfacet
  facet normal -0.946930129495105 -0.32143946530316325 -8.127699994172612e-19
    outer loop
      vertex 12.429404794730813 13.349438164979347 3
      vertex 12.357926095308583 13.560007623325715 6.2
      vertex 12.357926095308583 13.560007623325715 3
    endloop
  endfacet
  facet normal -0.9807852804032305 -0.19509032201612841 9.104985784268044e-19
    outer loop
      vertex 12.357926095308583 13.560007623325715 3
      vertex 12.314543735664522 13.778105473225912 6.2
      vertex 12.314543735664522 13.778105473225912 3
    endloop
  endfacet
  facet normal -0.9978589232386039 -0.06540312923013733 -1.1607871910289447e-19
    outer loop
      vertex 12.314543735664522 13.778105473225912 3
      vertex 12.3 14 6.2
      vertex 12.3 14 3
    endloop
  endfacet
  facet normal -0.9978589232386039 0.06540312923013733 1.1607871910289447e-19
    outer loop
      vertex 12.3 14 3
      vertex 12.314543735664522 14.221894526774088 6.2
      vertex 12.314543735664522 14.221894526774088 3
    endloop
  endfacet
  facet normal -0.9807852804032305 0.19509032201612841 -9.104985784268044e-19
    outer loop
      vertex 12.314543735664522 14.221894526774088 3
      vertex 12.357926095308583 14.439992376674285 6.2
      vertex 12.357926095308583 14.439992376674285 3
    endloop
  endfacet
  facet normal -0.946930129495105 0.32143946530316325 0
    outer loop
      vertex 12.429404794730813 14.650561835020653 3
      vertex 12.357926095308583 14.439992376674285 3
      vertex 12.429404794730813 14.650561835020653 6.2
    endloop
  endfacet
  facet normal -0.896872741532686 0.44228869021900596 2.358453050717292e-18
    outer loop
      vertex 12.429404794730813 14.650561835020653 3
      vertex 12.527756813566455 14.85 6.2
      vertex 12.527756813566455 14.85 3
    endloop
  endfacet
  facet normal -0.8314696123025465 0.5555702330196006 -2.1980356044749785e-18
    outer loop
      vertex 12.527756813566455 14.85 3
      vertex 12.6512993215049 15.034894429314825 6.2
      vertex 12.6512993215049 15.034894429314825 3
    endloop
  endfacet
  facet normal -0.7518398074789837 0.6593458151000616 0
    outer loop
      vertex 12.797918471982868 15.202081528017132 3
      vertex 12.6512993215049 15.034894429314825 3
      vertex 12.797918471982868 15.202081528017132 6.2
    endloop
  endfacet
  facet normal -0.7518398074789837 -0.6593458151000616 0
    outer loop
      vertex 12.797918471982868 12.797918471982868 6.2
      vertex 12.6512993215049 12.965105570685175 6.2
      vertex 12.797918471982868 12.797918471982868 3
    endloop
  endfacet
  facet normal -0.8314696123025465 -0.5555702330196006 0
    outer loop
      vertex 12.6512993215049 12.965105570685175 6.2
      vertex 12.527756813566455 13.15 6.2
      vertex 12.6512993215049 12.965105570685175 3
    endloop
  endfacet
  facet normal -0.896872741532686 -0.44228869021900596 0
    outer loop
      vertex 12.527756813566455 13.15 6.2
      vertex 12.429404794730813 13.349438164979347 6.2
      vertex 12.527756813566455 13.15 3
    endloop
  endfacet
  facet normal -0.946930129495105 -0.32143946530316325 0
    outer loop
      vertex 12.429404794730813 13.349438164979347 6.2
      vertex 12.357926095308583 13.560007623325715 6.2
      vertex 12.429404794730813 13.349438164979347 3
    endloop
  endfacet
  facet normal -0.9807852804032305 -0.19509032201612841 0
    outer loop
      vertex 12.357926095308583 13.560007623325715 3
      vertex 12.357926095308583 13.560007623325715 6.2
      vertex 12.314543735664522 13.778105473225912 6.2
    endloop
  endfacet
  facet normal -0.9978589232386039 -0.06540312923013733 0
    outer loop
      vertex 12.314543735664522 13.778105473225912 3
      vertex 12.314543735664522 13.778105473225912 6.2
      vertex 12.3 14 6.2
    endloop
  endfacet
  facet normal -0.9978589232386039 0.06540312923013733 0
    outer loop
      vertex 12.3 14 3
      vertex 12.3 14 6.2
      vertex 12.314543735664522 14.221894526774088 6.2
    endloop
  endfacet
  facet normal -0.9807852804032305 0.19509032201612841 0
    outer loop
      vertex 12.314543735664522 14.221894526774088 3
      vertex 12.314543735664522 14.221894526774088 6.2
      vertex 12.357926095308583 14.439992376674285 6.2
    endloop
  endfacet
  facet normal -0.946930129495105 0.32143946530316325 0
    outer loop
      vertex 12.357926095308583 14.439992376674285 6.2
      vertex 12.429404794730813 14.650561835020653 6.2
      vertex 12.357926095308583 14.439992376674285 3
    endloop
  endfacet
  facet normal -0.896872741532686 0.44228869021900596 0
    outer loop
      vertex 12.429404794730813 14.650561835020653 3
      vertex 12.429404794730813 14.650561835020653 6.2
      vertex 12.527756813566455 14.85 6.2
    endloop
  endfacet
  facet normal -0.8314696123025465 0.5555702330196006 0
    outer loop
      vertex 12.527756813566455 14.85 6.2
      vertex 12.6512993215049 15.034894429314825 6.2
      vertex 12.527756813566455 14.85 3
    endloop
  endfacet
  facet normal -0.7518398074789837 0.6593458151000616 0
    outer loop
      vertex 12.6512993215049 15.034894429314825 3
      vertex 12.6512993215049 15.034894429314825 6.2
      vertex 12.797918471982868 15.202081528017132 6.2
    endloop
  endfacet
  facet normal -0.6593458151000616 -0.7518398074789837 -1.4854572186906824e-19
    outer loop
      vertex 12.797918471982868 12.797918471982868 3
      vertex 12.965105570685175 12.6512993215049 3
      vertex 12.965105570685175 12.6512993215049 6.2
    endloop
  endfacet
  facet normal -0.5555702330196006 -0.8314696123025465 2.1980356044749785e-18
    outer loop
      vertex 12.965105570685175 12.6512993215049 3
      vertex 13.15 12.527756813566455 3
      vertex 13.15 12.527756813566455 6.2
    endloop
  endfacet
  facet normal -0.44228869021900596 -0.896872741532686 0
    outer loop
      vertex 13.349438164979347 12.429404794730813 3
      vertex 13.349438164979347 12.429404794730813 6.2
      vertex 13.15 12.527756813566455 3
    endloop
  endfacet
  facet normal -0.32143946530316325 -0.946930129495105 -8.127699994172612e-19
    outer loop
      vertex 13.349438164979347 12.429404794730813 3
      vertex 13.560007623325715 12.357926095308583 3
      vertex 13.560007623325715 12.357926095308583 6.2
    endloop
  endfacet
  facet normal -0.19509032201612841 -0.9807852804032305 0
    outer loop
      vertex 13.778105473225912 12.314543735664522 3
      vertex 13.778105473225912 12.314543735664522 6.2
      vertex 13.560007623325715 12.357926095308583 3
    endloop
  endfacet
  facet normal -0.06540312923013733 -0.9978589232386039 -1.1607871910289447e-19
    outer loop
      vertex 13.778105473225912 12.314543735664522 3
      vertex 14 12.3 3
      vertex 14 12.3 6.2
    endloop
  endfacet
  facet normal 0.06540312923013733 -0.9978589232386039 0
    outer loop
      vertex 14.221894526774088 12.314543735664522 3
      vertex 14.221894526774088 12.314543735664522 6.2
      vertex 14 12.3 3
    endloop
  endfacet
  facet normal 0.19509032201612841 -0.9807852804032305 -9.104985784268044e-19
    outer loop
      vertex 14.221894526774088 12.314543735664522 3
      vertex 14.439992376674285 12.357926095308583 3
      vertex 14.439992376674285 12.357926095308583 6.2
    endloop
  endfacet
  facet normal 0.32143946530316325 -0.946930129495105 8.127699994172612e-19
    outer loop
      vertex 14.439992376674285 12.357926095308583 3
      vertex 14.650561835020653 12.429404794730813 3
      vertex 14.650561835020653 12.429404794730813 6.2
    endloop
  endfacet
  facet normal 0.44228869021900596 -0.896872741532686 2.358453050717292e-18
    outer loop
      vertex 14.650561835020653 12.429404794730813 3
      vertex 14.85 12.527756813566455 3
      vertex 14.85 12.527756813566455 6.2
    endloop
  endfacet
  facet normal 0.5555702330196006 -0.8314696123025465 -2.1980356044749785e-18
    outer loop
      vertex 14.85 12.527756813566455 3
      vertex 15.034894429314825 12.6512993215049 3
      vertex 15.034894429314825 12.6512993215049 6.2
    endloop
  endfacet
  facet normal 0.6593458151000616 -0.7518398074789837 0
    outer loop
      vertex 15.202081528017132 12.797918471982868 3
      vertex 15.202081528017132 12.797918471982868 6.2
      vertex 15.034894429314825 12.6512993215049 3
    endloop
  endfacet
  facet normal -0.6593458151000616 -0.7518398074789837 -1.4854572186906824e-19
    outer loop
      vertex 12.965105570685175 12.6512993215049 6.2
      vertex 12.797918471982868 12.797918471982868 6.2
      vertex 12.797918471982868 12.797918471982868 3
    endloop
  endfacet
  facet normal -0.5555702330196006 -0.8314696123025465 2.1980356044749785e-18
    outer loop
      vertex 13.15 12.527756813566455 6.2
      vertex 12.965105570685175 12.6512993215049 6.2
      vertex 12.965105570685175 12.6512993215049 3
    endloop
  endfacet
  facet normal -0.44228869021900596 -0.896872741532686 -2.358453050717292e-18
    outer loop
      vertex 13.349438164979347 12.429404794730813 6.2
      vertex 13.15 12.527756813566455 6.2
      vertex 13.15 12.527756813566455 3
    endloop
  endfacet
  facet normal -0.32143946530316325 -0.946930129495105 -8.127699994172612e-19
    outer loop
      vertex 13.560007623325715 12.357926095308583 6.2
      vertex 13.349438164979347 12.429404794730813 6.2
      vertex 13.349438164979347 12.429404794730813 3
    endloop
  endfacet
  facet normal -0.19509032201612841 -0.9807852804032305 9.104985784268044e-19
    outer loop
      vertex 13.778105473225912 12.314543735664522 6.2
      vertex 13.560007623325715 12.357926095308583 6.2
      vertex 13.560007623325715 12.357926095308583 3
    endloop
  endfacet
  facet normal -0.06540312923013733 -0.9978589232386039 0
    outer loop
      vertex 13.778105473225912 12.314543735664522 6.2
      vertex 13.778105473225912 12.314543735664522 3
      vertex 14 12.3 6.2
    endloop
  endfacet
  facet normal 0.06540312923013733 -0.9978589232386039 1.1607871910289447e-19
    outer loop
      vertex 14.221894526774088 12.314543735664522 6.2
      vertex 14 12.3 6.2
      vertex 14 12.3 3
    endloop
  endfacet
  facet normal 0.19509032201612841 -0.9807852804032305 -9.104985784268044e-19
    outer loop
      vertex 14.439992376674285 12.357926095308583 6.2
      vertex 14.221894526774088 12.314543735664522 6.2
      vertex 14.221894526774088 12.314543735664522 3
    endloop
  endfacet
  facet normal 0.32143946530316325 -0.946930129495105 8.127699994172612e-19
    outer loop
      vertex 14.650561835020653 12.429404794730813 6.2
      vertex 14.439992376674285 12.357926095308583 6.2
      vertex 14.439992376674285 12.357926095308583 3
    endloop
  endfacet
  facet normal 0.44228869021900596 -0.896872741532686 0
    outer loop
      vertex 14.650561835020653 12.429404794730813 6.2
      vertex 14.650561835020653 12.429404794730813 3
      vertex 14.85 12.527756813566455 6.2
    endloop
  endfacet
  facet normal 0.5555702330196006 -0.8314696123025465 -2.1980356044749785e-18
    outer loop
      vertex 15.034894429314825 12.6512993215049 6.2
      vertex 14.85 12.527756813566455 6.2
      vertex 14.85 12.527756813566455 3
    endloop
  endfacet
  facet normal 0.6593458151000616 -0.7518398074789837 1.4854572186906824e-19
    outer loop
      vertex 15.202081528017132 12.797918471982868 6.2
      vertex 15.034894429314825 12.6512993215049 6.2
      vertex 15.034894429314825 12.6512993215049 3
    endloop
  endfacet
  facet normal -0.6593458151000616 0.7518398074789837 0
    outer loop
      vertex 12.797918471982868 15.202081528017132 3
      vertex 12.797918471982868 15.202081528017132 6.2
      vertex 12.965105570685175 15.3487006784951 3
    endloop
  endfacet
  facet normal -0.5555702330196006 0.8314696123025465 -2.1980356044749785e-18
    outer loop
      vertex 13.15 15.472243186433545 3
      vertex 12.965105570685175 15.3487006784951 3
      vertex 12.965105570685175 15.3487006784951 6.2
    endloop
  endfacet
  facet normal -0.44228869021900596 0.896872741532686 2.358453050717292e-18
    outer loop
      vertex 13.349438164979347 15.570595205269187 3
      vertex 13.15 15.472243186433545 3
      vertex 13.15 15.472243186433545 6.2
    endloop
  endfacet
  facet normal -0.32143946530316325 0.946930129495105 8.127699994172612e-19
    outer loop
      vertex 13.560007623325715 15.642073904691417 3
      vertex 13.349438164979347 15.570595205269187 3
      vertex 13.349438164979347 15.570595205269187 6.2
    endloop
  endfacet
  facet normal 0.7518398074789837 -0.6593458151000616 0
    outer loop
      vertex 15.202081528017132 12.797918471982868 3
      vertex 15.3487006784951 12.965105570685175 3
      vertex 15.202081528017132 12.797918471982868 6.2
    endloop
  endfacet
  facet normal 0.8314696123025465 -0.5555702330196006 -2.1980356044749785e-18
    outer loop
      vertex 15.472243186433545 13.15 3
      vertex 15.3487006784951 12.965105570685175 6.2
      vertex 15.3487006784951 12.965105570685175 3
    endloop
  endfacet
  facet normal 0.896872741532686 -0.44228869021900596 2.358453050717292e-18
    outer loop
      vertex 15.570595205269187 13.349438164979347 3
      vertex 15.472243186433545 13.15 6.2
      vertex 15.472243186433545 13.15 3
    endloop
  endfacet
  facet normal 0.946930129495105 -0.32143946530316325 0
    outer loop
      vertex 15.570595205269187 13.349438164979347 3
      vertex 15.642073904691417 13.560007623325715 3
      vertex 15.570595205269187 13.349438164979347 6.2
    endloop
  endfacet
  facet normal 0.32143946530316325 0.946930129495105 -8.127699994172612e-19
    outer loop
      vertex 14.650561835020653 15.570595205269187 3
      vertex 14.439992376674285 15.642073904691417 3
      vertex 14.439992376674285 15.642073904691417 6.2
    endloop
  endfacet
  facet normal 0.44228869021900596 0.896872741532686 0
    outer loop
      vertex 14.650561835020653 15.570595205269187 3
      vertex 14.650561835020653 15.570595205269187 6.2
      vertex 14.85 15.472243186433545 3
    endloop
  endfacet
  facet normal 0.946930129495105 0.32143946530316325 -8.127699994172612e-19
    outer loop
      vertex 15.570595205269187 14.650561835020653 3
      vertex 15.642073904691417 14.439992376674285 6.2
      vertex 15.642073904691417 14.439992376674285 3
    endloop
  endfacet
  facet normal 0.896872741532686 0.44228869021900596 0
    outer loop
      vertex 15.570595205269187 14.650561835020653 3
      vertex 15.472243186433545 14.85 3
      vertex 15.570595205269187 14.650561835020653 6.2
    endloop
  endfacet
  facet normal 0.5555702330196006 0.8314696123025465 2.1980356044749785e-18
    outer loop
      vertex 15.034894429314825 15.3487006784951 3
      vertex 14.85 15.472243186433545 3
      vertex 14.85 15.472243186433545 6.2
    endloop
  endfacet
  facet normal 0.6593458151000616 0.7518398074789837 -1.4854572186906824e-19
    outer loop
      vertex 15.202081528017132 15.202081528017132 3
      vertex 15.034894429314825 15.3487006784951 3
      vertex 15.034894429314825 15.3487006784951 6.2
    endloop
  endfacet
  facet normal 0.8314696123025465 0.5555702330196006 2.1980356044749785e-18
    outer loop
      vertex 15.3487006784951 15.034894429314825 3
      vertex 15.472243186433545 14.85 6.2
      vertex 15.472243186433545 14.85 3
    endloop
  endfacet
  facet normal 0.7518398074789837 0.6593458151000616 0
    outer loop
      vertex 15.3487006784951 15.034894429314825 3
      vertex 15.202081528017132 15.202081528017132 3
      vertex 15.3487006784951 15.034894429314825 6.2
    endloop
  endfacet
  facet normal -0.6593458151000616 0.7518398074789837 1.4854572186906824e-19
    outer loop
      vertex 12.797918471982868 15.202081528017132 6.2
      vertex 12.965105570685175 15.3487006784951 6.2
      vertex 12.965105570685175 15.3487006784951 3
    endloop
  endfacet
  facet normal -0.5555702330196006 0.8314696123025465 -2.1980356044749785e-18
    outer loop
      vertex 12.965105570685175 15.3487006784951 6.2
      vertex 13.15 15.472243186433545 6.2
      vertex 13.15 15.472243186433545 3
    endloop
  endfacet
  facet normal -0.44228869021900596 0.896872741532686 0
    outer loop
      vertex 13.349438164979347 15.570595205269187 6.2
      vertex 13.349438164979347 15.570595205269187 3
      vertex 13.15 15.472243186433545 6.2
    endloop
  endfacet
  facet normal -0.32143946530316325 0.946930129495105 8.127699994172612e-19
    outer loop
      vertex 13.349438164979347 15.570595205269187 6.2
      vertex 13.560007623325715 15.642073904691417 6.2
      vertex 13.560007623325715 15.642073904691417 3
    endloop
  endfacet
  facet normal 0.7518398074789837 -0.6593458151000616 0
    outer loop
      vertex 15.3487006784951 12.965105570685175 3
      vertex 15.3487006784951 12.965105570685175 6.2
      vertex 15.202081528017132 12.797918471982868 6.2
    endloop
  endfacet
  facet normal 0.8314696123025465 -0.5555702330196006 0
    outer loop
      vertex 15.472243186433545 13.15 6.2
      vertex 15.3487006784951 12.965105570685175 6.2
      vertex 15.472243186433545 13.15 3
    endloop
  endfacet
  facet normal 0.896872741532686 -0.44228869021900596 0
    outer loop
      vertex 15.570595205269187 13.349438164979347 3
      vertex 15.570595205269187 13.349438164979347 6.2
      vertex 15.472243186433545 13.15 6.2
    endloop
  endfacet
  facet normal 0.946930129495105 -0.32143946530316325 0
    outer loop
      vertex 15.642073904691417 13.560007623325715 6.2
      vertex 15.570595205269187 13.349438164979347 6.2
      vertex 15.642073904691417 13.560007623325715 3
    endloop
  endfacet
  facet normal 0.32143946530316325 0.946930129495105 -8.127699994172612e-19
    outer loop
      vertex 14.439992376674285 15.642073904691417 6.2
      vertex 14.650561835020653 15.570595205269187 6.2
      vertex 14.650561835020653 15.570595205269187 3
    endloop
  endfacet
  facet normal 0.44228869021900596 0.896872741532686 -2.358453050717292e-18
    outer loop
      vertex 14.650561835020653 15.570595205269187 6.2
      vertex 14.85 15.472243186433545 6.2
      vertex 14.85 15.472243186433545 3
    endloop
  endfacet
  facet normal 0.946930129495105 0.32143946530316325 0
    outer loop
      vertex 15.570595205269187 14.650561835020653 6.2
      vertex 15.642073904691417 14.439992376674285 6.2
      vertex 15.570595205269187 14.650561835020653 3
    endloop
  endfacet
  facet normal 0.896872741532686 0.44228869021900596 0
    outer loop
      vertex 15.472243186433545 14.85 6.2
      vertex 15.570595205269187 14.650561835020653 6.2
      vertex 15.472243186433545 14.85 3
    endloop
  endfacet
  facet normal 0.6593458151000616 0.7518398074789837 -1.4854572186906824e-19
    outer loop
      vertex 15.034894429314825 15.3487006784951 6.2
      vertex 15.202081528017132 15.202081528017132 6.2
      vertex 15.202081528017132 15.202081528017132 3
    endloop
  endfacet
  facet normal 0.7518398074789837 0.6593458151000616 0
    outer loop
      vertex 15.202081528017132 15.202081528017132 6.2
      vertex 15.3487006784951 15.034894429314825 6.2
      vertex 15.202081528017132 15.202081528017132 3
    endloop
  endfacet
  facet normal 0.5555702330196006 0.8314696123025465 2.1980356044749785e-18
    outer loop
      vertex 14.85 15.472243186433545 6.2
      vertex 15.034894429314825 15.3487006784951 6.2
      vertex 15.034894429314825 15.3487006784951 3
    endloop
  endfacet
  facet normal 0.8314696123025465 0.5555702330196006 0
    outer loop
      vertex 15.3487006784951 15.034894429314825 6.2
      vertex 15.472243186433545 14.85 6.2
      vertex 15.3487006784951 15.034894429314825 3
    endloop
  endfacet
  facet normal -0.19509032201612841 0.9807852804032305 -9.104985784268044e-19
    outer loop
      vertex 13.778105473225912 15.685456264335478 3
      vertex 13.560007623325715 15.642073904691417 3
      vertex 13.560007623325715 15.642073904691417 6.2
    endloop
  endfacet
  facet normal -0.06540312923013733 0.9978589232386039 1.1607871910289447e-19
    outer loop
      vertex 14 15.7 3
      vertex 13.778105473225912 15.685456264335478 3
      vertex 13.778105473225912 15.685456264335478 6.2
    endloop
  endfacet
  facet normal 0.06540312923013733 0.9978589232386039 -1.1607871910289447e-19
    outer loop
      vertex 14.221894526774088 15.685456264335478 3
      vertex 14 15.7 3
      vertex 14 15.7 6.2
    endloop
  endfacet
  facet normal 0.19509032201612841 0.9807852804032305 0
    outer loop
      vertex 14.221894526774088 15.685456264335478 3
      vertex 14.221894526774088 15.685456264335478 6.2
      vertex 14.439992376674285 15.642073904691417 3
    endloop
  endfacet
  facet normal -0.19509032201612841 0.9807852804032305 -9.104985784268044e-19
    outer loop
      vertex 13.560007623325715 15.642073904691417 6.2
      vertex 13.778105473225912 15.685456264335478 6.2
      vertex 13.778105473225912 15.685456264335478 3
    endloop
  endfacet
  facet normal -0.06540312923013733 0.9978589232386039 1.1607871910289447e-19
    outer loop
      vertex 13.778105473225912 15.685456264335478 6.2
      vertex 14 15.7 6.2
      vertex 14 15.7 3
    endloop
  endfacet
  facet normal 0.06540312923013733 0.9978589232386039 0
    outer loop
      vertex 14.221894526774088 15.685456264335478 6.2
      vertex 14.221894526774088 15.685456264335478 3
      vertex 14 15.7 6.2
    endloop
  endfacet
  facet normal 0.19509032201612841 0.9807852804032305 9.104985784268044e-19
    outer loop
      vertex 14.221894526774088 15.685456264335478 6.2
      vertex 14.439992376674285 15.642073904691417 6.2
      vertex 14.439992376674285 15.642073904691417 3
    endloop
  endfacet
  facet normal 0.9807852804032305 -0.19509032201612841 -9.104985784268044e-19
    outer loop
      vertex 15.685456264335478 13.778105473225912 3
      vertex 15.642073904691417 13.560007623325715 6.2
      vertex 15.642073904691417 13.560007623325715 3
    endloop
  endfacet
  facet normal 0.9978589232386039 -0.06540312923013733 0
    outer loop
      vertex 15.685456264335478 13.778105473225912 3
      vertex 15.7 14 3
      vertex 15.685456264335478 13.778105473225912 6.2
    endloop
  endfacet
  facet normal 0.9978589232386039 0.06540312923013733 0
    outer loop
      vertex 15.7 14 3
      vertex 15.685456264335478 14.221894526774088 3
      vertex 15.7 14 6.2
    endloop
  endfacet
  facet normal 0.9807852804032305 0.19509032201612841 9.104985784268044e-19
    outer loop
      vertex 15.642073904691417 14.439992376674285 3
      vertex 15.685456264335478 14.221894526774088 6.2
      vertex 15.685456264335478 14.221894526774088 3
    endloop
  endfacet
  facet normal 0.9807852804032305 -0.19509032201612841 0
    outer loop
      vertex 15.685456264335478 13.778105473225912 3
      vertex 15.685456264335478 13.778105473225912 6.2
      vertex 15.642073904691417 13.560007623325715 6.2
    endloop
  endfacet
  facet normal 0.9978589232386039 -0.06540312923013733 0
    outer loop
      vertex 15.7 14 3
      vertex 15.7 14 6.2
      vertex 15.685456264335478 13.778105473225912 6.2
    endloop
  endfacet
  facet normal 0.9978589232386039 0.06540312923013733 0
    outer loop
      vertex 15.685456264335478 14.221894526774088 3
      vertex 15.685456264335478 14.221894526774088 6.2
      vertex 15.7 14 6.2
    endloop
  endfacet
  facet normal 0.9807852804032305 0.19509032201612841 0
    outer loop
      vertex 15.642073904691417 14.439992376674285 3
      vertex 15.642073904691417 14.439992376674285 6.2
      vertex 15.685456264335478 14.221894526774088 6.2
    endloop
  endfacet
  facet normal -0.831469612302546 -0.555570233019601 0
    outer loop
      vertex 12.527756813566455 -0.8500000000000001 6.2
      vertex 12.527756813566455 -0.8500000000000001 3
      vertex 12.6512993215049 -1.0348944293148252 3
    endloop
  endfacet
  facet normal -0.7518398074789816 -0.6593458151000642 0
    outer loop
      vertex 12.6512993215049 -1.0348944293148252 3
      vertex 12.797918471982868 -1.202081528017131 3
      vertex 12.6512993215049 -1.0348944293148252 6.2
    endloop
  endfacet
  facet normal -0.9469301294951046 -0.3214394653031647 3.0631252451047004e-19
    outer loop
      vertex 12.429404794730813 -0.6505618350206527 3
      vertex 12.357926095308583 -0.4399923766742853 6.2
      vertex 12.357926095308583 -0.4399923766742853 3
    endloop
  endfacet
  facet normal -0.9807852804032305 -0.19509032201612755 1.9348156918670057e-19
    outer loop
      vertex 12.357926095308583 -0.4399923766742853 3
      vertex 12.314543735664522 -0.2218945267740877 6.2
      vertex 12.314543735664522 -0.2218945267740877 3
    endloop
  endfacet
  facet normal -0.8968727415326869 -0.4422886902190042 0
    outer loop
      vertex 12.429404794730813 -0.6505618350206527 3
      vertex 12.527756813566455 -0.8500000000000001 3
      vertex 12.429404794730813 -0.6505618350206527 6.2
    endloop
  endfacet
  facet normal -0.9978589232386039 -0.06540312923013748 -2.235963831142412e-19
    outer loop
      vertex 12.314543735664522 -0.2218945267740877 3
      vertex 12.3 0 6.2
      vertex 12.3 0 3
    endloop
  endfacet
  facet normal -0.9978589232386039 0.06540312923013748 2.235963831142412e-19
    outer loop
      vertex 12.3 0 3
      vertex 12.314543735664522 0.2218945267740877 6.2
      vertex 12.314543735664522 0.2218945267740877 3
    endloop
  endfacet
  facet normal -0.9807852804032305 0.19509032201612755 -1.9348156918670057e-19
    outer loop
      vertex 12.314543735664522 0.2218945267740877 3
      vertex 12.357926095308583 0.4399923766742853 6.2
      vertex 12.357926095308583 0.4399923766742853 3
    endloop
  endfacet
  facet normal -0.9469301294951046 0.3214394653031647 0
    outer loop
      vertex 12.429404794730813 0.6505618350206527 3
      vertex 12.357926095308583 0.4399923766742853 3
      vertex 12.429404794730813 0.6505618350206527 6.2
    endloop
  endfacet
  facet normal -0.8968727415326869 0.4422886902190042 -9.307533256655793e-19
    outer loop
      vertex 12.429404794730813 0.6505618350206527 3
      vertex 12.527756813566455 0.8500000000000001 6.2
      vertex 12.527756813566455 0.8500000000000001 3
    endloop
  endfacet
  facet normal -0.831469612302546 0.555570233019601 -1.743237128875968e-18
    outer loop
      vertex 12.527756813566455 0.8500000000000001 3
      vertex 12.6512993215049 1.0348944293148252 6.2
      vertex 12.6512993215049 1.0348944293148252 3
    endloop
  endfacet
  facet normal -0.7518398074789816 0.6593458151000642 0
    outer loop
      vertex 12.797918471982868 1.202081528017131 3
      vertex 12.6512993215049 1.0348944293148252 3
      vertex 12.797918471982868 1.202081528017131 6.2
    endloop
  endfacet
  facet normal -0.7518398074789816 -0.6593458151000642 0
    outer loop
      vertex 12.797918471982868 -1.202081528017131 6.2
      vertex 12.6512993215049 -1.0348944293148252 6.2
      vertex 12.797918471982868 -1.202081528017131 3
    endloop
  endfacet
  facet normal -0.831469612302546 -0.555570233019601 0
    outer loop
      vertex 12.6512993215049 -1.0348944293148252 6.2
      vertex 12.527756813566455 -0.8500000000000001 6.2
      vertex 12.6512993215049 -1.0348944293148252 3
    endloop
  endfacet
  facet normal -0.9807852804032305 -0.19509032201612755 0
    outer loop
      vertex 12.357926095308583 -0.4399923766742853 3
      vertex 12.357926095308583 -0.4399923766742853 6.2
      vertex 12.314543735664522 -0.2218945267740877 6.2
    endloop
  endfacet
  facet normal -0.8968727415326869 -0.4422886902190042 0
    outer loop
      vertex 12.527756813566455 -0.8500000000000001 6.2
      vertex 12.429404794730813 -0.6505618350206527 6.2
      vertex 12.527756813566455 -0.8500000000000001 3
    endloop
  endfacet
  facet normal -0.9469301294951046 -0.3214394653031647 0
    outer loop
      vertex 12.429404794730813 -0.6505618350206527 6.2
      vertex 12.357926095308583 -0.4399923766742853 6.2
      vertex 12.429404794730813 -0.6505618350206527 3
    endloop
  endfacet
  facet normal -0.9978589232386039 -0.06540312923013748 0
    outer loop
      vertex 12.314543735664522 -0.2218945267740877 3
      vertex 12.314543735664522 -0.2218945267740877 6.2
      vertex 12.3 0 6.2
    endloop
  endfacet
  facet normal -0.9978589232386039 0.06540312923013748 0
    outer loop
      vertex 12.3 0 3
      vertex 12.3 0 6.2
      vertex 12.314543735664522 0.2218945267740877 6.2
    endloop
  endfacet
  facet normal -0.9807852804032305 0.19509032201612755 0
    outer loop
      vertex 12.314543735664522 0.2218945267740877 3
      vertex 12.314543735664522 0.2218945267740877 6.2
      vertex 12.357926095308583 0.4399923766742853 6.2
    endloop
  endfacet
  facet normal -0.9469301294951046 0.3214394653031647 0
    outer loop
      vertex 12.357926095308583 0.4399923766742853 6.2
      vertex 12.429404794730813 0.6505618350206527 6.2
      vertex 12.357926095308583 0.4399923766742853 3
    endloop
  endfacet
  facet normal -0.8968727415326869 0.4422886902190042 0
    outer loop
      vertex 12.429404794730813 0.6505618350206527 3
      vertex 12.429404794730813 0.6505618350206527 6.2
      vertex 12.527756813566455 0.8500000000000001 6.2
    endloop
  endfacet
  facet normal -0.831469612302546 0.555570233019601 0
    outer loop
      vertex 12.527756813566455 0.8500000000000001 6.2
      vertex 12.6512993215049 1.0348944293148252 6.2
      vertex 12.527756813566455 0.8500000000000001 3
    endloop
  endfacet
  facet normal -0.7518398074789816 0.6593458151000642 0
    outer loop
      vertex 12.6512993215049 1.0348944293148252 3
      vertex 12.6512993215049 1.0348944293148252 6.2
      vertex 12.797918471982868 1.202081528017131 6.2
    endloop
  endfacet
  facet normal -0.19509032201612841 -0.9807852804032305 0
    outer loop
      vertex 13.778105473225912 -1.6854562643354778 3
      vertex 13.778105473225912 -1.6854562643354778 6.2
      vertex 13.560007623325715 -1.6420739046914163 3
    endloop
  endfacet
  facet normal -0.0654031292301433 -0.9978589232386035 9.114493205554427e-20
    outer loop
      vertex 13.778105473225912 -1.6854562643354778 3
      vertex 14 -1.7000000000000002 3
      vertex 14 -1.7000000000000002 6.2
    endloop
  endfacet
  facet normal 0.0654031292301433 -0.9978589232386035 0
    outer loop
      vertex 14.221894526774088 -1.6854562643354778 3
      vertex 14.221894526774088 -1.6854562643354778 6.2
      vertex 14 -1.7000000000000002 3
    endloop
  endfacet
  facet normal 0.19509032201612841 -0.9807852804032305 -9.104985784268044e-19
    outer loop
      vertex 14.221894526774088 -1.6854562643354778 3
      vertex 14.439992376674285 -1.6420739046914163 3
      vertex 14.439992376674285 -1.6420739046914163 6.2
    endloop
  endfacet
  facet normal -0.19509032201612841 -0.9807852804032305 9.104985784268044e-19
    outer loop
      vertex 13.778105473225912 -1.6854562643354778 6.2
      vertex 13.560007623325715 -1.6420739046914163 6.2
      vertex 13.560007623325715 -1.6420739046914163 3
    endloop
  endfacet
  facet normal -0.0654031292301433 -0.9978589232386035 0
    outer loop
      vertex 13.778105473225912 -1.6854562643354778 6.2
      vertex 13.778105473225912 -1.6854562643354778 3
      vertex 14 -1.7000000000000002 6.2
    endloop
  endfacet
  facet normal 0.0654031292301433 -0.9978589232386035 -9.114493205554427e-20
    outer loop
      vertex 14.221894526774088 -1.6854562643354778 6.2
      vertex 14 -1.7000000000000002 6.2
      vertex 14 -1.7000000000000002 3
    endloop
  endfacet
  facet normal 0.19509032201612841 -0.9807852804032305 -9.104985784268044e-19
    outer loop
      vertex 14.439992376674285 -1.6420739046914163 6.2
      vertex 14.221894526774088 -1.6854562643354778 6.2
      vertex 14.221894526774088 -1.6854562643354778 3
    endloop
  endfacet
  facet normal -0.6593458151000656 -0.7518398074789803 3.3989617360003473e-19
    outer loop
      vertex 12.797918471982868 -1.202081528017131 3
      vertex 12.965105570685175 -1.3487006784951 3
      vertex 12.965105570685175 -1.3487006784951 6.2
    endloop
  endfacet
  facet normal -0.5555702330196013 -0.8314696123025459 -1.864570814963495e-18
    outer loop
      vertex 12.965105570685175 -1.3487006784951 3
      vertex 13.15 -1.4722431864335457 3
      vertex 13.15 -1.4722431864335457 6.2
    endloop
  endfacet
  facet normal -0.4422886902190036 -0.8968727415326871 0
    outer loop
      vertex 13.349438164979347 -1.5705952052691876 3
      vertex 13.349438164979347 -1.5705952052691876 6.2
      vertex 13.15 -1.4722431864335457 3
    endloop
  endfacet
  facet normal -0.32143946530316064 -0.946930129495106 -1.1573031617798676e-18
    outer loop
      vertex 13.349438164979347 -1.5705952052691876 3
      vertex 13.560007623325715 -1.6420739046914163 3
      vertex 13.560007623325715 -1.6420739046914163 6.2
    endloop
  endfacet
  facet normal 0.32143946530316064 -0.946930129495106 1.1573031617798676e-18
    outer loop
      vertex 14.439992376674285 -1.6420739046914163 3
      vertex 14.650561835020653 -1.5705952052691876 3
      vertex 14.650561835020653 -1.5705952052691876 6.2
    endloop
  endfacet
  facet normal 0.4422886902190036 -0.8968727415326871 9.341397426326835e-19
    outer loop
      vertex 14.650561835020653 -1.5705952052691876 3
      vertex 14.85 -1.4722431864335457 3
      vertex 14.85 -1.4722431864335457 6.2
    endloop
  endfacet
  facet normal 0.5555702330196013 -0.8314696123025459 1.864570814963495e-18
    outer loop
      vertex 14.85 -1.4722431864335457 3
      vertex 15.034894429314825 -1.3487006784951 3
      vertex 15.034894429314825 -1.3487006784951 6.2
    endloop
  endfacet
  facet normal 0.6593458151000656 -0.7518398074789803 0
    outer loop
      vertex 15.202081528017132 -1.202081528017131 3
      vertex 15.202081528017132 -1.202081528017131 6.2
      vertex 15.034894429314825 -1.3487006784951 3
    endloop
  endfacet
  facet normal 0.7518398074789816 -0.6593458151000642 0
    outer loop
      vertex 15.202081528017132 -1.202081528017131 3
      vertex 15.3487006784951 -1.0348944293148252 3
      vertex 15.202081528017132 -1.202081528017131 6.2
    endloop
  endfacet
  facet normal 0.831469612302546 -0.555570233019601 -1.743237128875968e-18
    outer loop
      vertex 15.472243186433545 -0.8500000000000001 3
      vertex 15.3487006784951 -1.0348944293148252 6.2
      vertex 15.3487006784951 -1.0348944293148252 3
    endloop
  endfacet
  facet normal 0.8968727415326869 -0.4422886902190042 -9.307533256655793e-19
    outer loop
      vertex 15.570595205269187 -0.6505618350206527 3
      vertex 15.472243186433545 -0.8500000000000001 6.2
      vertex 15.472243186433545 -0.8500000000000001 3
    endloop
  endfacet
  facet normal 0.9469301294951046 -0.3214394653031647 0
    outer loop
      vertex 15.570595205269187 -0.6505618350206527 3
      vertex 15.642073904691417 -0.4399923766742853 3
      vertex 15.570595205269187 -0.6505618350206527 6.2
    endloop
  endfacet
  facet normal 0.9469301294951046 0.3214394653031647 3.0631252451047004e-19
    outer loop
      vertex 15.570595205269187 0.6505618350206527 3
      vertex 15.642073904691417 0.4399923766742853 6.2
      vertex 15.642073904691417 0.4399923766742853 3
    endloop
  endfacet
  facet normal 0.8968727415326869 0.4422886902190042 0
    outer loop
      vertex 15.570595205269187 0.6505618350206527 3
      vertex 15.472243186433545 0.8500000000000001 3
      vertex 15.570595205269187 0.6505618350206527 6.2
    endloop
  endfacet
  facet normal 0.831469612302546 0.555570233019601 1.743237128875968e-18
    outer loop
      vertex 15.3487006784951 1.0348944293148252 3
      vertex 15.472243186433545 0.8500000000000001 6.2
      vertex 15.472243186433545 0.8500000000000001 3
    endloop
  endfacet
  facet normal 0.7518398074789816 0.6593458151000642 0
    outer loop
      vertex 15.3487006784951 1.0348944293148252 3
      vertex 15.202081528017132 1.202081528017131 3
      vertex 15.3487006784951 1.0348944293148252 6.2
    endloop
  endfacet
  facet normal -0.5555702330196013 -0.8314696123025459 -1.864570814963495e-18
    outer loop
      vertex 13.15 -1.4722431864335457 6.2
      vertex 12.965105570685175 -1.3487006784951 6.2
      vertex 12.965105570685175 -1.3487006784951 3
    endloop
  endfacet
  facet normal -0.6593458151000656 -0.7518398074789803 3.3989617360003473e-19
    outer loop
      vertex 12.965105570685175 -1.3487006784951 6.2
      vertex 12.797918471982868 -1.202081528017131 6.2
      vertex 12.797918471982868 -1.202081528017131 3
    endloop
  endfacet
  facet normal -0.4422886902190036 -0.8968727415326871 -9.341397426326835e-19
    outer loop
      vertex 13.349438164979347 -1.5705952052691876 6.2
      vertex 13.15 -1.4722431864335457 6.2
      vertex 13.15 -1.4722431864335457 3
    endloop
  endfacet
  facet normal -0.32143946530316064 -0.946930129495106 -1.1573031617798676e-18
    outer loop
      vertex 13.560007623325715 -1.6420739046914163 6.2
      vertex 13.349438164979347 -1.5705952052691876 6.2
      vertex 13.349438164979347 -1.5705952052691876 3
    endloop
  endfacet
  facet normal 0.32143946530316064 -0.946930129495106 1.1573031617798676e-18
    outer loop
      vertex 14.650561835020653 -1.5705952052691876 6.2
      vertex 14.439992376674285 -1.6420739046914163 6.2
      vertex 14.439992376674285 -1.6420739046914163 3
    endloop
  endfacet
  facet normal 0.4422886902190036 -0.8968727415326871 0
    outer loop
      vertex 14.650561835020653 -1.5705952052691876 6.2
      vertex 14.650561835020653 -1.5705952052691876 3
      vertex 14.85 -1.4722431864335457 6.2
    endloop
  endfacet
  facet normal 0.5555702330196013 -0.8314696123025459 1.864570814963495e-18
    outer loop
      vertex 15.034894429314825 -1.3487006784951 6.2
      vertex 14.85 -1.4722431864335457 6.2
      vertex 14.85 -1.4722431864335457 3
    endloop
  endfacet
  facet normal 0.6593458151000656 -0.7518398074789803 -3.3989617360003473e-19
    outer loop
      vertex 15.202081528017132 -1.202081528017131 6.2
      vertex 15.034894429314825 -1.3487006784951 6.2
      vertex 15.034894429314825 -1.3487006784951 3
    endloop
  endfacet
  facet normal 0.7518398074789816 -0.6593458151000642 0
    outer loop
      vertex 15.3487006784951 -1.0348944293148252 3
      vertex 15.3487006784951 -1.0348944293148252 6.2
      vertex 15.202081528017132 -1.202081528017131 6.2
    endloop
  endfacet
  facet normal 0.831469612302546 -0.555570233019601 0
    outer loop
      vertex 15.472243186433545 -0.8500000000000001 6.2
      vertex 15.3487006784951 -1.0348944293148252 6.2
      vertex 15.472243186433545 -0.8500000000000001 3
    endloop
  endfacet
  facet normal 0.8968727415326869 -0.4422886902190042 0
    outer loop
      vertex 15.570595205269187 -0.6505618350206527 3
      vertex 15.570595205269187 -0.6505618350206527 6.2
      vertex 15.472243186433545 -0.8500000000000001 6.2
    endloop
  endfacet
  facet normal 0.9469301294951046 -0.3214394653031647 0
    outer loop
      vertex 15.642073904691417 -0.4399923766742853 6.2
      vertex 15.570595205269187 -0.6505618350206527 6.2
      vertex 15.642073904691417 -0.4399923766742853 3
    endloop
  endfacet
  facet normal 0.7518398074789816 0.6593458151000642 0
    outer loop
      vertex 15.202081528017132 1.202081528017131 6.2
      vertex 15.3487006784951 1.0348944293148252 6.2
      vertex 15.202081528017132 1.202081528017131 3
    endloop
  endfacet
  facet normal 0.9469301294951046 0.3214394653031647 0
    outer loop
      vertex 15.570595205269187 0.6505618350206527 6.2
      vertex 15.642073904691417 0.4399923766742853 6.2
      vertex 15.570595205269187 0.6505618350206527 3
    endloop
  endfacet
  facet normal 0.8968727415326869 0.4422886902190042 0
    outer loop
      vertex 15.472243186433545 0.8500000000000001 6.2
      vertex 15.570595205269187 0.6505618350206527 6.2
      vertex 15.472243186433545 0.8500000000000001 3
    endloop
  endfacet
  facet normal 0.831469612302546 0.555570233019601 0
    outer loop
      vertex 15.3487006784951 1.0348944293148252 6.2
      vertex 15.472243186433545 0.8500000000000001 6.2
      vertex 15.3487006784951 1.0348944293148252 3
    endloop
  endfacet
  facet normal 0.9807852804032305 -0.19509032201612755 -1.9348156918670057e-19
    outer loop
      vertex 15.685456264335478 -0.2218945267740877 3
      vertex 15.642073904691417 -0.4399923766742853 6.2
      vertex 15.642073904691417 -0.4399923766742853 3
    endloop
  endfacet
  facet normal 0.9978589232386039 -0.06540312923013748 0
    outer loop
      vertex 15.685456264335478 -0.2218945267740877 3
      vertex 15.7 0 3
      vertex 15.685456264335478 -0.2218945267740877 6.2
    endloop
  endfacet
  facet normal 0.9978589232386039 0.06540312923013748 0
    outer loop
      vertex 15.7 0 3
      vertex 15.685456264335478 0.2218945267740877 3
      vertex 15.7 0 6.2
    endloop
  endfacet
  facet normal 0.9807852804032305 0.19509032201612755 1.9348156918670057e-19
    outer loop
      vertex 15.642073904691417 0.4399923766742853 3
      vertex 15.685456264335478 0.2218945267740877 6.2
      vertex 15.685456264335478 0.2218945267740877 3
    endloop
  endfacet
  facet normal 0.9807852804032305 -0.19509032201612755 0
    outer loop
      vertex 15.685456264335478 -0.2218945267740877 3
      vertex 15.685456264335478 -0.2218945267740877 6.2
      vertex 15.642073904691417 -0.4399923766742853 6.2
    endloop
  endfacet
  facet normal 0.9978589232386039 -0.06540312923013748 0
    outer loop
      vertex 15.7 0 3
      vertex 15.7 0 6.2
      vertex 15.685456264335478 -0.2218945267740877 6.2
    endloop
  endfacet
  facet normal 0.9978589232386039 0.06540312923013748 0
    outer loop
      vertex 15.685456264335478 0.2218945267740877 3
      vertex 15.685456264335478 0.2218945267740877 6.2
      vertex 15.7 0 6.2
    endloop
  endfacet
  facet normal 0.9807852804032305 0.19509032201612755 0
    outer loop
      vertex 15.642073904691417 0.4399923766742853 3
      vertex 15.642073904691417 0.4399923766742853 6.2
      vertex 15.685456264335478 0.2218945267740877 6.2
    endloop
  endfacet
  facet normal -0.6593458151000656 0.7518398074789803 0
    outer loop
      vertex 12.797918471982868 1.202081528017131 3
      vertex 12.797918471982868 1.202081528017131 6.2
      vertex 12.965105570685175 1.3487006784951 3
    endloop
  endfacet
  facet normal -0.5555702330196013 0.8314696123025459 1.864570814963495e-18
    outer loop
      vertex 13.15 1.4722431864335457 3
      vertex 12.965105570685175 1.3487006784951 3
      vertex 12.965105570685175 1.3487006784951 6.2
    endloop
  endfacet
  facet normal -0.4422886902190036 0.8968727415326871 9.341397426326835e-19
    outer loop
      vertex 13.349438164979347 1.5705952052691876 3
      vertex 13.15 1.4722431864335457 3
      vertex 13.15 1.4722431864335457 6.2
    endloop
  endfacet
  facet normal -0.32143946530316064 0.946930129495106 1.1573031617798676e-18
    outer loop
      vertex 13.560007623325715 1.6420739046914163 3
      vertex 13.349438164979347 1.5705952052691876 3
      vertex 13.349438164979347 1.5705952052691876 6.2
    endloop
  endfacet
  facet normal -0.19509032201612841 0.9807852804032305 -9.104985784268044e-19
    outer loop
      vertex 13.778105473225912 1.6854562643354778 3
      vertex 13.560007623325715 1.6420739046914163 3
      vertex 13.560007623325715 1.6420739046914163 6.2
    endloop
  endfacet
  facet normal -0.0654031292301433 0.9978589232386035 -9.114493205554427e-20
    outer loop
      vertex 14 1.7000000000000002 3
      vertex 13.778105473225912 1.6854562643354778 3
      vertex 13.778105473225912 1.6854562643354778 6.2
    endloop
  endfacet
  facet normal 0.0654031292301433 0.9978589232386035 9.114493205554427e-20
    outer loop
      vertex 14.221894526774088 1.6854562643354778 3
      vertex 14 1.7000000000000002 3
      vertex 14 1.7000000000000002 6.2
    endloop
  endfacet
  facet normal 0.19509032201612841 0.9807852804032305 0
    outer loop
      vertex 14.221894526774088 1.6854562643354778 3
      vertex 14.221894526774088 1.6854562643354778 6.2
      vertex 14.439992376674285 1.6420739046914163 3
    endloop
  endfacet
  facet normal 0.32143946530316064 0.946930129495106 -1.1573031617798676e-18
    outer loop
      vertex 14.650561835020653 1.5705952052691876 3
      vertex 14.439992376674285 1.6420739046914163 3
      vertex 14.439992376674285 1.6420739046914163 6.2
    endloop
  endfacet
  facet normal 0.4422886902190036 0.8968727415326871 0
    outer loop
      vertex 14.650561835020653 1.5705952052691876 3
      vertex 14.650561835020653 1.5705952052691876 6.2
      vertex 14.85 1.4722431864335457 3
    endloop
  endfacet
  facet normal 0.5555702330196013 0.8314696123025459 -1.864570814963495e-18
    outer loop
      vertex 15.034894429314825 1.3487006784951 3
      vertex 14.85 1.4722431864335457 3
      vertex 14.85 1.4722431864335457 6.2
    endloop
  endfacet
  facet normal 0.6593458151000656 0.7518398074789803 3.3989617360003473e-19
    outer loop
      vertex 15.202081528017132 1.202081528017131 3
      vertex 15.034894429314825 1.3487006784951 3
      vertex 15.034894429314825 1.3487006784951 6.2
    endloop
  endfacet
  facet normal -0.6593458151000656 0.7518398074789803 -3.3989617360003473e-19
    outer loop
      vertex 12.797918471982868 1.202081528017131 6.2
      vertex 12.965105570685175 1.3487006784951 6.2
      vertex 12.965105570685175 1.3487006784951 3
    endloop
  endfacet
  facet normal -0.5555702330196013 0.8314696123025459 1.864570814963495e-18
    outer loop
      vertex 12.965105570685175 1.3487006784951 6.2
      vertex 13.15 1.4722431864335457 6.2
      vertex 13.15 1.4722431864335457 3
    endloop
  endfacet
  facet normal -0.4422886902190036 0.8968727415326871 0
    outer loop
      vertex 13.349438164979347 1.5705952052691876 6.2
      vertex 13.349438164979347 1.5705952052691876 3
      vertex 13.15 1.4722431864335457 6.2
    endloop
  endfacet
  facet normal -0.32143946530316064 0.946930129495106 1.1573031617798676e-18
    outer loop
      vertex 13.349438164979347 1.5705952052691876 6.2
      vertex 13.560007623325715 1.6420739046914163 6.2
      vertex 13.560007623325715 1.6420739046914163 3
    endloop
  endfacet
  facet normal -0.19509032201612841 0.9807852804032305 -9.104985784268044e-19
    outer loop
      vertex 13.560007623325715 1.6420739046914163 6.2
      vertex 13.778105473225912 1.6854562643354778 6.2
      vertex 13.778105473225912 1.6854562643354778 3
    endloop
  endfacet
  facet normal -0.0654031292301433 0.9978589232386035 -9.114493205554427e-20
    outer loop
      vertex 13.778105473225912 1.6854562643354778 6.2
      vertex 14 1.7000000000000002 6.2
      vertex 14 1.7000000000000002 3
    endloop
  endfacet
  facet normal 0.0654031292301433 0.9978589232386035 0
    outer loop
      vertex 14.221894526774088 1.6854562643354778 6.2
      vertex 14.221894526774088 1.6854562643354778 3
      vertex 14 1.7000000000000002 6.2
    endloop
  endfacet
  facet normal 0.19509032201612841 0.9807852804032305 9.104985784268044e-19
    outer loop
      vertex 14.221894526774088 1.6854562643354778 6.2
      vertex 14.439992376674285 1.6420739046914163 6.2
      vertex 14.439992376674285 1.6420739046914163 3
    endloop
  endfacet
  facet normal 0.32143946530316064 0.946930129495106 -1.1573031617798676e-18
    outer loop
      vertex 14.439992376674285 1.6420739046914163 6.2
      vertex 14.650561835020653 1.5705952052691876 6.2
      vertex 14.650561835020653 1.5705952052691876 3
    endloop
  endfacet
  facet normal 0.4422886902190036 0.8968727415326871 -9.341397426326835e-19
    outer loop
      vertex 14.650561835020653 1.5705952052691876 6.2
      vertex 14.85 1.4722431864335457 6.2
      vertex 14.85 1.4722431864335457 3
    endloop
  endfacet
  facet normal 0.5555702330196013 0.8314696123025459 -1.864570814963495e-18
    outer loop
      vertex 14.85 1.4722431864335457 6.2
      vertex 15.034894429314825 1.3487006784951 6.2
      vertex 15.034894429314825 1.3487006784951 3
    endloop
  endfacet
  facet normal 0.6593458151000656 0.7518398074789803 3.3989617360003473e-19
    outer loop
      vertex 15.034894429314825 1.3487006784951 6.2
      vertex 15.202081528017132 1.202081528017131 6.2
      vertex 15.202081528017132 1.202081528017131 3
    endloop
  endfacet
  facet normal -0.9807852804032305 -0.19509032201612755 1.9348156918670057e-19
    outer loop
      vertex -1.6420739046914163 -0.4399923766742853 3
      vertex -1.6854562643354778 -0.2218945267740877 6.2
      vertex -1.6854562643354778 -0.2218945267740877 3
    endloop
  endfacet
  facet normal -0.9978589232386035 -0.06540312923014345 -1.6372731954918538e-20
    outer loop
      vertex -1.6854562643354778 -0.2218945267740877 3
      vertex -1.7000000000000002 0 6.2
      vertex -1.7000000000000002 0 3
    endloop
  endfacet
  facet normal -0.9978589232386035 0.06540312923014345 1.6372731954918538e-20
    outer loop
      vertex -1.7000000000000002 0 3
      vertex -1.6854562643354778 0.2218945267740877 6.2
      vertex -1.6854562643354778 0.2218945267740877 3
    endloop
  endfacet
  facet normal -0.9807852804032305 0.19509032201612755 -1.9348156918670057e-19
    outer loop
      vertex -1.6854562643354778 0.2218945267740877 3
      vertex -1.6420739046914163 0.4399923766742853 6.2
      vertex -1.6420739046914163 0.4399923766742853 3
    endloop
  endfacet
  facet normal -0.9807852804032305 -0.19509032201612755 0
    outer loop
      vertex -1.6420739046914163 -0.4399923766742853 3
      vertex -1.6420739046914163 -0.4399923766742853 6.2
      vertex -1.6854562643354778 -0.2218945267740877 6.2
    endloop
  endfacet
  facet normal -0.9978589232386035 -0.06540312923014345 0
    outer loop
      vertex -1.6854562643354778 -0.2218945267740877 3
      vertex -1.6854562643354778 -0.2218945267740877 6.2
      vertex -1.7000000000000002 0 6.2
    endloop
  endfacet
  facet normal -0.9978589232386035 0.06540312923014345 0
    outer loop
      vertex -1.7000000000000002 0 3
      vertex -1.7000000000000002 0 6.2
      vertex -1.6854562643354778 0.2218945267740877 6.2
    endloop
  endfacet
  facet normal -0.9807852804032305 0.19509032201612755 0
    outer loop
      vertex -1.6854562643354778 0.2218945267740877 3
      vertex -1.6854562643354778 0.2218945267740877 6.2
      vertex -1.6420739046914163 0.4399923766742853 6.2
    endloop
  endfacet
  facet normal -0.19509032201612755 -0.9807852804032305 0
    outer loop
      vertex -0.2218945267740877 -1.6854562643354778 3
      vertex -0.2218945267740877 -1.6854562643354778 6.2
      vertex -0.4399923766742853 -1.6420739046914163 3
    endloop
  endfacet
  facet normal -0.06540312923014345 -0.9978589232386035 -1.6372731954918538e-20
    outer loop
      vertex -0.2218945267740877 -1.6854562643354778 3
      vertex 0 -1.7000000000000002 3
      vertex 0 -1.7000000000000002 6.2
    endloop
  endfacet
  facet normal 0.06540312923014345 -0.9978589232386035 0
    outer loop
      vertex 0.2218945267740877 -1.6854562643354778 3
      vertex 0.2218945267740877 -1.6854562643354778 6.2
      vertex 0 -1.7000000000000002 3
    endloop
  endfacet
  facet normal 0.19509032201612755 -0.9807852804032305 -1.9348156918670057e-19
    outer loop
      vertex 0.2218945267740877 -1.6854562643354778 3
      vertex 0.4399923766742853 -1.6420739046914163 3
      vertex 0.4399923766742853 -1.6420739046914163 6.2
    endloop
  endfacet
  facet normal -0.19509032201612755 -0.9807852804032305 1.9348156918670057e-19
    outer loop
      vertex -0.2218945267740877 -1.6854562643354778 6.2
      vertex -0.4399923766742853 -1.6420739046914163 6.2
      vertex -0.4399923766742853 -1.6420739046914163 3
    endloop
  endfacet
  facet normal -0.06540312923014345 -0.9978589232386035 0
    outer loop
      vertex -0.2218945267740877 -1.6854562643354778 6.2
      vertex -0.2218945267740877 -1.6854562643354778 3
      vertex 0 -1.7000000000000002 6.2
    endloop
  endfacet
  facet normal 0.06540312923014345 -0.9978589232386035 1.6372731954918538e-20
    outer loop
      vertex 0.2218945267740877 -1.6854562643354778 6.2
      vertex 0 -1.7000000000000002 6.2
      vertex 0 -1.7000000000000002 3
    endloop
  endfacet
  facet normal 0.19509032201612755 -0.9807852804032305 -1.9348156918670057e-19
    outer loop
      vertex 0.4399923766742853 -1.6420739046914163 6.2
      vertex 0.2218945267740877 -1.6854562643354778 6.2
      vertex 0.2218945267740877 -1.6854562643354778 3
    endloop
  endfacet
  facet normal -0.7518398074789782 -0.6593458151000681 0
    outer loop
      vertex -1.3487006784951 -1.0348944293148252 3
      vertex -1.202081528017131 -1.202081528017131 3
      vertex -1.3487006784951 -1.0348944293148252 6.2
    endloop
  endfacet
  facet normal -0.8314696123025456 -0.5555702330196017 0
    outer loop
      vertex -1.4722431864335457 -0.8500000000000001 6.2
      vertex -1.4722431864335457 -0.8500000000000001 3
      vertex -1.3487006784951 -1.0348944293148252 3
    endloop
  endfacet
  facet normal -0.6593458151000681 -0.7518398074789782 -5.928257897039972e-20
    outer loop
      vertex -1.202081528017131 -1.202081528017131 3
      vertex -1.0348944293148252 -1.3487006784951 3
      vertex -1.0348944293148252 -1.3487006784951 6.2
    endloop
  endfacet
  facet normal -0.5555702330196017 -0.8314696123025456 -2.3193692905624386e-18
    outer loop
      vertex -1.0348944293148252 -1.3487006784951 3
      vertex -0.8500000000000001 -1.4722431864335457 3
      vertex -0.8500000000000001 -1.4722431864335457 6.2
    endloop
  endfacet
  facet normal -0.896872741532688 -0.44228869021900175 0
    outer loop
      vertex -1.5705952052691876 -0.6505618350206527 3
      vertex -1.4722431864335457 -0.8500000000000001 3
      vertex -1.5705952052691876 -0.6505618350206527 6.2
    endloop
  endfacet
  facet normal -0.9469301294951055 -0.32143946530316203 -3.822063785312398e-20
    outer loop
      vertex -1.5705952052691876 -0.6505618350206527 3
      vertex -1.6420739046914163 -0.4399923766742853 6.2
      vertex -1.6420739046914163 -0.4399923766742853 3
    endloop
  endfacet
  facet normal -0.44228869021900175 -0.896872741532688 0
    outer loop
      vertex -0.6505618350206527 -1.5705952052691876 3
      vertex -0.6505618350206527 -1.5705952052691876 6.2
      vertex -0.8500000000000001 -1.4722431864335457 3
    endloop
  endfacet
  facet normal -0.32143946530316203 -0.9469301294951055 -3.822063785312398e-20
    outer loop
      vertex -0.6505618350206527 -1.5705952052691876 3
      vertex -0.4399923766742853 -1.6420739046914163 3
      vertex -0.4399923766742853 -1.6420739046914163 6.2
    endloop
  endfacet
  facet normal -0.9469301294951055 0.32143946530316203 0
    outer loop
      vertex -1.5705952052691876 0.6505618350206527 3
      vertex -1.6420739046914163 0.4399923766742853 3
      vertex -1.5705952052691876 0.6505618350206527 6.2
    endloop
  endfacet
  facet normal -0.896872741532688 0.44228869021900175 -2.3550666337511216e-18
    outer loop
      vertex -1.5705952052691876 0.6505618350206527 3
      vertex -1.4722431864335457 0.8500000000000001 6.2
      vertex -1.4722431864335457 0.8500000000000001 3
    endloop
  endfacet
  facet normal -0.8314696123025456 0.5555702330196017 2.3193692905624386e-18
    outer loop
      vertex -1.4722431864335457 0.8500000000000001 3
      vertex -1.3487006784951 1.0348944293148252 6.2
      vertex -1.3487006784951 1.0348944293148252 3
    endloop
  endfacet
  facet normal -0.7518398074789782 0.6593458151000681 0
    outer loop
      vertex -1.202081528017131 1.202081528017131 3
      vertex -1.3487006784951 1.0348944293148252 3
      vertex -1.202081528017131 1.202081528017131 6.2
    endloop
  endfacet
  facet normal 0.32143946530316203 -0.9469301294951055 3.822063785312398e-20
    outer loop
      vertex 0.4399923766742853 -1.6420739046914163 3
      vertex 0.6505618350206527 -1.5705952052691876 3
      vertex 0.6505618350206527 -1.5705952052691876 6.2
    endloop
  endfacet
  facet normal 0.44228869021900175 -0.896872741532688 -2.3550666337511216e-18
    outer loop
      vertex 0.6505618350206527 -1.5705952052691876 3
      vertex 0.8500000000000001 -1.4722431864335457 3
      vertex 0.8500000000000001 -1.4722431864335457 6.2
    endloop
  endfacet
  facet normal 0.5555702330196017 -0.8314696123025456 2.3193692905624386e-18
    outer loop
      vertex 0.8500000000000001 -1.4722431864335457 3
      vertex 1.0348944293148252 -1.3487006784951 3
      vertex 1.0348944293148252 -1.3487006784951 6.2
    endloop
  endfacet
  facet normal 0.6593458151000681 -0.7518398074789782 0
    outer loop
      vertex 1.202081528017131 -1.202081528017131 3
      vertex 1.202081528017131 -1.202081528017131 6.2
      vertex 1.0348944293148252 -1.3487006784951 3
    endloop
  endfacet
  facet normal -0.8314696123025456 -0.5555702330196017 0
    outer loop
      vertex -1.3487006784951 -1.0348944293148252 6.2
      vertex -1.4722431864335457 -0.8500000000000001 6.2
      vertex -1.3487006784951 -1.0348944293148252 3
    endloop
  endfacet
  facet normal -0.5555702330196017 -0.8314696123025456 -2.3193692905624386e-18
    outer loop
      vertex -0.8500000000000001 -1.4722431864335457 6.2
      vertex -1.0348944293148252 -1.3487006784951 6.2
      vertex -1.0348944293148252 -1.3487006784951 3
    endloop
  endfacet
  facet normal -0.7518398074789782 -0.6593458151000681 0
    outer loop
      vertex -1.202081528017131 -1.202081528017131 6.2
      vertex -1.3487006784951 -1.0348944293148252 6.2
      vertex -1.202081528017131 -1.202081528017131 3
    endloop
  endfacet
  facet normal -0.6593458151000681 -0.7518398074789782 -5.928257897039972e-20
    outer loop
      vertex -1.0348944293148252 -1.3487006784951 6.2
      vertex -1.202081528017131 -1.202081528017131 6.2
      vertex -1.202081528017131 -1.202081528017131 3
    endloop
  endfacet
  facet normal -0.896872741532688 -0.44228869021900175 0
    outer loop
      vertex -1.4722431864335457 -0.8500000000000001 6.2
      vertex -1.5705952052691876 -0.6505618350206527 6.2
      vertex -1.4722431864335457 -0.8500000000000001 3
    endloop
  endfacet
  facet normal -0.9469301294951055 -0.32143946530316203 0
    outer loop
      vertex -1.5705952052691876 -0.6505618350206527 6.2
      vertex -1.6420739046914163 -0.4399923766742853 6.2
      vertex -1.5705952052691876 -0.6505618350206527 3
    endloop
  endfacet
  facet normal -0.44228869021900175 -0.896872741532688 2.3550666337511216e-18
    outer loop
      vertex -0.6505618350206527 -1.5705952052691876 6.2
      vertex -0.8500000000000001 -1.4722431864335457 6.2
      vertex -0.8500000000000001 -1.4722431864335457 3
    endloop
  endfacet
  facet normal -0.32143946530316203 -0.9469301294951055 -3.822063785312398e-20
    outer loop
      vertex -0.4399923766742853 -1.6420739046914163 6.2
      vertex -0.6505618350206527 -1.5705952052691876 6.2
      vertex -0.6505618350206527 -1.5705952052691876 3
    endloop
  endfacet
  facet normal -0.9469301294951055 0.32143946530316203 0
    outer loop
      vertex -1.6420739046914163 0.4399923766742853 6.2
      vertex -1.5705952052691876 0.6505618350206527 6.2
      vertex -1.6420739046914163 0.4399923766742853 3
    endloop
  endfacet
  facet normal -0.896872741532688 0.44228869021900175 0
    outer loop
      vertex -1.5705952052691876 0.6505618350206527 3
      vertex -1.5705952052691876 0.6505618350206527 6.2
      vertex -1.4722431864335457 0.8500000000000001 6.2
    endloop
  endfacet
  facet normal -0.8314696123025456 0.5555702330196017 0
    outer loop
      vertex -1.4722431864335457 0.8500000000000001 6.2
      vertex -1.3487006784951 1.0348944293148252 6.2
      vertex -1.4722431864335457 0.8500000000000001 3
    endloop
  endfacet
  facet normal -0.7518398074789782 0.6593458151000681 0
    outer loop
      vertex -1.3487006784951 1.0348944293148252 3
      vertex -1.3487006784951 1.0348944293148252 6.2
      vertex -1.202081528017131 1.202081528017131 6.2
    endloop
  endfacet
  facet normal 0.32143946530316203 -0.9469301294951055 3.822063785312398e-20
    outer loop
      vertex 0.6505618350206527 -1.5705952052691876 6.2
      vertex 0.4399923766742853 -1.6420739046914163 6.2
      vertex 0.4399923766742853 -1.6420739046914163 3
    endloop
  endfacet
  facet normal 0.44228869021900175 -0.896872741532688 0
    outer loop
      vertex 0.6505618350206527 -1.5705952052691876 6.2
      vertex 0.6505618350206527 -1.5705952052691876 3
      vertex 0.8500000000000001 -1.4722431864335457 6.2
    endloop
  endfacet
  facet normal 0.5555702330196017 -0.8314696123025456 2.3193692905624386e-18
    outer loop
      vertex 1.0348944293148252 -1.3487006784951 6.2
      vertex 0.8500000000000001 -1.4722431864335457 6.2
      vertex 0.8500000000000001 -1.4722431864335457 3
    endloop
  endfacet
  facet normal 0.6593458151000681 -0.7518398074789782 5.928257897039972e-20
    outer loop
      vertex 1.202081528017131 -1.202081528017131 6.2
      vertex 1.0348944293148252 -1.3487006784951 6.2
      vertex 1.0348944293148252 -1.3487006784951 3
    endloop
  endfacet
  facet normal -0.6593458151000681 0.7518398074789782 0
    outer loop
      vertex -1.202081528017131 1.202081528017131 3
      vertex -1.202081528017131 1.202081528017131 6.2
      vertex -1.0348944293148252 1.3487006784951 3
    endloop
  endfacet
  facet normal -0.5555702330196017 0.8314696123025456 2.3193692905624386e-18
    outer loop
      vertex -0.8500000000000001 1.4722431864335457 3
      vertex -1.0348944293148252 1.3487006784951 3
      vertex -1.0348944293148252 1.3487006784951 6.2
    endloop
  endfacet
  facet normal -0.44228869021900175 0.896872741532688 -2.3550666337511216e-18
    outer loop
      vertex -0.6505618350206527 1.5705952052691876 3
      vertex -0.8500000000000001 1.4722431864335457 3
      vertex -0.8500000000000001 1.4722431864335457 6.2
    endloop
  endfacet
  facet normal -0.32143946530316203 0.9469301294951055 3.822063785312398e-20
    outer loop
      vertex -0.4399923766742853 1.6420739046914163 3
      vertex -0.6505618350206527 1.5705952052691876 3
      vertex -0.6505618350206527 1.5705952052691876 6.2
    endloop
  endfacet
  facet normal -0.19509032201612755 0.9807852804032305 -1.9348156918670057e-19
    outer loop
      vertex -0.2218945267740877 1.6854562643354778 3
      vertex -0.4399923766742853 1.6420739046914163 3
      vertex -0.4399923766742853 1.6420739046914163 6.2
    endloop
  endfacet
  facet normal -0.06540312923014345 0.9978589232386035 1.6372731954918538e-20
    outer loop
      vertex 0 1.7000000000000002 3
      vertex -0.2218945267740877 1.6854562643354778 3
      vertex -0.2218945267740877 1.6854562643354778 6.2
    endloop
  endfacet
  facet normal 0.06540312923014345 0.9978589232386035 -1.6372731954918538e-20
    outer loop
      vertex 0.2218945267740877 1.6854562643354778 3
      vertex 0 1.7000000000000002 3
      vertex 0 1.7000000000000002 6.2
    endloop
  endfacet
  facet normal 0.19509032201612755 0.9807852804032305 0
    outer loop
      vertex 0.2218945267740877 1.6854562643354778 3
      vertex 0.2218945267740877 1.6854562643354778 6.2
      vertex 0.4399923766742853 1.6420739046914163 3
    endloop
  endfacet
  facet normal 0.32143946530316203 0.9469301294951055 -3.822063785312398e-20
    outer loop
      vertex 0.6505618350206527 1.5705952052691876 3
      vertex 0.4399923766742853 1.6420739046914163 3
      vertex 0.4399923766742853 1.6420739046914163 6.2
    endloop
  endfacet
  facet normal 0.44228869021900175 0.896872741532688 0
    outer loop
      vertex 0.6505618350206527 1.5705952052691876 3
      vertex 0.6505618350206527 1.5705952052691876 6.2
      vertex 0.8500000000000001 1.4722431864335457 3
    endloop
  endfacet
  facet normal 0.5555702330196017 0.8314696123025456 -2.3193692905624386e-18
    outer loop
      vertex 1.0348944293148252 1.3487006784951 3
      vertex 0.8500000000000001 1.4722431864335457 3
      vertex 0.8500000000000001 1.4722431864335457 6.2
    endloop
  endfacet
  facet normal 0.6593458151000681 0.7518398074789782 -5.928257897039972e-20
    outer loop
      vertex 1.202081528017131 1.202081528017131 3
      vertex 1.0348944293148252 1.3487006784951 3
      vertex 1.0348944293148252 1.3487006784951 6.2
    endloop
  endfacet
  facet normal -0.6593458151000681 0.7518398074789782 5.928257897039972e-20
    outer loop
      vertex -1.202081528017131 1.202081528017131 6.2
      vertex -1.0348944293148252 1.3487006784951 6.2
      vertex -1.0348944293148252 1.3487006784951 3
    endloop
  endfacet
  facet normal -0.5555702330196017 0.8314696123025456 2.3193692905624386e-18
    outer loop
      vertex -1.0348944293148252 1.3487006784951 6.2
      vertex -0.8500000000000001 1.4722431864335457 6.2
      vertex -0.8500000000000001 1.4722431864335457 3
    endloop
  endfacet
  facet normal -0.44228869021900175 0.896872741532688 0
    outer loop
      vertex -0.6505618350206527 1.5705952052691876 6.2
      vertex -0.6505618350206527 1.5705952052691876 3
      vertex -0.8500000000000001 1.4722431864335457 6.2
    endloop
  endfacet
  facet normal -0.32143946530316203 0.9469301294951055 3.822063785312398e-20
    outer loop
      vertex -0.6505618350206527 1.5705952052691876 6.2
      vertex -0.4399923766742853 1.6420739046914163 6.2
      vertex -0.4399923766742853 1.6420739046914163 3
    endloop
  endfacet
  facet normal -0.19509032201612755 0.9807852804032305 -1.9348156918670057e-19
    outer loop
      vertex -0.4399923766742853 1.6420739046914163 6.2
      vertex -0.2218945267740877 1.6854562643354778 6.2
      vertex -0.2218945267740877 1.6854562643354778 3
    endloop
  endfacet
  facet normal -0.06540312923014345 0.9978589232386035 1.6372731954918538e-20
    outer loop
      vertex -0.2218945267740877 1.6854562643354778 6.2
      vertex 0 1.7000000000000002 6.2
      vertex 0 1.7000000000000002 3
    endloop
  endfacet
  facet normal 0.06540312923014345 0.9978589232386035 0
    outer loop
      vertex 0.2218945267740877 1.6854562643354778 6.2
      vertex 0.2218945267740877 1.6854562643354778 3
      vertex 0 1.7000000000000002 6.2
    endloop
  endfacet
  facet normal 0.19509032201612755 0.9807852804032305 1.9348156918670057e-19
    outer loop
      vertex 0.2218945267740877 1.6854562643354778 6.2
      vertex 0.4399923766742853 1.6420739046914163 6.2
      vertex 0.4399923766742853 1.6420739046914163 3
    endloop
  endfacet
  facet normal 0.32143946530316203 0.9469301294951055 -3.822063785312398e-20
    outer loop
      vertex 0.4399923766742853 1.6420739046914163 6.2
      vertex 0.6505618350206527 1.5705952052691876 6.2
      vertex 0.6505618350206527 1.5705952052691876 3
    endloop
  endfacet
  facet normal 0.44228869021900175 0.896872741532688 2.3550666337511216e-18
    outer loop
      vertex 0.6505618350206527 1.5705952052691876 6.2
      vertex 0.8500000000000001 1.4722431864335457 6.2
      vertex 0.8500000000000001 1.4722431864335457 3
    endloop
  endfacet
  facet normal 0.5555702330196017 0.8314696123025456 -2.3193692905624386e-18
    outer loop
      vertex 0.8500000000000001 1.4722431864335457 6.2
      vertex 1.0348944293148252 1.3487006784951 6.2
      vertex 1.0348944293148252 1.3487006784951 3
    endloop
  endfacet
  facet normal 0.6593458151000681 0.7518398074789782 -5.928257897039972e-20
    outer loop
      vertex 1.0348944293148252 1.3487006784951 6.2
      vertex 1.202081528017131 1.202081528017131 6.2
      vertex 1.202081528017131 1.202081528017131 3
    endloop
  endfacet
  facet normal 0.7518398074789782 -0.6593458151000681 0
    outer loop
      vertex 1.202081528017131 -1.202081528017131 3
      vertex 1.3487006784951 -1.0348944293148252 3
      vertex 1.202081528017131 -1.202081528017131 6.2
    endloop
  endfacet
  facet normal 0.8314696123025456 -0.5555702330196017 2.3193692905624386e-18
    outer loop
      vertex 1.4722431864335457 -0.8500000000000001 3
      vertex 1.3487006784951 -1.0348944293148252 6.2
      vertex 1.3487006784951 -1.0348944293148252 3
    endloop
  endfacet
  facet normal 0.896872741532688 -0.44228869021900175 -2.3550666337511216e-18
    outer loop
      vertex 1.5705952052691876 -0.6505618350206527 3
      vertex 1.4722431864335457 -0.8500000000000001 6.2
      vertex 1.4722431864335457 -0.8500000000000001 3
    endloop
  endfacet
  facet normal 0.9469301294951055 -0.32143946530316203 0
    outer loop
      vertex 1.5705952052691876 -0.6505618350206527 3
      vertex 1.6420739046914163 -0.4399923766742853 3
      vertex 1.5705952052691876 -0.6505618350206527 6.2
    endloop
  endfacet
  facet normal 0.9807852804032305 -0.19509032201612755 -1.9348156918670057e-19
    outer loop
      vertex 1.6854562643354778 -0.2218945267740877 3
      vertex 1.6420739046914163 -0.4399923766742853 6.2
      vertex 1.6420739046914163 -0.4399923766742853 3
    endloop
  endfacet
  facet normal 0.9978589232386035 -0.06540312923014345 0
    outer loop
      vertex 1.6854562643354778 -0.2218945267740877 3
      vertex 1.7000000000000002 0 3
      vertex 1.6854562643354778 -0.2218945267740877 6.2
    endloop
  endfacet
  facet normal 0.9978589232386035 0.06540312923014345 0
    outer loop
      vertex 1.7000000000000002 0 3
      vertex 1.6854562643354778 0.2218945267740877 3
      vertex 1.7000000000000002 0 6.2
    endloop
  endfacet
  facet normal 0.9807852804032305 0.19509032201612755 1.9348156918670057e-19
    outer loop
      vertex 1.6420739046914163 0.4399923766742853 3
      vertex 1.6854562643354778 0.2218945267740877 6.2
      vertex 1.6854562643354778 0.2218945267740877 3
    endloop
  endfacet
  facet normal 0.9469301294951055 0.32143946530316203 -3.822063785312398e-20
    outer loop
      vertex 1.5705952052691876 0.6505618350206527 3
      vertex 1.6420739046914163 0.4399923766742853 6.2
      vertex 1.6420739046914163 0.4399923766742853 3
    endloop
  endfacet
  facet normal 0.896872741532688 0.44228869021900175 0
    outer loop
      vertex 1.5705952052691876 0.6505618350206527 3
      vertex 1.4722431864335457 0.8500000000000001 3
      vertex 1.5705952052691876 0.6505618350206527 6.2
    endloop
  endfacet
  facet normal 0.7518398074789782 0.6593458151000681 0
    outer loop
      vertex 1.3487006784951 1.0348944293148252 3
      vertex 1.202081528017131 1.202081528017131 3
      vertex 1.3487006784951 1.0348944293148252 6.2
    endloop
  endfacet
  facet normal 0.8314696123025456 0.5555702330196017 -2.3193692905624386e-18
    outer loop
      vertex 1.3487006784951 1.0348944293148252 3
      vertex 1.4722431864335457 0.8500000000000001 6.2
      vertex 1.4722431864335457 0.8500000000000001 3
    endloop
  endfacet
  facet normal 0.7518398074789782 -0.6593458151000681 0
    outer loop
      vertex 1.3487006784951 -1.0348944293148252 3
      vertex 1.3487006784951 -1.0348944293148252 6.2
      vertex 1.202081528017131 -1.202081528017131 6.2
    endloop
  endfacet
  facet normal 0.8314696123025456 -0.5555702330196017 0
    outer loop
      vertex 1.4722431864335457 -0.8500000000000001 6.2
      vertex 1.3487006784951 -1.0348944293148252 6.2
      vertex 1.4722431864335457 -0.8500000000000001 3
    endloop
  endfacet
  facet normal 0.896872741532688 -0.44228869021900175 0
    outer loop
      vertex 1.5705952052691876 -0.6505618350206527 3
      vertex 1.5705952052691876 -0.6505618350206527 6.2
      vertex 1.4722431864335457 -0.8500000000000001 6.2
    endloop
  endfacet
  facet normal 0.9469301294951055 -0.32143946530316203 0
    outer loop
      vertex 1.6420739046914163 -0.4399923766742853 6.2
      vertex 1.5705952052691876 -0.6505618350206527 6.2
      vertex 1.6420739046914163 -0.4399923766742853 3
    endloop
  endfacet
  facet normal 0.9807852804032305 -0.19509032201612755 0
    outer loop
      vertex 1.6854562643354778 -0.2218945267740877 3
      vertex 1.6854562643354778 -0.2218945267740877 6.2
      vertex 1.6420739046914163 -0.4399923766742853 6.2
    endloop
  endfacet
  facet normal 0.9978589232386035 -0.06540312923014345 0
    outer loop
      vertex 1.7000000000000002 0 3
      vertex 1.7000000000000002 0 6.2
      vertex 1.6854562643354778 -0.2218945267740877 6.2
    endloop
  endfacet
  facet normal 0.9978589232386035 0.06540312923014345 0
    outer loop
      vertex 1.6854562643354778 0.2218945267740877 3
      vertex 1.6854562643354778 0.2218945267740877 6.2
      vertex 1.7000000000000002 0 6.2
    endloop
  endfacet
  facet normal 0.9807852804032305 0.19509032201612755 0
    outer loop
      vertex 1.6420739046914163 0.4399923766742853 3
      vertex 1.6420739046914163 0.4399923766742853 6.2
      vertex 1.6854562643354778 0.2218945267740877 6.2
    endloop
  endfacet
  facet normal 0.9469301294951055 0.32143946530316203 0
    outer loop
      vertex 1.5705952052691876 0.6505618350206527 6.2
      vertex 1.6420739046914163 0.4399923766742853 6.2
      vertex 1.5705952052691876 0.6505618350206527 3
    endloop
  endfacet
  facet normal 0.896872741532688 0.44228869021900175 0
    outer loop
      vertex 1.4722431864335457 0.8500000000000001 6.2
      vertex 1.5705952052691876 0.6505618350206527 6.2
      vertex 1.4722431864335457 0.8500000000000001 3
    endloop
  endfacet
  facet normal 0.8314696123025456 0.5555702330196017 0
    outer loop
      vertex 1.3487006784951 1.0348944293148252 6.2
      vertex 1.4722431864335457 0.8500000000000001 6.2
      vertex 1.3487006784951 1.0348944293148252 3
    endloop
  endfacet
  facet normal 0.7518398074789782 0.6593458151000681 0
    outer loop
      vertex 1.202081528017131 1.202081528017131 6.2
      vertex 1.3487006784951 1.0348944293148252 6.2
      vertex 1.202081528017131 1.202081528017131 3
    endloop
  endfacet
  facet normal -0.6593458151000642 -0.7518398074789816 -5.477244744419314e-19
    outer loop
      vertex -1.202081528017131 12.797918471982868 3
      vertex -1.0348944293148252 12.6512993215049 3
      vertex -1.0348944293148252 12.6512993215049 6.2
    endloop
  endfacet
  facet normal -0.555570233019601 -0.831469612302546 1.743237128875968e-18
    outer loop
      vertex -1.0348944293148252 12.6512993215049 3
      vertex -0.8500000000000001 12.527756813566455 3
      vertex -0.8500000000000001 12.527756813566455 6.2
    endloop
  endfacet
  facet normal -0.4422886902190042 -0.8968727415326869 0
    outer loop
      vertex -0.6505618350206527 12.429404794730813 3
      vertex -0.6505618350206527 12.429404794730813 6.2
      vertex -0.8500000000000001 12.527756813566455 3
    endloop
  endfacet
  facet normal -0.3214394653031647 -0.9469301294951046 3.0631252451047004e-19
    outer loop
      vertex -0.6505618350206527 12.429404794730813 3
      vertex -0.4399923766742853 12.357926095308583 3
      vertex -0.4399923766742853 12.357926095308583 6.2
    endloop
  endfacet
  facet normal -0.19509032201612755 -0.9807852804032305 0
    outer loop
      vertex -0.2218945267740877 12.314543735664522 3
      vertex -0.2218945267740877 12.314543735664522 6.2
      vertex -0.4399923766742853 12.357926095308583 3
    endloop
  endfacet
  facet normal -0.06540312923013748 -0.9978589232386039 -2.235963831142412e-19
    outer loop
      vertex -0.2218945267740877 12.314543735664522 3
      vertex 0 12.3 3
      vertex 0 12.3 6.2
    endloop
  endfacet
  facet normal 0.06540312923013748 -0.9978589232386039 0
    outer loop
      vertex 0.2218945267740877 12.314543735664522 3
      vertex 0.2218945267740877 12.314543735664522 6.2
      vertex 0 12.3 3
    endloop
  endfacet
  facet normal 0.19509032201612755 -0.9807852804032305 -1.9348156918670057e-19
    outer loop
      vertex 0.2218945267740877 12.314543735664522 3
      vertex 0.4399923766742853 12.357926095308583 3
      vertex 0.4399923766742853 12.357926095308583 6.2
    endloop
  endfacet
  facet normal 0.3214394653031647 -0.9469301294951046 -3.0631252451047004e-19
    outer loop
      vertex 0.4399923766742853 12.357926095308583 3
      vertex 0.6505618350206527 12.429404794730813 3
      vertex 0.6505618350206527 12.429404794730813 6.2
    endloop
  endfacet
  facet normal 0.4422886902190042 -0.8968727415326869 -9.307533256655793e-19
    outer loop
      vertex 0.6505618350206527 12.429404794730813 3
      vertex 0.8500000000000001 12.527756813566455 3
      vertex 0.8500000000000001 12.527756813566455 6.2
    endloop
  endfacet
  facet normal 0.555570233019601 -0.831469612302546 -1.743237128875968e-18
    outer loop
      vertex 0.8500000000000001 12.527756813566455 3
      vertex 1.0348944293148252 12.6512993215049 3
      vertex 1.0348944293148252 12.6512993215049 6.2
    endloop
  endfacet
  facet normal 0.6593458151000642 -0.7518398074789816 0
    outer loop
      vertex 1.202081528017131 12.797918471982868 3
      vertex 1.202081528017131 12.797918471982868 6.2
      vertex 1.0348944293148252 12.6512993215049 3
    endloop
  endfacet
  facet normal -0.6593458151000642 -0.7518398074789816 -5.477244744419314e-19
    outer loop
      vertex -1.0348944293148252 12.6512993215049 6.2
      vertex -1.202081528017131 12.797918471982868 6.2
      vertex -1.202081528017131 12.797918471982868 3
    endloop
  endfacet
  facet normal -0.555570233019601 -0.831469612302546 1.743237128875968e-18
    outer loop
      vertex -0.8500000000000001 12.527756813566455 6.2
      vertex -1.0348944293148252 12.6512993215049 6.2
      vertex -1.0348944293148252 12.6512993215049 3
    endloop
  endfacet
  facet normal -0.4422886902190042 -0.8968727415326869 9.307533256655793e-19
    outer loop
      vertex -0.6505618350206527 12.429404794730813 6.2
      vertex -0.8500000000000001 12.527756813566455 6.2
      vertex -0.8500000000000001 12.527756813566455 3
    endloop
  endfacet
  facet normal -0.3214394653031647 -0.9469301294951046 3.0631252451047004e-19
    outer loop
      vertex -0.4399923766742853 12.357926095308583 6.2
      vertex -0.6505618350206527 12.429404794730813 6.2
      vertex -0.6505618350206527 12.429404794730813 3
    endloop
  endfacet
  facet normal -0.19509032201612755 -0.9807852804032305 1.9348156918670057e-19
    outer loop
      vertex -0.2218945267740877 12.314543735664522 6.2
      vertex -0.4399923766742853 12.357926095308583 6.2
      vertex -0.4399923766742853 12.357926095308583 3
    endloop
  endfacet
  facet normal -0.06540312923013748 -0.9978589232386039 0
    outer loop
      vertex -0.2218945267740877 12.314543735664522 6.2
      vertex -0.2218945267740877 12.314543735664522 3
      vertex 0 12.3 6.2
    endloop
  endfacet
  facet normal 0.06540312923013748 -0.9978589232386039 2.235963831142412e-19
    outer loop
      vertex 0.2218945267740877 12.314543735664522 6.2
      vertex 0 12.3 6.2
      vertex 0 12.3 3
    endloop
  endfacet
  facet normal 0.19509032201612755 -0.9807852804032305 -1.9348156918670057e-19
    outer loop
      vertex 0.4399923766742853 12.357926095308583 6.2
      vertex 0.2218945267740877 12.314543735664522 6.2
      vertex 0.2218945267740877 12.314543735664522 3
    endloop
  endfacet
  facet normal 0.3214394653031647 -0.9469301294951046 -3.0631252451047004e-19
    outer loop
      vertex 0.6505618350206527 12.429404794730813 6.2
      vertex 0.4399923766742853 12.357926095308583 6.2
      vertex 0.4399923766742853 12.357926095308583 3
    endloop
  endfacet
  facet normal 0.4422886902190042 -0.8968727415326869 0
    outer loop
      vertex 0.6505618350206527 12.429404794730813 6.2
      vertex 0.6505618350206527 12.429404794730813 3
      vertex 0.8500000000000001 12.527756813566455 6.2
    endloop
  endfacet
  facet normal 0.555570233019601 -0.831469612302546 -1.743237128875968e-18
    outer loop
      vertex 1.0348944293148252 12.6512993215049 6.2
      vertex 0.8500000000000001 12.527756813566455 6.2
      vertex 0.8500000000000001 12.527756813566455 3
    endloop
  endfacet
  facet normal 0.6593458151000642 -0.7518398074789816 5.477244744419314e-19
    outer loop
      vertex 1.202081528017131 12.797918471982868 6.2
      vertex 1.0348944293148252 12.6512993215049 6.2
      vertex 1.0348944293148252 12.6512993215049 3
    endloop
  endfacet
  facet normal -0.9807852804032305 -0.19509032201612841 9.104985784268044e-19
    outer loop
      vertex -1.6420739046914163 13.560007623325715 3
      vertex -1.6854562643354778 13.778105473225912 6.2
      vertex -1.6854562643354778 13.778105473225912 3
    endloop
  endfacet
  facet normal -0.9978589232386035 -0.0654031292301433 9.114493205554427e-20
    outer loop
      vertex -1.6854562643354778 13.778105473225912 3
      vertex -1.7000000000000002 14 6.2
      vertex -1.7000000000000002 14 3
    endloop
  endfacet
  facet normal -0.9978589232386035 0.0654031292301433 -9.114493205554427e-20
    outer loop
      vertex -1.7000000000000002 14 3
      vertex -1.6854562643354778 14.221894526774088 6.2
      vertex -1.6854562643354778 14.221894526774088 3
    endloop
  endfacet
  facet normal -0.9807852804032305 0.19509032201612841 -9.104985784268044e-19
    outer loop
      vertex -1.6854562643354778 14.221894526774088 3
      vertex -1.6420739046914163 14.439992376674285 6.2
      vertex -1.6420739046914163 14.439992376674285 3
    endloop
  endfacet
  facet normal -0.9807852804032305 -0.19509032201612841 0
    outer loop
      vertex -1.6420739046914163 13.560007623325715 3
      vertex -1.6420739046914163 13.560007623325715 6.2
      vertex -1.6854562643354778 13.778105473225912 6.2
    endloop
  endfacet
  facet normal -0.9978589232386035 -0.0654031292301433 0
    outer loop
      vertex -1.6854562643354778 13.778105473225912 3
      vertex -1.6854562643354778 13.778105473225912 6.2
      vertex -1.7000000000000002 14 6.2
    endloop
  endfacet
  facet normal -0.9978589232386035 0.0654031292301433 0
    outer loop
      vertex -1.7000000000000002 14 3
      vertex -1.7000000000000002 14 6.2
      vertex -1.6854562643354778 14.221894526774088 6.2
    endloop
  endfacet
  facet normal -0.9807852804032305 0.19509032201612841 0
    outer loop
      vertex -1.6854562643354778 14.221894526774088 3
      vertex -1.6854562643354778 14.221894526774088 6.2
      vertex -1.6420739046914163 14.439992376674285 6.2
    endloop
  endfacet
  facet normal -0.7518398074789803 -0.6593458151000656 0
    outer loop
      vertex -1.3487006784951 12.965105570685175 3
      vertex -1.202081528017131 12.797918471982868 3
      vertex -1.3487006784951 12.965105570685175 6.2
    endloop
  endfacet
  facet normal -0.8314696123025459 -0.5555702330196013 0
    outer loop
      vertex -1.4722431864335457 13.15 6.2
      vertex -1.4722431864335457 13.15 3
      vertex -1.3487006784951 12.965105570685175 3
    endloop
  endfacet
  facet normal -0.8968727415326871 -0.4422886902190036 0
    outer loop
      vertex -1.5705952052691876 13.349438164979347 3
      vertex -1.4722431864335457 13.15 3
      vertex -1.5705952052691876 13.349438164979347 6.2
    endloop
  endfacet
  facet normal -0.946930129495106 -0.32143946530316064 -1.1573031617798676e-18
    outer loop
      vertex -1.5705952052691876 13.349438164979347 3
      vertex -1.6420739046914163 13.560007623325715 6.2
      vertex -1.6420739046914163 13.560007623325715 3
    endloop
  endfacet
  facet normal -0.946930129495106 0.32143946530316064 0
    outer loop
      vertex -1.5705952052691876 14.650561835020653 3
      vertex -1.6420739046914163 14.439992376674285 3
      vertex -1.5705952052691876 14.650561835020653 6.2
    endloop
  endfacet
  facet normal -0.8968727415326871 0.4422886902190036 9.341397426326835e-19
    outer loop
      vertex -1.5705952052691876 14.650561835020653 3
      vertex -1.4722431864335457 14.85 6.2
      vertex -1.4722431864335457 14.85 3
    endloop
  endfacet
  facet normal -0.8314696123025459 0.5555702330196013 1.864570814963495e-18
    outer loop
      vertex -1.4722431864335457 14.85 3
      vertex -1.3487006784951 15.034894429314825 6.2
      vertex -1.3487006784951 15.034894429314825 3
    endloop
  endfacet
  facet normal -0.7518398074789803 0.6593458151000656 0
    outer loop
      vertex -1.202081528017131 15.202081528017132 3
      vertex -1.3487006784951 15.034894429314825 3
      vertex -1.202081528017131 15.202081528017132 6.2
    endloop
  endfacet
  facet normal -0.6593458151000642 0.7518398074789816 0
    outer loop
      vertex -1.202081528017131 15.202081528017132 3
      vertex -1.202081528017131 15.202081528017132 6.2
      vertex -1.0348944293148252 15.3487006784951 3
    endloop
  endfacet
  facet normal -0.555570233019601 0.831469612302546 -1.743237128875968e-18
    outer loop
      vertex -0.8500000000000001 15.472243186433545 3
      vertex -1.0348944293148252 15.3487006784951 3
      vertex -1.0348944293148252 15.3487006784951 6.2
    endloop
  endfacet
  facet normal -0.4422886902190042 0.8968727415326869 -9.307533256655793e-19
    outer loop
      vertex -0.6505618350206527 15.570595205269187 3
      vertex -0.8500000000000001 15.472243186433545 3
      vertex -0.8500000000000001 15.472243186433545 6.2
    endloop
  endfacet
  facet normal -0.3214394653031647 0.9469301294951046 -3.0631252451047004e-19
    outer loop
      vertex -0.4399923766742853 15.642073904691417 3
      vertex -0.6505618350206527 15.570595205269187 3
      vertex -0.6505618350206527 15.570595205269187 6.2
    endloop
  endfacet
  facet normal 0.3214394653031647 0.9469301294951046 3.0631252451047004e-19
    outer loop
      vertex 0.6505618350206527 15.570595205269187 3
      vertex 0.4399923766742853 15.642073904691417 3
      vertex 0.4399923766742853 15.642073904691417 6.2
    endloop
  endfacet
  facet normal 0.4422886902190042 0.8968727415326869 0
    outer loop
      vertex 0.6505618350206527 15.570595205269187 3
      vertex 0.6505618350206527 15.570595205269187 6.2
      vertex 0.8500000000000001 15.472243186433545 3
    endloop
  endfacet
  facet normal 0.555570233019601 0.831469612302546 1.743237128875968e-18
    outer loop
      vertex 1.0348944293148252 15.3487006784951 3
      vertex 0.8500000000000001 15.472243186433545 3
      vertex 0.8500000000000001 15.472243186433545 6.2
    endloop
  endfacet
  facet normal 0.6593458151000642 0.7518398074789816 -5.477244744419314e-19
    outer loop
      vertex 1.202081528017131 15.202081528017132 3
      vertex 1.0348944293148252 15.3487006784951 3
      vertex 1.0348944293148252 15.3487006784951 6.2
    endloop
  endfacet
  facet normal -0.8314696123025459 -0.5555702330196013 0
    outer loop
      vertex -1.3487006784951 12.965105570685175 6.2
      vertex -1.4722431864335457 13.15 6.2
      vertex -1.3487006784951 12.965105570685175 3
    endloop
  endfacet
  facet normal -0.8968727415326871 -0.4422886902190036 0
    outer loop
      vertex -1.4722431864335457 13.15 6.2
      vertex -1.5705952052691876 13.349438164979347 6.2
      vertex -1.4722431864335457 13.15 3
    endloop
  endfacet
  facet normal -0.946930129495106 -0.32143946530316064 0
    outer loop
      vertex -1.5705952052691876 13.349438164979347 6.2
      vertex -1.6420739046914163 13.560007623325715 6.2
      vertex -1.5705952052691876 13.349438164979347 3
    endloop
  endfacet
  facet normal -0.7518398074789803 -0.6593458151000656 0
    outer loop
      vertex -1.202081528017131 12.797918471982868 6.2
      vertex -1.3487006784951 12.965105570685175 6.2
      vertex -1.202081528017131 12.797918471982868 3
    endloop
  endfacet
  facet normal -0.946930129495106 0.32143946530316064 0
    outer loop
      vertex -1.6420739046914163 14.439992376674285 6.2
      vertex -1.5705952052691876 14.650561835020653 6.2
      vertex -1.6420739046914163 14.439992376674285 3
    endloop
  endfacet
  facet normal -0.8968727415326871 0.4422886902190036 0
    outer loop
      vertex -1.5705952052691876 14.650561835020653 3
      vertex -1.5705952052691876 14.650561835020653 6.2
      vertex -1.4722431864335457 14.85 6.2
    endloop
  endfacet
  facet normal -0.8314696123025459 0.5555702330196013 0
    outer loop
      vertex -1.4722431864335457 14.85 6.2
      vertex -1.3487006784951 15.034894429314825 6.2
      vertex -1.4722431864335457 14.85 3
    endloop
  endfacet
  facet normal -0.7518398074789803 0.6593458151000656 0
    outer loop
      vertex -1.3487006784951 15.034894429314825 3
      vertex -1.3487006784951 15.034894429314825 6.2
      vertex -1.202081528017131 15.202081528017132 6.2
    endloop
  endfacet
  facet normal -0.6593458151000642 0.7518398074789816 5.477244744419314e-19
    outer loop
      vertex -1.202081528017131 15.202081528017132 6.2
      vertex -1.0348944293148252 15.3487006784951 6.2
      vertex -1.0348944293148252 15.3487006784951 3
    endloop
  endfacet
  facet normal -0.555570233019601 0.831469612302546 -1.743237128875968e-18
    outer loop
      vertex -1.0348944293148252 15.3487006784951 6.2
      vertex -0.8500000000000001 15.472243186433545 6.2
      vertex -0.8500000000000001 15.472243186433545 3
    endloop
  endfacet
  facet normal -0.4422886902190042 0.8968727415326869 0
    outer loop
      vertex -0.6505618350206527 15.570595205269187 6.2
      vertex -0.6505618350206527 15.570595205269187 3
      vertex -0.8500000000000001 15.472243186433545 6.2
    endloop
  endfacet
  facet normal -0.3214394653031647 0.9469301294951046 -3.0631252451047004e-19
    outer loop
      vertex -0.6505618350206527 15.570595205269187 6.2
      vertex -0.4399923766742853 15.642073904691417 6.2
      vertex -0.4399923766742853 15.642073904691417 3
    endloop
  endfacet
  facet normal 0.3214394653031647 0.9469301294951046 3.0631252451047004e-19
    outer loop
      vertex 0.4399923766742853 15.642073904691417 6.2
      vertex 0.6505618350206527 15.570595205269187 6.2
      vertex 0.6505618350206527 15.570595205269187 3
    endloop
  endfacet
  facet normal 0.4422886902190042 0.8968727415326869 9.307533256655793e-19
    outer loop
      vertex 0.6505618350206527 15.570595205269187 6.2
      vertex 0.8500000000000001 15.472243186433545 6.2
      vertex 0.8500000000000001 15.472243186433545 3
    endloop
  endfacet
  facet normal 0.6593458151000642 0.7518398074789816 -5.477244744419314e-19
    outer loop
      vertex 1.0348944293148252 15.3487006784951 6.2
      vertex 1.202081528017131 15.202081528017132 6.2
      vertex 1.202081528017131 15.202081528017132 3
    endloop
  endfacet
  facet normal 0.555570233019601 0.831469612302546 1.743237128875968e-18
    outer loop
      vertex 0.8500000000000001 15.472243186433545 6.2
      vertex 1.0348944293148252 15.3487006784951 6.2
      vertex 1.0348944293148252 15.3487006784951 3
    endloop
  endfacet
  facet normal -0.19509032201612755 0.9807852804032305 -1.9348156918670057e-19
    outer loop
      vertex -0.2218945267740877 15.685456264335478 3
      vertex -0.4399923766742853 15.642073904691417 3
      vertex -0.4399923766742853 15.642073904691417 6.2
    endloop
  endfacet
  facet normal -0.06540312923013748 0.9978589232386039 2.235963831142412e-19
    outer loop
      vertex 0 15.7 3
      vertex -0.2218945267740877 15.685456264335478 3
      vertex -0.2218945267740877 15.685456264335478 6.2
    endloop
  endfacet
  facet normal 0.06540312923013748 0.9978589232386039 -2.235963831142412e-19
    outer loop
      vertex 0.2218945267740877 15.685456264335478 3
      vertex 0 15.7 3
      vertex 0 15.7 6.2
    endloop
  endfacet
  facet normal 0.19509032201612755 0.9807852804032305 0
    outer loop
      vertex 0.2218945267740877 15.685456264335478 3
      vertex 0.2218945267740877 15.685456264335478 6.2
      vertex 0.4399923766742853 15.642073904691417 3
    endloop
  endfacet
  facet normal -0.19509032201612755 0.9807852804032305 -1.9348156918670057e-19
    outer loop
      vertex -0.4399923766742853 15.642073904691417 6.2
      vertex -0.2218945267740877 15.685456264335478 6.2
      vertex -0.2218945267740877 15.685456264335478 3
    endloop
  endfacet
  facet normal -0.06540312923013748 0.9978589232386039 2.235963831142412e-19
    outer loop
      vertex -0.2218945267740877 15.685456264335478 6.2
      vertex 0 15.7 6.2
      vertex 0 15.7 3
    endloop
  endfacet
  facet normal 0.06540312923013748 0.9978589232386039 0
    outer loop
      vertex 0.2218945267740877 15.685456264335478 6.2
      vertex 0.2218945267740877 15.685456264335478 3
      vertex 0 15.7 6.2
    endloop
  endfacet
  facet normal 0.19509032201612755 0.9807852804032305 1.9348156918670057e-19
    outer loop
      vertex 0.2218945267740877 15.685456264335478 6.2
      vertex 0.4399923766742853 15.642073904691417 6.2
      vertex 0.4399923766742853 15.642073904691417 3
    endloop
  endfacet
  facet normal 0.7518398074789803 -0.6593458151000656 0
    outer loop
      vertex 1.202081528017131 12.797918471982868 3
      vertex 1.3487006784951 12.965105570685175 3
      vertex 1.202081528017131 12.797918471982868 6.2
    endloop
  endfacet
  facet normal 0.8314696123025459 -0.5555702330196013 1.864570814963495e-18
    outer loop
      vertex 1.4722431864335457 13.15 3
      vertex 1.3487006784951 12.965105570685175 6.2
      vertex 1.3487006784951 12.965105570685175 3
    endloop
  endfacet
  facet normal 0.8968727415326871 -0.4422886902190036 9.341397426326835e-19
    outer loop
      vertex 1.5705952052691876 13.349438164979347 3
      vertex 1.4722431864335457 13.15 6.2
      vertex 1.4722431864335457 13.15 3
    endloop
  endfacet
  facet normal 0.946930129495106 -0.32143946530316064 0
    outer loop
      vertex 1.5705952052691876 13.349438164979347 3
      vertex 1.6420739046914163 13.560007623325715 3
      vertex 1.5705952052691876 13.349438164979347 6.2
    endloop
  endfacet
  facet normal 0.9807852804032305 -0.19509032201612841 -9.104985784268044e-19
    outer loop
      vertex 1.6854562643354778 13.778105473225912 3
      vertex 1.6420739046914163 13.560007623325715 6.2
      vertex 1.6420739046914163 13.560007623325715 3
    endloop
  endfacet
  facet normal 0.9978589232386035 -0.0654031292301433 0
    outer loop
      vertex 1.6854562643354778 13.778105473225912 3
      vertex 1.7000000000000002 14 3
      vertex 1.6854562643354778 13.778105473225912 6.2
    endloop
  endfacet
  facet normal 0.9978589232386035 0.0654031292301433 0
    outer loop
      vertex 1.7000000000000002 14 3
      vertex 1.6854562643354778 14.221894526774088 3
      vertex 1.7000000000000002 14 6.2
    endloop
  endfacet
  facet normal 0.8968727415326871 0.4422886902190036 0
    outer loop
      vertex 1.5705952052691876 14.650561835020653 3
      vertex 1.4722431864335457 14.85 3
      vertex 1.5705952052691876 14.650561835020653 6.2
    endloop
  endfacet
  facet normal 0.9807852804032305 0.19509032201612841 9.104985784268044e-19
    outer loop
      vertex 1.6420739046914163 14.439992376674285 3
      vertex 1.6854562643354778 14.221894526774088 6.2
      vertex 1.6854562643354778 14.221894526774088 3
    endloop
  endfacet
  facet normal 0.946930129495106 0.32143946530316064 -1.1573031617798676e-18
    outer loop
      vertex 1.5705952052691876 14.650561835020653 3
      vertex 1.6420739046914163 14.439992376674285 6.2
      vertex 1.6420739046914163 14.439992376674285 3
    endloop
  endfacet
  facet normal 0.7518398074789803 0.6593458151000656 0
    outer loop
      vertex 1.3487006784951 15.034894429314825 3
      vertex 1.202081528017131 15.202081528017132 3
      vertex 1.3487006784951 15.034894429314825 6.2
    endloop
  endfacet
  facet normal 0.8314696123025459 0.5555702330196013 -1.864570814963495e-18
    outer loop
      vertex 1.3487006784951 15.034894429314825 3
      vertex 1.4722431864335457 14.85 6.2
      vertex 1.4722431864335457 14.85 3
    endloop
  endfacet
  facet normal 0.7518398074789803 -0.6593458151000656 0
    outer loop
      vertex 1.3487006784951 12.965105570685175 3
      vertex 1.3487006784951 12.965105570685175 6.2
      vertex 1.202081528017131 12.797918471982868 6.2
    endloop
  endfacet
  facet normal 0.8314696123025459 -0.5555702330196013 0
    outer loop
      vertex 1.4722431864335457 13.15 6.2
      vertex 1.3487006784951 12.965105570685175 6.2
      vertex 1.4722431864335457 13.15 3
    endloop
  endfacet
  facet normal 0.8968727415326871 -0.4422886902190036 0
    outer loop
      vertex 1.5705952052691876 13.349438164979347 3
      vertex 1.5705952052691876 13.349438164979347 6.2
      vertex 1.4722431864335457 13.15 6.2
    endloop
  endfacet
  facet normal 0.946930129495106 -0.32143946530316064 0
    outer loop
      vertex 1.6420739046914163 13.560007623325715 6.2
      vertex 1.5705952052691876 13.349438164979347 6.2
      vertex 1.6420739046914163 13.560007623325715 3
    endloop
  endfacet
  facet normal 0.9807852804032305 -0.19509032201612841 0
    outer loop
      vertex 1.6854562643354778 13.778105473225912 3
      vertex 1.6854562643354778 13.778105473225912 6.2
      vertex 1.6420739046914163 13.560007623325715 6.2
    endloop
  endfacet
  facet normal 0.9978589232386035 -0.0654031292301433 0
    outer loop
      vertex 1.7000000000000002 14 3
      vertex 1.7000000000000002 14 6.2
      vertex 1.6854562643354778 13.778105473225912 6.2
    endloop
  endfacet
  facet normal 0.9978589232386035 0.0654031292301433 0
    outer loop
      vertex 1.6854562643354778 14.221894526774088 3
      vertex 1.6854562643354778 14.221894526774088 6.2
      vertex 1.7000000000000002 14 6.2
    endloop
  endfacet
  facet normal 0.946930129495106 0.32143946530316064 0
    outer loop
      vertex 1.5705952052691876 14.650561835020653 6.2
      vertex 1.6420739046914163 14.439992376674285 6.2
      vertex 1.5705952052691876 14.650561835020653 3
    endloop
  endfacet
  facet normal 0.8968727415326871 0.4422886902190036 0
    outer loop
      vertex 1.4722431864335457 14.85 6.2
      vertex 1.5705952052691876 14.650561835020653 6.2
      vertex 1.4722431864335457 14.85 3
    endloop
  endfacet
  facet normal 0.9807852804032305 0.19509032201612841 0
    outer loop
      vertex 1.6420739046914163 14.439992376674285 3
      vertex 1.6420739046914163 14.439992376674285 6.2
      vertex 1.6854562643354778 14.221894526774088 6.2
    endloop
  endfacet
  facet normal 0.8314696123025459 0.5555702330196013 0
    outer loop
      vertex 1.3487006784951 15.034894429314825 6.2
      vertex 1.4722431864335457 14.85 6.2
      vertex 1.3487006784951 15.034894429314825 3
    endloop
  endfacet
  facet normal 0.7518398074789803 0.6593458151000656 0
    outer loop
      vertex 1.202081528017131 15.202081528017132 6.2
      vertex 1.3487006784951 15.034894429314825 6.2
      vertex 1.202081528017131 15.202081528017132 3
    endloop
  endfacet
  facet normal 0 0 -1
    outer loop
      vertex 12.599848713279943 12.17528731733016 6.2
      vertex 12.37365440327094 12.37365440327094 6.2
      vertex 12.6512993215049 12.965105570685175 6.2
    endloop
  endfacet
  facet normal 0 0 -1
    outer loop
      vertex 12.599848713279943 12.17528731733016 6.2
      vertex 12.6512993215049 12.965105570685175 6.2
      vertex 12.797918471982868 12.797918471982868 6.2
    endloop
  endfacet
  facet normal -0.532200461963579 -0.4667272787359269 0.7063485793639775
    outer loop
      vertex 12.17528731733016 12.599848713279943 6.2
      vertex 12.37365440327094 12.37365440327094 6.2
      vertex 12.968640657621394 13.208610142288663 7.2
    endloop
  endfacet
  facet normal -0.46672727873592673 -0.5322004619635788 0.706348579363978
    outer loop
      vertex 12.599848713279943 12.17528731733016 6.2
      vertex 13.080761184457488 13.080761184457488 7.2
      vertex 12.37365440327094 12.37365440327094 6.2
    endloop
  endfacet
  facet normal 0 0 -1
    outer loop
      vertex 11.875077075224041 13.119828105560293 6.2
      vertex 11.778370599535144 13.404716196264202 6.2
      vertex 11.875077075224041 14.880171894439707 6.2
    endloop
  endfacet
  facet normal 0 0 -1
    outer loop
      vertex 12.008141571295791 12.85 6.2
      vertex 11.875077075224041 13.119828105560293 6.2
      vertex 12.008141571295791 15.15 6.2
    endloop
  endfacet
  facet normal 0 0 -1
    outer loop
      vertex 11.719676818840236 13.699789757893882 6.2
      vertex 11.778370599535144 14.595283803735798 6.2
      vertex 11.778370599535144 13.404716196264202 6.2
    endloop
  endfacet
  facet normal 0 0 -1
    outer loop
      vertex 11.719676818840236 13.699789757893882 6.2
      vertex 11.7 14 6.2
      vertex 11.719676818840236 14.300210242106118 6.2
    endloop
  endfacet
  facet normal 0 0 -1
    outer loop
      vertex 12.17528731733016 12.599848713279943 6.2
      vertex 12.429404794730813 13.349438164979347 6.2
      vertex 12.37365440327094 12.37365440327094 6.2
    endloop
  endfacet
  facet normal 0 0 -1
    outer loop
      vertex 12.17528731733016 12.599848713279943 6.2
      vertex 12.357926095308583 13.560007623325715 6.2
      vertex 12.429404794730813 13.349438164979347 6.2
    endloop
  endfacet
  facet normal 0 0 -1
    outer loop
      vertex 12.17528731733016 12.599848713279943 6.2
      vertex 12.314543735664522 13.778105473225912 6.2
      vertex 12.357926095308583 13.560007623325715 6.2
    endloop
  endfacet
  facet normal 0 0 -1
    outer loop
      vertex 12.17528731733016 12.599848713279943 6.2
      vertex 12.3 14 6.2
      vertex 12.314543735664522 13.778105473225912 6.2
    endloop
  endfacet
  facet normal 0 0 -1
    outer loop
      vertex 12.37365440327094 12.37365440327094 6.2
      vertex 12.527756813566455 13.15 6.2
      vertex 12.6512993215049 12.965105570685175 6.2
    endloop
  endfacet
  facet normal 0 0 -1
    outer loop
      vertex 12.37365440327094 12.37365440327094 6.2
      vertex 12.429404794730813 13.349438164979347 6.2
      vertex 12.527756813566455 13.15 6.2
    endloop
  endfacet
  facet normal 0 0 -1
    outer loop
      vertex 12.008141571295791 12.85 6.2
      vertex 12.17528731733016 15.400151286720057 6.2
      vertex 12.17528731733016 12.599848713279943 6.2
    endloop
  endfacet
  facet normal 0 0 -1
    outer loop
      vertex 12.17528731733016 12.599848713279943 6.2
      vertex 12.37365440327094 15.62634559672906 6.2
      vertex 12.3 14 6.2
    endloop
  endfacet
  facet normal 0 0 -1
    outer loop
      vertex 11.719676818840236 13.699789757893882 6.2
      vertex 11.719676818840236 14.300210242106118 6.2
      vertex 11.778370599535144 14.595283803735798 6.2
    endloop
  endfacet
  facet normal 0 0 -1
    outer loop
      vertex 11.778370599535144 13.404716196264202 6.2
      vertex 11.778370599535144 14.595283803735798 6.2
      vertex 11.875077075224041 14.880171894439707 6.2
    endloop
  endfacet
  facet normal 0 0 -1
    outer loop
      vertex 11.875077075224041 13.119828105560293 6.2
      vertex 11.875077075224041 14.880171894439707 6.2
      vertex 12.008141571295791 15.15 6.2
    endloop
  endfacet
  facet normal 0 0 -1
    outer loop
      vertex 12.008141571295791 12.85 6.2
      vertex 12.008141571295791 15.15 6.2
      vertex 12.17528731733016 15.400151286720057 6.2
    endloop
  endfacet
  facet normal 0 0 -1
    outer loop
      vertex 12.17528731733016 12.599848713279943 6.2
      vertex 12.17528731733016 15.400151286720057 6.2
      vertex 12.37365440327094 15.62634559672906 6.2
    endloop
  endfacet
  facet normal 0 0 -1
    outer loop
      vertex 12.37365440327094 15.62634559672906 6.2
      vertex 12.314543735664522 14.221894526774088 6.2
      vertex 12.3 14 6.2
    endloop
  endfacet
  facet normal 0 0 -1
    outer loop
      vertex 12.37365440327094 15.62634559672906 6.2
      vertex 12.357926095308583 14.439992376674285 6.2
      vertex 12.314543735664522 14.221894526774088 6.2
    endloop
  endfacet
  facet normal 0 0 -1
    outer loop
      vertex 12.37365440327094 15.62634559672906 6.2
      vertex 12.429404794730813 14.650561835020653 6.2
      vertex 12.357926095308583 14.439992376674285 6.2
    endloop
  endfacet
  facet normal 0 0 -1
    outer loop
      vertex 12.37365440327094 15.62634559672906 6.2
      vertex 12.527756813566455 14.85 6.2
      vertex 12.429404794730813 14.650561835020653 6.2
    endloop
  endfacet
  facet normal 0 0 -1
    outer loop
      vertex 12.599848713279943 15.82471268266984 6.2
      vertex 12.6512993215049 15.034894429314825 6.2
      vertex 12.527756813566455 14.85 6.2
    endloop
  endfacet
  facet normal 0 0 -1
    outer loop
      vertex 12.37365440327094 15.62634559672906 6.2
      vertex 12.599848713279943 15.82471268266984 6.2
      vertex 12.527756813566455 14.85 6.2
    endloop
  endfacet
  facet normal 0 0 -1
    outer loop
      vertex 12.599848713279943 15.82471268266984 6.2
      vertex 12.797918471982868 15.202081528017132 6.2
      vertex 12.6512993215049 15.034894429314825 6.2
    endloop
  endfacet
  facet normal -0.5885675477331829 -0.39326826236786216 0.706348579363978
    outer loop
      vertex 12.008141571295791 12.85 6.2
      vertex 12.17528731733016 12.599848713279943 6.2
      vertex 12.87416697508023 13.35 7.2
    endloop
  endfacet
  facet normal -0.6702979110062839 -0.2275354805983066 0.7063485793639779
    outer loop
      vertex 11.875077075224041 13.119828105560293 6.2
      vertex 12.744296425824212 13.663535241366723 7.2
      vertex 11.778370599535144 13.404716196264202 6.2
    endloop
  endfacet
  facet normal -0.6348640795793238 -0.313080316996116 0.7063485793639775
    outer loop
      vertex 12.008141571295791 12.85 6.2
      vertex 12.798956607735327 13.502511537925383 7.2
      vertex 11.875077075224041 13.119828105560293 6.2
    endloop
  endfacet
  facet normal -0.6942627593342356 -0.1380974490427081 0.706348579363978
    outer loop
      vertex 11.719676818840236 13.699789757893882 6.2
      vertex 11.778370599535144 13.404716196264202 6.2
      vertex 12.711121680214047 13.830315950113933 7.2
    endloop
  endfacet
  facet normal -0.7063485793639774 -0.04629653184614146 0.7063485793639781
    outer loop
      vertex 11.719676818840236 13.699789757893882 6.2
      vertex 12.711121680214047 13.830315950113933 7.2
      vertex 11.7 14 6.2
    endloop
  endfacet
  facet normal -0.7063485793639774 0.04629653184614146 0.7063485793639781
    outer loop
      vertex 11.7 14 6.2
      vertex 12.711121680214047 14.169684049886067 7.2
      vertex 11.719676818840236 14.300210242106118 6.2
    endloop
  endfacet
  facet normal -0.5885675477331855 -0.393268262367859 0.7063485793639775
    outer loop
      vertex 12.17528731733016 12.599848713279943 6.2
      vertex 12.968640657621394 13.208610142288663 7.2
      vertex 12.87416697508023 13.35 7.2
    endloop
  endfacet
  facet normal -0.6348640795793216 -0.3130803169961196 0.7063485793639782
    outer loop
      vertex 12.008141571295791 12.85 6.2
      vertex 12.87416697508023 13.35 7.2
      vertex 12.798956607735327 13.502511537925383 7.2
    endloop
  endfacet
  facet normal -0.670297911006285 -0.22753548059830447 0.7063485793639774
    outer loop
      vertex 11.875077075224041 13.119828105560293 6.2
      vertex 12.798956607735327 13.502511537925383 7.2
      vertex 12.744296425824212 13.663535241366723 7.2
    endloop
  endfacet
  facet normal -0.7063485793639777 -0.04629653184614526 0.7063485793639777
    outer loop
      vertex 12.711121680214047 13.830315950113933 7.2
      vertex 12.7 14 7.2
      vertex 11.7 14 6.2
    endloop
  endfacet
  facet normal -0.7063485793639777 0.04629653184614526 0.7063485793639777
    outer loop
      vertex 11.7 14 6.2
      vertex 12.7 14 7.2
      vertex 12.711121680214047 14.169684049886067 7.2
    endloop
  endfacet
  facet normal -0.6942627593342363 -0.1380974490427061 0.7063485793639777
    outer loop
      vertex 11.778370599535144 13.404716196264202 6.2
      vertex 12.744296425824212 13.663535241366723 7.2
      vertex 12.711121680214047 13.830315950113933 7.2
    endloop
  endfacet
  facet normal 0 0 1
    outer loop
      vertex 12.744296425824212 13.663535241366723 7.2
      vertex 12.711121680214047 14.169684049886067 7.2
      vertex 12.711121680214047 13.830315950113933 7.2
    endloop
  endfacet
  facet normal 0 0 1
    outer loop
      vertex 12.711121680214047 13.830315950113933 7.2
      vertex 12.711121680214047 14.169684049886067 7.2
      vertex 12.7 14 7.2
    endloop
  endfacet
  facet normal 0 0 1
    outer loop
      vertex 12.744296425824212 13.663535241366723 7.2
      vertex 12.744296425824212 14.336464758633277 7.2
      vertex 12.711121680214047 14.169684049886067 7.2
    endloop
  endfacet
  facet normal -0.6942627593342356 0.1380974490427081 0.706348579363978
    outer loop
      vertex 11.719676818840236 14.300210242106118 6.2
      vertex 12.711121680214047 14.169684049886067 7.2
      vertex 11.778370599535144 14.595283803735798 6.2
    endloop
  endfacet
  facet normal -0.6702979110062839 0.2275354805983066 0.7063485793639779
    outer loop
      vertex 11.778370599535144 14.595283803735798 6.2
      vertex 12.744296425824212 14.336464758633277 7.2
      vertex 11.875077075224041 14.880171894439707 6.2
    endloop
  endfacet
  facet normal -0.6348640795793238 0.313080316996116 0.7063485793639775
    outer loop
      vertex 11.875077075224041 14.880171894439707 6.2
      vertex 12.798956607735327 14.497488462074617 7.2
      vertex 12.008141571295791 15.15 6.2
    endloop
  endfacet
  facet normal -0.5885675477331829 0.39326826236786216 0.706348579363978
    outer loop
      vertex 12.87416697508023 14.65 7.2
      vertex 12.17528731733016 15.400151286720057 6.2
      vertex 12.008141571295791 15.15 6.2
    endloop
  endfacet
  facet normal -0.532200461963579 0.4667272787359269 0.7063485793639775
    outer loop
      vertex 12.17528731733016 15.400151286720057 6.2
      vertex 12.968640657621394 14.791389857711337 7.2
      vertex 12.37365440327094 15.62634559672906 6.2
    endloop
  endfacet
  facet normal -0.46672727873592673 0.5322004619635788 0.706348579363978
    outer loop
      vertex 12.37365440327094 15.62634559672906 6.2
      vertex 13.080761184457488 14.919238815542512 7.2
      vertex 12.599848713279943 15.82471268266984 6.2
    endloop
  endfacet
  facet normal -0.6942627593342363 0.1380974490427061 0.7063485793639778
    outer loop
      vertex 11.778370599535144 14.595283803735798 6.2
      vertex 12.711121680214047 14.169684049886067 7.2
      vertex 12.744296425824212 14.336464758633277 7.2
    endloop
  endfacet
  facet normal -0.670297911006285 0.22753548059830447 0.7063485793639774
    outer loop
      vertex 11.875077075224041 14.880171894439707 6.2
      vertex 12.744296425824212 14.336464758633277 7.2
      vertex 12.798956607735327 14.497488462074617 7.2
    endloop
  endfacet
  facet normal -0.6348640795793216 0.3130803169961196 0.7063485793639782
    outer loop
      vertex 12.798956607735327 14.497488462074617 7.2
      vertex 12.87416697508023 14.65 7.2
      vertex 12.008141571295791 15.15 6.2
    endloop
  endfacet
  facet normal -0.5885675477331855 0.393268262367859 0.7063485793639775
    outer loop
      vertex 12.87416697508023 14.65 7.2
      vertex 12.968640657621394 14.791389857711337 7.2
      vertex 12.17528731733016 15.400151286720057 6.2
    endloop
  endfacet
  facet normal 0 0 -1
    outer loop
      vertex 12.599848713279943 15.82471268266984 6.2
      vertex 12.85 15.991858428704209 6.2
      vertex 12.797918471982868 15.202081528017132 6.2
    endloop
  endfacet
  facet normal 0 0 -1
    outer loop
      vertex 13.119828105560293 11.875077075224041 6.2
      vertex 13.560007623325715 12.357926095308583 6.2
      vertex 13.404716196264202 11.778370599535144 6.2
    endloop
  endfacet
  facet normal 0 0 -1
    outer loop
      vertex 12.85 12.008141571295791 6.2
      vertex 12.599848713279943 12.17528731733016 6.2
      vertex 12.965105570685175 12.6512993215049 6.2
    endloop
  endfacet
  facet normal 0 0 -1
    outer loop
      vertex 12.85 12.008141571295791 6.2
      vertex 13.15 12.527756813566455 6.2
      vertex 13.119828105560293 11.875077075224041 6.2
    endloop
  endfacet
  facet normal 0 0 -1
    outer loop
      vertex 12.599848713279943 12.17528731733016 6.2
      vertex 12.797918471982868 12.797918471982868 6.2
      vertex 12.965105570685175 12.6512993215049 6.2
    endloop
  endfacet
  facet normal 0 0 -1
    outer loop
      vertex 12.85 12.008141571295791 6.2
      vertex 12.965105570685175 12.6512993215049 6.2
      vertex 13.15 12.527756813566455 6.2
    endloop
  endfacet
  facet normal 0 0 -1
    outer loop
      vertex 13.119828105560293 11.875077075224041 6.2
      vertex 13.15 12.527756813566455 6.2
      vertex 13.349438164979347 12.429404794730813 6.2
    endloop
  endfacet
  facet normal 0 0 -1
    outer loop
      vertex 13.119828105560293 11.875077075224041 6.2
      vertex 13.349438164979347 12.429404794730813 6.2
      vertex 13.560007623325715 12.357926095308583 6.2
    endloop
  endfacet
  facet normal 0 0 -1
    outer loop
      vertex 13.699789757893882 11.719676818840236 6.2
      vertex 13.404716196264202 11.778370599535144 6.2
      vertex 13.778105473225912 12.314543735664522 6.2
    endloop
  endfacet
  facet normal 0 0 -1
    outer loop
      vertex 13.699789757893882 11.719676818840236 6.2
      vertex 14 12.3 6.2
      vertex 14 11.7 6.2
    endloop
  endfacet
  facet normal 0 0 -1
    outer loop
      vertex 14 11.7 6.2
      vertex 14.221894526774088 12.314543735664522 6.2
      vertex 14.300210242106118 11.719676818840236 6.2
    endloop
  endfacet
  facet normal 0 0 -1
    outer loop
      vertex 13.404716196264202 11.778370599535144 6.2
      vertex 13.560007623325715 12.357926095308583 6.2
      vertex 13.778105473225912 12.314543735664522 6.2
    endloop
  endfacet
  facet normal 0 0 -1
    outer loop
      vertex 13.699789757893882 11.719676818840236 6.2
      vertex 13.778105473225912 12.314543735664522 6.2
      vertex 14 12.3 6.2
    endloop
  endfacet
  facet normal 0 0 -1
    outer loop
      vertex 14 11.7 6.2
      vertex 14 12.3 6.2
      vertex 14.221894526774088 12.314543735664522 6.2
    endloop
  endfacet
  facet normal 0 0 -1
    outer loop
      vertex 14.300210242106118 11.719676818840236 6.2
      vertex 14.439992376674285 12.357926095308583 6.2
      vertex 14.595283803735798 11.778370599535144 6.2
    endloop
  endfacet
  facet normal 0 0 -1
    outer loop
      vertex 14.595283803735798 11.778370599535144 6.2
      vertex 14.650561835020653 12.429404794730813 6.2
      vertex 14.880171894439707 11.875077075224041 6.2
    endloop
  endfacet
  facet normal 0 0 -1
    outer loop
      vertex 14.300210242106118 11.719676818840236 6.2
      vertex 14.221894526774088 12.314543735664522 6.2
      vertex 14.439992376674285 12.357926095308583 6.2
    endloop
  endfacet
  facet normal 0 0 -1
    outer loop
      vertex 14.595283803735798 11.778370599535144 6.2
      vertex 14.439992376674285 12.357926095308583 6.2
      vertex 14.650561835020653 12.429404794730813 6.2
    endloop
  endfacet
  facet normal 0 0 -1
    outer loop
      vertex 14.880171894439707 11.875077075224041 6.2
      vertex 14.650561835020653 12.429404794730813 6.2
      vertex 14.85 12.527756813566455 6.2
    endloop
  endfacet
  facet normal 0 0 -1
    outer loop
      vertex 14.880171894439707 11.875077075224041 6.2
      vertex 15.034894429314825 12.6512993215049 6.2
      vertex 15.15 12.008141571295791 6.2
    endloop
  endfacet
  facet normal 0 0 -1
    outer loop
      vertex 14.880171894439707 11.875077075224041 6.2
      vertex 14.85 12.527756813566455 6.2
      vertex 15.034894429314825 12.6512993215049 6.2
    endloop
  endfacet
  facet normal 0 0 -1
    outer loop
      vertex 15.15 12.008141571295791 6.2
      vertex 15.202081528017132 12.797918471982868 6.2
      vertex 15.400151286720057 12.17528731733016 6.2
    endloop
  endfacet
  facet normal 0 0 -1
    outer loop
      vertex 15.15 12.008141571295791 6.2
      vertex 15.034894429314825 12.6512993215049 6.2
      vertex 15.202081528017132 12.797918471982868 6.2
    endloop
  endfacet
  facet normal 0 0 -1
    outer loop
      vertex 15.400151286720057 12.17528731733016 6.2
      vertex 15.202081528017132 12.797918471982868 6.2
      vertex 15.3487006784951 12.965105570685175 6.2
    endloop
  endfacet
  facet normal 0 0 -1
    outer loop
      vertex 15.400151286720057 12.17528731733016 6.2
      vertex 15.472243186433545 13.15 6.2
      vertex 15.62634559672906 12.37365440327094 6.2
    endloop
  endfacet
  facet normal -0.3932682623678624 -0.5885675477331832 0.7063485793639777
    outer loop
      vertex 12.85 12.008141571295791 6.2
      vertex 13.208610142288663 12.968640657621394 7.2
      vertex 12.599848713279943 12.17528731733016 6.2
    endloop
  endfacet
  facet normal -0.3130803169961158 -0.6348640795793234 0.706348579363978
    outer loop
      vertex 12.85 12.008141571295791 6.2
      vertex 13.119828105560293 11.875077075224041 6.2
      vertex 13.35 12.87416697508023 7.2
    endloop
  endfacet
  facet normal -0.22753548059830664 -0.670297911006284 0.7063485793639775
    outer loop
      vertex 13.119828105560293 11.875077075224041 6.2
      vertex 13.404716196264202 11.778370599535144 6.2
      vertex 13.502511537925383 12.798956607735327 7.2
    endloop
  endfacet
  facet normal -0.13809744904270813 -0.6942627593342358 0.7063485793639778
    outer loop
      vertex 13.699789757893882 11.719676818840236 6.2
      vertex 13.663535241366723 12.744296425824212 7.2
      vertex 13.404716196264202 11.778370599535144 6.2
    endloop
  endfacet
  facet normal -0.04629653184614146 -0.7063485793639774 0.7063485793639781
    outer loop
      vertex 13.699789757893882 11.719676818840236 6.2
      vertex 14 11.7 6.2
      vertex 13.830315950113933 12.711121680214047 7.2
    endloop
  endfacet
  facet normal 0.04629653184614146 -0.7063485793639774 0.7063485793639781
    outer loop
      vertex 14 11.7 6.2
      vertex 14.300210242106118 11.719676818840236 6.2
      vertex 14.169684049886067 12.711121680214047 7.2
    endloop
  endfacet
  facet normal -0.4667272787359298 -0.5322004619635766 0.7063485793639775
    outer loop
      vertex 12.599848713279943 12.17528731733016 6.2
      vertex 13.208610142288663 12.968640657621394 7.2
      vertex 13.080761184457488 13.080761184457488 7.2
    endloop
  endfacet
  facet normal -0.3932682623678586 -0.5885675477331849 0.7063485793639781
    outer loop
      vertex 12.85 12.008141571295791 6.2
      vertex 13.35 12.87416697508023 7.2
      vertex 13.208610142288663 12.968640657621394 7.2
    endloop
  endfacet
  facet normal -0.3130803169961198 -0.6348640795793221 0.7063485793639775
    outer loop
      vertex 13.119828105560293 11.875077075224041 6.2
      vertex 13.502511537925383 12.798956607735327 7.2
      vertex 13.35 12.87416697508023 7.2
    endloop
  endfacet
  facet normal -0.22753548059830436 -0.6702979110062846 0.7063485793639779
    outer loop
      vertex 13.404716196264202 11.778370599535144 6.2
      vertex 13.663535241366723 12.744296425824212 7.2
      vertex 13.502511537925383 12.798956607735327 7.2
    endloop
  endfacet
  facet normal -0.13809744904270602 -0.694262759334236 0.706348579363978
    outer loop
      vertex 13.699789757893882 11.719676818840236 6.2
      vertex 13.830315950113933 12.711121680214047 7.2
      vertex 13.663535241366723 12.744296425824212 7.2
    endloop
  endfacet
  facet normal -0.04629653184614526 -0.7063485793639777 0.7063485793639777
    outer loop
      vertex 13.830315950113933 12.711121680214047 7.2
      vertex 14 11.7 6.2
      vertex 14 12.7 7.2
    endloop
  endfacet
  facet normal 0.04629653184614526 -0.7063485793639777 0.7063485793639777
    outer loop
      vertex 14 11.7 6.2
      vertex 14.169684049886067 12.711121680214047 7.2
      vertex 14 12.7 7.2
    endloop
  endfacet
  facet normal 0.13809744904270813 -0.6942627593342358 0.7063485793639778
    outer loop
      vertex 14.300210242106118 11.719676818840236 6.2
      vertex 14.595283803735798 11.778370599535144 6.2
      vertex 14.336464758633277 12.744296425824212 7.2
    endloop
  endfacet
  facet normal 0.22753548059830664 -0.670297911006284 0.7063485793639775
    outer loop
      vertex 14.595283803735798 11.778370599535144 6.2
      vertex 14.880171894439707 11.875077075224041 6.2
      vertex 14.497488462074617 12.798956607735327 7.2
    endloop
  endfacet
  facet normal 0.3130803169961158 -0.6348640795793234 0.706348579363978
    outer loop
      vertex 14.880171894439707 11.875077075224041 6.2
      vertex 15.15 12.008141571295791 6.2
      vertex 14.65 12.87416697508023 7.2
    endloop
  endfacet
  facet normal 0.3932682623678624 -0.5885675477331832 0.7063485793639777
    outer loop
      vertex 14.791389857711337 12.968640657621394 7.2
      vertex 15.15 12.008141571295791 6.2
      vertex 15.400151286720057 12.17528731733016 6.2
    endloop
  endfacet
  facet normal 0.46672727873592673 -0.5322004619635788 0.706348579363978
    outer loop
      vertex 14.919238815542512 13.080761184457488 7.2
      vertex 15.400151286720057 12.17528731733016 6.2
      vertex 15.62634559672906 12.37365440327094 6.2
    endloop
  endfacet
  facet normal 0.5322004619635791 -0.46672727873592695 0.7063485793639775
    outer loop
      vertex 15.031359342378606 13.208610142288663 7.2
      vertex 15.62634559672906 12.37365440327094 6.2
      vertex 15.82471268266984 12.599848713279943 6.2
    endloop
  endfacet
  facet normal 0.13809744904270602 -0.694262759334236 0.706348579363978
    outer loop
      vertex 14.300210242106118 11.719676818840236 6.2
      vertex 14.336464758633277 12.744296425824212 7.2
      vertex 14.169684049886067 12.711121680214047 7.2
    endloop
  endfacet
  facet normal 0.22753548059830436 -0.6702979110062846 0.7063485793639778
    outer loop
      vertex 14.595283803735798 11.778370599535144 6.2
      vertex 14.497488462074617 12.798956607735327 7.2
      vertex 14.336464758633277 12.744296425824212 7.2
    endloop
  endfacet
  facet normal 0.3130803169961199 -0.6348640795793222 0.7063485793639774
    outer loop
      vertex 14.880171894439707 11.875077075224041 6.2
      vertex 14.65 12.87416697508023 7.2
      vertex 14.497488462074617 12.798956607735327 7.2
    endloop
  endfacet
  facet normal 0.3932682623678586 -0.588567547733185 0.7063485793639781
    outer loop
      vertex 14.65 12.87416697508023 7.2
      vertex 15.15 12.008141571295791 6.2
      vertex 14.791389857711337 12.968640657621394 7.2
    endloop
  endfacet
  facet normal 0.46672727873592984 -0.5322004619635767 0.7063485793639775
    outer loop
      vertex 14.791389857711337 12.968640657621394 7.2
      vertex 15.400151286720057 12.17528731733016 6.2
      vertex 14.919238815542512 13.080761184457488 7.2
    endloop
  endfacet
  facet normal 0 0 -1
    outer loop
      vertex 12.85 15.991858428704209 6.2
      vertex 12.965105570685175 15.3487006784951 6.2
      vertex 12.797918471982868 15.202081528017132 6.2
    endloop
  endfacet
  facet normal 0 0 -1
    outer loop
      vertex 15.400151286720057 12.17528731733016 6.2
      vertex 15.3487006784951 12.965105570685175 6.2
      vertex 15.472243186433545 13.15 6.2
    endloop
  endfacet
  facet normal 0 0 -1
    outer loop
      vertex 15.62634559672906 12.37365440327094 6.2
      vertex 15.472243186433545 13.15 6.2
      vertex 15.570595205269187 13.349438164979347 6.2
    endloop
  endfacet
  facet normal 0 0 -1
    outer loop
      vertex 15.62634559672906 12.37365440327094 6.2
      vertex 15.570595205269187 13.349438164979347 6.2
      vertex 15.642073904691417 13.560007623325715 6.2
    endloop
  endfacet
  facet normal 0 0 -1
    outer loop
      vertex 15.15 15.991858428704209 6.2
      vertex 15.034894429314825 15.3487006784951 6.2
      vertex 14.85 15.472243186433545 6.2
    endloop
  endfacet
  facet normal 0 0 -1
    outer loop
      vertex 15.400151286720057 15.82471268266984 6.2
      vertex 15.202081528017132 15.202081528017132 6.2
      vertex 15.034894429314825 15.3487006784951 6.2
    endloop
  endfacet
  facet normal 0 0 -1
    outer loop
      vertex 15.62634559672906 15.62634559672906 6.2
      vertex 15.570595205269187 14.650561835020653 6.2
      vertex 15.472243186433545 14.85 6.2
    endloop
  endfacet
  facet normal 0 0 -1
    outer loop
      vertex 15.62634559672906 15.62634559672906 6.2
      vertex 15.472243186433545 14.85 6.2
      vertex 15.3487006784951 15.034894429314825 6.2
    endloop
  endfacet
  facet normal 0 0 -1
    outer loop
      vertex 15.400151286720057 15.82471268266984 6.2
      vertex 15.3487006784951 15.034894429314825 6.2
      vertex 15.202081528017132 15.202081528017132 6.2
    endloop
  endfacet
  facet normal 0 0 -1
    outer loop
      vertex 15.62634559672906 15.62634559672906 6.2
      vertex 15.3487006784951 15.034894429314825 6.2
      vertex 15.400151286720057 15.82471268266984 6.2
    endloop
  endfacet
  facet normal -0.5322004619635762 -0.46672727873592945 0.706348579363978
    outer loop
      vertex 12.37365440327094 12.37365440327094 6.2
      vertex 13.080761184457488 13.080761184457488 7.2
      vertex 12.968640657621394 13.208610142288663 7.2
    endloop
  endfacet
  facet normal 0 0 1
    outer loop
      vertex 12.87416697508023 13.35 7.2
      vertex 12.798956607735327 14.497488462074617 7.2
      vertex 12.798956607735327 13.502511537925383 7.2
    endloop
  endfacet
  facet normal 0 0 1
    outer loop
      vertex 12.87416697508023 13.35 7.2
      vertex 12.968640657621394 13.208610142288663 7.2
      vertex 12.87416697508023 14.65 7.2
    endloop
  endfacet
  facet normal 0 0 1
    outer loop
      vertex 13.080761184457488 13.080761184457488 7.2
      vertex 12.968640657621394 14.791389857711337 7.2
      vertex 12.968640657621394 13.208610142288663 7.2
    endloop
  endfacet
  facet normal 0 0 1
    outer loop
      vertex 12.798956607735327 13.502511537925383 7.2
      vertex 12.744296425824212 14.336464758633277 7.2
      vertex 12.744296425824212 13.663535241366723 7.2
    endloop
  endfacet
  facet normal 0 0 1
    outer loop
      vertex 12.798956607735327 13.502511537925383 7.2
      vertex 12.798956607735327 14.497488462074617 7.2
      vertex 12.744296425824212 14.336464758633277 7.2
    endloop
  endfacet
  facet normal 0 0 1
    outer loop
      vertex 12.87416697508023 13.35 7.2
      vertex 12.87416697508023 14.65 7.2
      vertex 12.798956607735327 14.497488462074617 7.2
    endloop
  endfacet
  facet normal 0 0 1
    outer loop
      vertex 13.35 12.87416697508023 7.2
      vertex 13.208610142288663 15.031359342378606 7.2
      vertex 13.208610142288663 12.968640657621394 7.2
    endloop
  endfacet
  facet normal 0 0 1
    outer loop
      vertex 13.080761184457488 13.080761184457488 7.2
      vertex 13.208610142288663 12.968640657621394 7.2
      vertex 13.080761184457488 14.919238815542512 7.2
    endloop
  endfacet
  facet normal 0 0 1
    outer loop
      vertex 13.35 12.87416697508023 7.2
      vertex 13.502511537925383 12.798956607735327 7.2
      vertex 13.35 15.12583302491977 7.2
    endloop
  endfacet
  facet normal 0 0 1
    outer loop
      vertex 13.502511537925383 12.798956607735327 7.2
      vertex 13.663535241366723 12.744296425824212 7.2
      vertex 13.502511537925383 15.201043392264673 7.2
    endloop
  endfacet
  facet normal 0 0 1
    outer loop
      vertex 13.663535241366723 12.744296425824212 7.2
      vertex 13.830315950113933 12.711121680214047 7.2
      vertex 13.663535241366723 15.255703574175788 7.2
    endloop
  endfacet
  facet normal 0 0 1
    outer loop
      vertex 13.830315950113933 12.711121680214047 7.2
      vertex 14 12.7 7.2
      vertex 13.830315950113933 15.288878319785953 7.2
    endloop
  endfacet
  facet normal 0 0 1
    outer loop
      vertex 14 12.7 7.2
      vertex 14.169684049886067 12.711121680214047 7.2
      vertex 14 15.3 7.2
    endloop
  endfacet
  facet normal -0.3932682623678624 0.5885675477331832 0.7063485793639777
    outer loop
      vertex 12.599848713279943 15.82471268266984 6.2
      vertex 13.208610142288663 15.031359342378606 7.2
      vertex 12.85 15.991858428704209 6.2
    endloop
  endfacet
  facet normal 0 0 1
    outer loop
      vertex 12.968640657621394 13.208610142288663 7.2
      vertex 12.968640657621394 14.791389857711337 7.2
      vertex 12.87416697508023 14.65 7.2
    endloop
  endfacet
  facet normal 0 0 1
    outer loop
      vertex 13.080761184457488 13.080761184457488 7.2
      vertex 13.080761184457488 14.919238815542512 7.2
      vertex 12.968640657621394 14.791389857711337 7.2
    endloop
  endfacet
  facet normal 0 0 1
    outer loop
      vertex 13.208610142288663 12.968640657621394 7.2
      vertex 13.208610142288663 15.031359342378606 7.2
      vertex 13.080761184457488 14.919238815542512 7.2
    endloop
  endfacet
  facet normal 0 0 1
    outer loop
      vertex 13.35 12.87416697508023 7.2
      vertex 13.35 15.12583302491977 7.2
      vertex 13.208610142288663 15.031359342378606 7.2
    endloop
  endfacet
  facet normal 0 0 1
    outer loop
      vertex 13.502511537925383 12.798956607735327 7.2
      vertex 13.502511537925383 15.201043392264673 7.2
      vertex 13.35 15.12583302491977 7.2
    endloop
  endfacet
  facet normal -0.5322004619635762 0.4667272787359294 0.7063485793639782
    outer loop
      vertex 12.37365440327094 15.62634559672906 6.2
      vertex 12.968640657621394 14.791389857711337 7.2
      vertex 13.080761184457488 14.919238815542512 7.2
    endloop
  endfacet
  facet normal -0.46672727873592984 0.5322004619635767 0.7063485793639775
    outer loop
      vertex 12.599848713279943 15.82471268266984 6.2
      vertex 13.080761184457488 14.919238815542512 7.2
      vertex 13.208610142288663 15.031359342378606 7.2
    endloop
  endfacet
  facet normal -0.3932682623678586 0.588567547733185 0.7063485793639781
    outer loop
      vertex 12.85 15.991858428704209 6.2
      vertex 13.208610142288663 15.031359342378606 7.2
      vertex 13.35 15.12583302491977 7.2
    endloop
  endfacet
  facet normal -0.3130803169961199 0.6348640795793222 0.7063485793639774
    outer loop
      vertex 13.119828105560293 16.12492292477596 6.2
      vertex 13.35 15.12583302491977 7.2
      vertex 13.502511537925383 15.201043392264673 7.2
    endloop
  endfacet
  facet normal 0 0 1
    outer loop
      vertex 13.663535241366723 12.744296425824212 7.2
      vertex 13.663535241366723 15.255703574175788 7.2
      vertex 13.502511537925383 15.201043392264673 7.2
    endloop
  endfacet
  facet normal 0 0 1
    outer loop
      vertex 13.830315950113933 12.711121680214047 7.2
      vertex 13.830315950113933 15.288878319785953 7.2
      vertex 13.663535241366723 15.255703574175788 7.2
    endloop
  endfacet
  facet normal 0 0 1
    outer loop
      vertex 13.830315950113933 15.288878319785953 7.2
      vertex 14 12.7 7.2
      vertex 14 15.3 7.2
    endloop
  endfacet
  facet normal 0 0 1
    outer loop
      vertex 14.169684049886067 12.711121680214047 7.2
      vertex 14.169684049886067 15.288878319785953 7.2
      vertex 14 15.3 7.2
    endloop
  endfacet
  facet normal -0.22753548059830436 0.6702979110062846 0.7063485793639778
    outer loop
      vertex 13.404716196264202 16.221629400464856 6.2
      vertex 13.502511537925383 15.201043392264673 7.2
      vertex 13.663535241366723 15.255703574175788 7.2
    endloop
  endfacet
  facet normal -0.1380974490427059 0.6942627593342354 0.7063485793639787
    outer loop
      vertex 13.663535241366723 15.255703574175788 7.2
      vertex 13.830315950113933 15.288878319785953 7.2
      vertex 13.699789757893882 16.280323181159766 6.2
    endloop
  endfacet
  facet normal 0 0 1
    outer loop
      vertex 14.169684049886067 12.711121680214047 7.2
      vertex 14.336464758633277 12.744296425824212 7.2
      vertex 14.169684049886067 15.288878319785953 7.2
    endloop
  endfacet
  facet normal 0 0 1
    outer loop
      vertex 14.336464758633277 12.744296425824212 7.2
      vertex 14.497488462074617 12.798956607735327 7.2
      vertex 14.336464758633277 15.255703574175788 7.2
    endloop
  endfacet
  facet normal 0 0 1
    outer loop
      vertex 14.497488462074617 12.798956607735327 7.2
      vertex 14.65 12.87416697508023 7.2
      vertex 14.497488462074617 15.201043392264673 7.2
    endloop
  endfacet
  facet normal 0 0 1
    outer loop
      vertex 14.65 12.87416697508023 7.2
      vertex 14.791389857711337 12.968640657621394 7.2
      vertex 14.65 15.12583302491977 7.2
    endloop
  endfacet
  facet normal 0 0 1
    outer loop
      vertex 14.791389857711337 12.968640657621394 7.2
      vertex 14.919238815542512 13.080761184457488 7.2
      vertex 14.791389857711337 15.031359342378606 7.2
    endloop
  endfacet
  facet normal 0.5322004619635762 -0.46672727873592945 0.706348579363978
    outer loop
      vertex 14.919238815542512 13.080761184457488 7.2
      vertex 15.62634559672906 12.37365440327094 6.2
      vertex 15.031359342378606 13.208610142288663 7.2
    endloop
  endfacet
  facet normal 0.5885675477331855 -0.393268262367859 0.7063485793639775
    outer loop
      vertex 15.031359342378606 13.208610142288663 7.2
      vertex 15.82471268266984 12.599848713279943 6.2
      vertex 15.12583302491977 13.35 7.2
    endloop
  endfacet
  facet normal 0.6348640795793216 -0.31308031699611955 0.7063485793639782
    outer loop
      vertex 15.991858428704209 12.85 6.2
      vertex 15.201043392264673 13.502511537925383 7.2
      vertex 15.12583302491977 13.35 7.2
    endloop
  endfacet
  facet normal 0.670297911006285 -0.22753548059830447 0.7063485793639774
    outer loop
      vertex 16.12492292477596 13.119828105560293 6.2
      vertex 15.255703574175788 13.663535241366723 7.2
      vertex 15.201043392264673 13.502511537925383 7.2
    endloop
  endfacet
  facet normal 0.6942627593342363 -0.1380974490427061 0.7063485793639778
    outer loop
      vertex 16.221629400464856 13.404716196264202 6.2
      vertex 15.288878319785953 13.830315950113933 7.2
      vertex 15.255703574175788 13.663535241366723 7.2
    endloop
  endfacet
  facet normal 0 0 1
    outer loop
      vertex 14.919238815542512 13.080761184457488 7.2
      vertex 15.031359342378606 13.208610142288663 7.2
      vertex 14.919238815542512 14.919238815542512 7.2
    endloop
  endfacet
  facet normal 0 0 1
    outer loop
      vertex 15.031359342378606 13.208610142288663 7.2
      vertex 15.12583302491977 13.35 7.2
      vertex 15.031359342378606 14.791389857711337 7.2
    endloop
  endfacet
  facet normal 0 0 1
    outer loop
      vertex 15.12583302491977 13.35 7.2
      vertex 15.201043392264673 13.502511537925383 7.2
      vertex 15.12583302491977 14.65 7.2
    endloop
  endfacet
  facet normal 0 0 1
    outer loop
      vertex 15.201043392264673 13.502511537925383 7.2
      vertex 15.255703574175788 13.663535241366723 7.2
      vertex 15.201043392264673 14.497488462074617 7.2
    endloop
  endfacet
  facet normal 0 0 1
    outer loop
      vertex 15.255703574175788 13.663535241366723 7.2
      vertex 15.255703574175788 14.336464758633277 7.2
      vertex 15.201043392264673 14.497488462074617 7.2
    endloop
  endfacet
  facet normal 0 0 1
    outer loop
      vertex 15.255703574175788 13.663535241366723 7.2
      vertex 15.288878319785953 13.830315950113933 7.2
      vertex 15.255703574175788 14.336464758633277 7.2
    endloop
  endfacet
  facet normal 0 0 1
    outer loop
      vertex 15.288878319785953 13.830315950113933 7.2
      vertex 15.3 14 7.2
      vertex 15.288878319785953 14.169684049886067 7.2
    endloop
  endfacet
  facet normal 0 0 1
    outer loop
      vertex 15.288878319785953 13.830315950113933 7.2
      vertex 15.288878319785953 14.169684049886067 7.2
      vertex 15.255703574175788 14.336464758633277 7.2
    endloop
  endfacet
  facet normal 0.3932682623678624 0.5885675477331832 0.7063485793639777
    outer loop
      vertex 14.791389857711337 15.031359342378606 7.2
      vertex 15.400151286720057 15.82471268266984 6.2
      vertex 15.15 15.991858428704209 6.2
    endloop
  endfacet
  facet normal 0.46672727873592673 0.5322004619635788 0.706348579363978
    outer loop
      vertex 14.919238815542512 14.919238815542512 7.2
      vertex 15.62634559672906 15.62634559672906 6.2
      vertex 15.400151286720057 15.82471268266984 6.2
    endloop
  endfacet
  facet normal 0.532200461963579 0.4667272787359269 0.7063485793639775
    outer loop
      vertex 15.031359342378606 14.791389857711337 7.2
      vertex 15.82471268266984 15.400151286720057 6.2
      vertex 15.62634559672906 15.62634559672906 6.2
    endloop
  endfacet
  facet normal 0 0 1
    outer loop
      vertex 14.336464758633277 12.744296425824212 7.2
      vertex 14.336464758633277 15.255703574175788 7.2
      vertex 14.169684049886067 15.288878319785953 7.2
    endloop
  endfacet
  facet normal 0 0 1
    outer loop
      vertex 14.497488462074617 12.798956607735327 7.2
      vertex 14.497488462074617 15.201043392264673 7.2
      vertex 14.336464758633277 15.255703574175788 7.2
    endloop
  endfacet
  facet normal 0 0 1
    outer loop
      vertex 14.65 12.87416697508023 7.2
      vertex 14.65 15.12583302491977 7.2
      vertex 14.497488462074617 15.201043392264673 7.2
    endloop
  endfacet
  facet normal 0 0 1
    outer loop
      vertex 14.919238815542512 13.080761184457488 7.2
      vertex 14.919238815542512 14.919238815542512 7.2
      vertex 14.791389857711337 15.031359342378606 7.2
    endloop
  endfacet
  facet normal 0 0 1
    outer loop
      vertex 14.791389857711337 12.968640657621394 7.2
      vertex 14.791389857711337 15.031359342378606 7.2
      vertex 14.65 15.12583302491977 7.2
    endloop
  endfacet
  facet normal 0.1380974490427059 0.6942627593342354 0.7063485793639787
    outer loop
      vertex 14.169684049886067 15.288878319785953 7.2
      vertex 14.336464758633277 15.255703574175788 7.2
      vertex 14.300210242106118 16.280323181159766 6.2
    endloop
  endfacet
  facet normal 0.22753548059830436 0.6702979110062846 0.7063485793639779
    outer loop
      vertex 14.595283803735798 16.221629400464856 6.2
      vertex 14.336464758633277 15.255703574175788 7.2
      vertex 14.497488462074617 15.201043392264673 7.2
    endloop
  endfacet
  facet normal 0.3130803169961198 0.6348640795793221 0.7063485793639775
    outer loop
      vertex 14.880171894439707 16.12492292477596 6.2
      vertex 14.497488462074617 15.201043392264673 7.2
      vertex 14.65 15.12583302491977 7.2
    endloop
  endfacet
  facet normal 0.3932682623678586 0.588567547733185 0.7063485793639781
    outer loop
      vertex 14.791389857711337 15.031359342378606 7.2
      vertex 15.15 15.991858428704209 6.2
      vertex 14.65 15.12583302491977 7.2
    endloop
  endfacet
  facet normal 0.6942627593342363 0.1380974490427061 0.7063485793639777
    outer loop
      vertex 16.221629400464856 14.595283803735798 6.2
      vertex 15.255703574175788 14.336464758633277 7.2
      vertex 15.288878319785953 14.169684049886067 7.2
    endloop
  endfacet
  facet normal 0.6348640795793216 0.3130803169961196 0.7063485793639782
    outer loop
      vertex 15.201043392264673 14.497488462074617 7.2
      vertex 15.991858428704209 15.15 6.2
      vertex 15.12583302491977 14.65 7.2
    endloop
  endfacet
  facet normal 0.670297911006285 0.22753548059830447 0.7063485793639774
    outer loop
      vertex 16.12492292477596 14.880171894439707 6.2
      vertex 15.201043392264673 14.497488462074617 7.2
      vertex 15.255703574175788 14.336464758633277 7.2
    endloop
  endfacet
  facet normal 0 0 1
    outer loop
      vertex 15.031359342378606 13.208610142288663 7.2
      vertex 15.031359342378606 14.791389857711337 7.2
      vertex 14.919238815542512 14.919238815542512 7.2
    endloop
  endfacet
  facet normal 0 0 1
    outer loop
      vertex 15.12583302491977 13.35 7.2
      vertex 15.12583302491977 14.65 7.2
      vertex 15.031359342378606 14.791389857711337 7.2
    endloop
  endfacet
  facet normal 0 0 1
    outer loop
      vertex 15.201043392264673 13.502511537925383 7.2
      vertex 15.201043392264673 14.497488462074617 7.2
      vertex 15.12583302491977 14.65 7.2
    endloop
  endfacet
  facet normal 0.46672727873592984 0.5322004619635767 0.7063485793639775
    outer loop
      vertex 14.791389857711337 15.031359342378606 7.2
      vertex 14.919238815542512 14.919238815542512 7.2
      vertex 15.400151286720057 15.82471268266984 6.2
    endloop
  endfacet
  facet normal 0.5322004619635762 0.46672727873592945 0.706348579363978
    outer loop
      vertex 15.031359342378606 14.791389857711337 7.2
      vertex 15.62634559672906 15.62634559672906 6.2
      vertex 14.919238815542512 14.919238815542512 7.2
    endloop
  endfacet
  facet normal 0.5885675477331855 0.393268262367859 0.7063485793639774
    outer loop
      vertex 15.031359342378606 14.791389857711337 7.2
      vertex 15.12583302491977 14.65 7.2
      vertex 15.82471268266984 15.400151286720057 6.2
    endloop
  endfacet
  facet normal 0 0 -1
    outer loop
      vertex 13.119828105560293 16.12492292477596 6.2
      vertex 13.15 15.472243186433545 6.2
      vertex 12.965105570685175 15.3487006784951 6.2
    endloop
  endfacet
  facet normal 0 0 -1
    outer loop
      vertex 12.85 15.991858428704209 6.2
      vertex 13.119828105560293 16.12492292477596 6.2
      vertex 12.965105570685175 15.3487006784951 6.2
    endloop
  endfacet
  facet normal 0 0 -1
    outer loop
      vertex 13.119828105560293 16.12492292477596 6.2
      vertex 13.349438164979347 15.570595205269187 6.2
      vertex 13.15 15.472243186433545 6.2
    endloop
  endfacet
  facet normal 0 0 -1
    outer loop
      vertex 13.119828105560293 16.12492292477596 6.2
      vertex 13.404716196264202 16.221629400464856 6.2
      vertex 13.349438164979347 15.570595205269187 6.2
    endloop
  endfacet
  facet normal 0 0 -1
    outer loop
      vertex 13.404716196264202 16.221629400464856 6.2
      vertex 13.560007623325715 15.642073904691417 6.2
      vertex 13.349438164979347 15.570595205269187 6.2
    endloop
  endfacet
  facet normal 0 0 -1
    outer loop
      vertex 13.699789757893882 16.280323181159766 6.2
      vertex 13.778105473225912 15.685456264335478 6.2
      vertex 13.560007623325715 15.642073904691417 6.2
    endloop
  endfacet
  facet normal 0 0 -1
    outer loop
      vertex 13.404716196264202 16.221629400464856 6.2
      vertex 13.699789757893882 16.280323181159766 6.2
      vertex 13.560007623325715 15.642073904691417 6.2
    endloop
  endfacet
  facet normal 0 0 -1
    outer loop
      vertex 13.699789757893882 16.280323181159766 6.2
      vertex 14 16.3 6.2
      vertex 13.778105473225912 15.685456264335478 6.2
    endloop
  endfacet
  facet normal 0 0 -1
    outer loop
      vertex 14 16.3 6.2
      vertex 14 15.7 6.2
      vertex 13.778105473225912 15.685456264335478 6.2
    endloop
  endfacet
  facet normal 0 0 -1
    outer loop
      vertex 14.300210242106118 16.280323181159766 6.2
      vertex 14.221894526774088 15.685456264335478 6.2
      vertex 14 15.7 6.2
    endloop
  endfacet
  facet normal 0 0 -1
    outer loop
      vertex 14 16.3 6.2
      vertex 14.300210242106118 16.280323181159766 6.2
      vertex 14 15.7 6.2
    endloop
  endfacet
  facet normal 0 0 -1
    outer loop
      vertex 14.595283803735798 16.221629400464856 6.2
      vertex 14.439992376674285 15.642073904691417 6.2
      vertex 14.221894526774088 15.685456264335478 6.2
    endloop
  endfacet
  facet normal 0 0 -1
    outer loop
      vertex 14.595283803735798 16.221629400464856 6.2
      vertex 14.221894526774088 15.685456264335478 6.2
      vertex 14.300210242106118 16.280323181159766 6.2
    endloop
  endfacet
  facet normal 0 0 -1
    outer loop
      vertex 14.880171894439707 16.12492292477596 6.2
      vertex 14.650561835020653 15.570595205269187 6.2
      vertex 14.439992376674285 15.642073904691417 6.2
    endloop
  endfacet
  facet normal 0 0 -1
    outer loop
      vertex 14.880171894439707 16.12492292477596 6.2
      vertex 14.85 15.472243186433545 6.2
      vertex 14.650561835020653 15.570595205269187 6.2
    endloop
  endfacet
  facet normal 0 0 -1
    outer loop
      vertex 14.595283803735798 16.221629400464856 6.2
      vertex 14.880171894439707 16.12492292477596 6.2
      vertex 14.439992376674285 15.642073904691417 6.2
    endloop
  endfacet
  facet normal 0 0 -1
    outer loop
      vertex 14.880171894439707 16.12492292477596 6.2
      vertex 15.15 15.991858428704209 6.2
      vertex 14.85 15.472243186433545 6.2
    endloop
  endfacet
  facet normal 0 0 -1
    outer loop
      vertex 15.400151286720057 15.82471268266984 6.2
      vertex 15.034894429314825 15.3487006784951 6.2
      vertex 15.15 15.991858428704209 6.2
    endloop
  endfacet
  facet normal -0.3130803169961158 0.6348640795793234 0.706348579363978
    outer loop
      vertex 12.85 15.991858428704209 6.2
      vertex 13.35 15.12583302491977 7.2
      vertex 13.119828105560293 16.12492292477596 6.2
    endloop
  endfacet
  facet normal -0.22753548059830664 0.670297911006284 0.7063485793639775
    outer loop
      vertex 13.119828105560293 16.12492292477596 6.2
      vertex 13.502511537925383 15.201043392264673 7.2
      vertex 13.404716196264202 16.221629400464856 6.2
    endloop
  endfacet
  facet normal -0.13809744904271212 0.6942627593342349 0.7063485793639779
    outer loop
      vertex 13.404716196264202 16.221629400464856 6.2
      vertex 13.663535241366723 15.255703574175788 7.2
      vertex 13.699789757893882 16.280323181159766 6.2
    endloop
  endfacet
  facet normal -0.04629653184613726 0.7063485793639772 0.7063485793639787
    outer loop
      vertex 13.830315950113933 15.288878319785953 7.2
      vertex 14 16.3 6.2
      vertex 13.699789757893882 16.280323181159766 6.2
    endloop
  endfacet
  facet normal 0.046296531846137266 0.7063485793639773 0.7063485793639785
    outer loop
      vertex 14.169684049886067 15.288878319785953 7.2
      vertex 14.300210242106118 16.280323181159766 6.2
      vertex 14 16.3 6.2
    endloop
  endfacet
  facet normal -0.04629653184614526 0.7063485793639777 0.7063485793639777
    outer loop
      vertex 13.830315950113933 15.288878319785953 7.2
      vertex 14 15.3 7.2
      vertex 14 16.3 6.2
    endloop
  endfacet
  facet normal 0.04629653184614526 0.7063485793639777 0.7063485793639777
    outer loop
      vertex 14 15.3 7.2
      vertex 14.169684049886067 15.288878319785953 7.2
      vertex 14 16.3 6.2
    endloop
  endfacet
  facet normal 0.13809744904271212 0.6942627593342349 0.7063485793639779
    outer loop
      vertex 14.595283803735798 16.221629400464856 6.2
      vertex 14.300210242106118 16.280323181159766 6.2
      vertex 14.336464758633277 15.255703574175788 7.2
    endloop
  endfacet
  facet normal 0.22753548059830664 0.670297911006284 0.7063485793639775
    outer loop
      vertex 14.595283803735798 16.221629400464856 6.2
      vertex 14.497488462074617 15.201043392264673 7.2
      vertex 14.880171894439707 16.12492292477596 6.2
    endloop
  endfacet
  facet normal 0.3130803169961158 0.6348640795793234 0.706348579363978
    outer loop
      vertex 14.880171894439707 16.12492292477596 6.2
      vertex 14.65 15.12583302491977 7.2
      vertex 15.15 15.991858428704209 6.2
    endloop
  endfacet
  facet normal 0 0 -1
    outer loop
      vertex 15.62634559672906 12.37365440327094 6.2
      vertex 15.642073904691417 13.560007623325715 6.2
      vertex 15.685456264335478 13.778105473225912 6.2
    endloop
  endfacet
  facet normal 0 0 -1
    outer loop
      vertex 15.62634559672906 12.37365440327094 6.2
      vertex 15.685456264335478 13.778105473225912 6.2
      vertex 15.7 14 6.2
    endloop
  endfacet
  facet normal 0 0 -1
    outer loop
      vertex 15.62634559672906 12.37365440327094 6.2
      vertex 15.82471268266984 15.400151286720057 6.2
      vertex 15.82471268266984 12.599848713279943 6.2
    endloop
  endfacet
  facet normal 0 0 -1
    outer loop
      vertex 15.82471268266984 12.599848713279943 6.2
      vertex 15.991858428704209 15.15 6.2
      vertex 15.991858428704209 12.85 6.2
    endloop
  endfacet
  facet normal 0 0 -1
    outer loop
      vertex 15.62634559672906 12.37365440327094 6.2
      vertex 15.7 14 6.2
      vertex 15.82471268266984 15.400151286720057 6.2
    endloop
  endfacet
  facet normal 0 0 -1
    outer loop
      vertex 15.991858428704209 12.85 6.2
      vertex 16.12492292477596 14.880171894439707 6.2
      vertex 16.12492292477596 13.119828105560293 6.2
    endloop
  endfacet
  facet normal 0 0 -1
    outer loop
      vertex 16.12492292477596 13.119828105560293 6.2
      vertex 16.221629400464856 14.595283803735798 6.2
      vertex 16.221629400464856 13.404716196264202 6.2
    endloop
  endfacet
  facet normal 0 0 -1
    outer loop
      vertex 16.221629400464856 13.404716196264202 6.2
      vertex 16.280323181159766 14.300210242106118 6.2
      vertex 16.280323181159766 13.699789757893882 6.2
    endloop
  endfacet
  facet normal 0 0 -1
    outer loop
      vertex 16.280323181159766 13.699789757893882 6.2
      vertex 16.280323181159766 14.300210242106118 6.2
      vertex 16.3 14 6.2
    endloop
  endfacet
  facet normal 0 0 -1
    outer loop
      vertex 16.221629400464856 13.404716196264202 6.2
      vertex 16.221629400464856 14.595283803735798 6.2
      vertex 16.280323181159766 14.300210242106118 6.2
    endloop
  endfacet
  facet normal 0 0 -1
    outer loop
      vertex 15.82471268266984 15.400151286720057 6.2
      vertex 15.7 14 6.2
      vertex 15.685456264335478 14.221894526774088 6.2
    endloop
  endfacet
  facet normal 0 0 -1
    outer loop
      vertex 15.82471268266984 12.599848713279943 6.2
      vertex 15.82471268266984 15.400151286720057 6.2
      vertex 15.991858428704209 15.15 6.2
    endloop
  endfacet
  facet normal 0 0 -1
    outer loop
      vertex 15.82471268266984 15.400151286720057 6.2
      vertex 15.685456264335478 14.221894526774088 6.2
      vertex 15.642073904691417 14.439992376674285 6.2
    endloop
  endfacet
  facet normal 0 0 -1
    outer loop
      vertex 15.82471268266984 15.400151286720057 6.2
      vertex 15.642073904691417 14.439992376674285 6.2
      vertex 15.570595205269187 14.650561835020653 6.2
    endloop
  endfacet
  facet normal 0 0 -1
    outer loop
      vertex 15.991858428704209 12.85 6.2
      vertex 15.991858428704209 15.15 6.2
      vertex 16.12492292477596 14.880171894439707 6.2
    endloop
  endfacet
  facet normal 0 0 -1
    outer loop
      vertex 16.12492292477596 13.119828105560293 6.2
      vertex 16.12492292477596 14.880171894439707 6.2
      vertex 16.221629400464856 14.595283803735798 6.2
    endloop
  endfacet
  facet normal 0 0 -1
    outer loop
      vertex 15.62634559672906 15.62634559672906 6.2
      vertex 15.82471268266984 15.400151286720057 6.2
      vertex 15.570595205269187 14.650561835020653 6.2
    endloop
  endfacet
  facet normal 0.5885675477331828 -0.3932682623678621 0.706348579363978
    outer loop
      vertex 15.82471268266984 12.599848713279943 6.2
      vertex 15.991858428704209 12.85 6.2
      vertex 15.12583302491977 13.35 7.2
    endloop
  endfacet
  facet normal 0.6348640795793238 -0.313080316996116 0.7063485793639775
    outer loop
      vertex 15.991858428704209 12.85 6.2
      vertex 16.12492292477596 13.119828105560293 6.2
      vertex 15.201043392264673 13.502511537925383 7.2
    endloop
  endfacet
  facet normal 0.6702979110062839 -0.2275354805983066 0.7063485793639779
    outer loop
      vertex 16.12492292477596 13.119828105560293 6.2
      vertex 16.221629400464856 13.404716196264202 6.2
      vertex 15.255703574175788 13.663535241366723 7.2
    endloop
  endfacet
  facet normal 0.6942627593342343 -0.138097449042712 0.7063485793639784
    outer loop
      vertex 16.221629400464856 13.404716196264202 6.2
      vertex 16.280323181159766 13.699789757893882 6.2
      vertex 15.288878319785953 13.830315950113933 7.2
    endloop
  endfacet
  facet normal 0.7063485793639772 -0.04629653184613726 0.7063485793639787
    outer loop
      vertex 15.288878319785953 13.830315950113933 7.2
      vertex 16.280323181159766 13.699789757893882 6.2
      vertex 16.3 14 6.2
    endloop
  endfacet
  facet normal 0.7063485793639773 0.046296531846137266 0.7063485793639785
    outer loop
      vertex 15.288878319785953 14.169684049886067 7.2
      vertex 16.3 14 6.2
      vertex 16.280323181159766 14.300210242106118 6.2
    endloop
  endfacet
  facet normal 0.7063485793639777 -0.04629653184614526 0.7063485793639777
    outer loop
      vertex 15.288878319785953 13.830315950113933 7.2
      vertex 16.3 14 6.2
      vertex 15.3 14 7.2
    endloop
  endfacet
  facet normal 0.7063485793639777 0.04629653184614526 0.7063485793639777
    outer loop
      vertex 15.3 14 7.2
      vertex 16.3 14 6.2
      vertex 15.288878319785953 14.169684049886067 7.2
    endloop
  endfacet
  facet normal 0.6942627593342343 0.138097449042712 0.7063485793639784
    outer loop
      vertex 16.221629400464856 14.595283803735798 6.2
      vertex 15.288878319785953 14.169684049886067 7.2
      vertex 16.280323181159766 14.300210242106118 6.2
    endloop
  endfacet
  facet normal 0.6348640795793238 0.313080316996116 0.7063485793639775
    outer loop
      vertex 16.12492292477596 14.880171894439707 6.2
      vertex 15.991858428704209 15.15 6.2
      vertex 15.201043392264673 14.497488462074617 7.2
    endloop
  endfacet
  facet normal 0.6702979110062839 0.2275354805983066 0.7063485793639779
    outer loop
      vertex 16.221629400464856 14.595283803735798 6.2
      vertex 16.12492292477596 14.880171894439707 6.2
      vertex 15.255703574175788 14.336464758633277 7.2
    endloop
  endfacet
  facet normal 0.5885675477331828 0.3932682623678621 0.706348579363978
    outer loop
      vertex 15.12583302491977 14.65 7.2
      vertex 15.991858428704209 15.15 6.2
      vertex 15.82471268266984 15.400151286720057 6.2
    endloop
  endfacet
  facet normal 0 0 -1
    outer loop
      vertex 11.875077075224041 -0.8801718944397064 6.2
      vertex 11.778370599535144 -0.5952838037357977 6.2
      vertex 11.875077075224041 0.8801718944397064 6.2
    endloop
  endfacet
  facet normal 0 0 -1
    outer loop
      vertex 12.008141571295791 -1.15 6.2
      vertex 11.875077075224041 -0.8801718944397064 6.2
      vertex 12.008141571295791 1.15 6.2
    endloop
  endfacet
  facet normal 0 0 -1
    outer loop
      vertex 12.17528731733016 -1.4001512867200574 6.2
      vertex 12.429404794730813 -0.6505618350206527 6.2
      vertex 12.37365440327094 -1.6263455967290592 6.2
    endloop
  endfacet
  facet normal 0 0 -1
    outer loop
      vertex 12.599848713279943 -1.8247126826698408 6.2
      vertex 12.37365440327094 -1.6263455967290592 6.2
      vertex 12.6512993215049 -1.0348944293148252 6.2
    endloop
  endfacet
  facet normal 0 0 -1
    outer loop
      vertex 12.599848713279943 -1.8247126826698408 6.2
      vertex 12.6512993215049 -1.0348944293148252 6.2
      vertex 12.797918471982868 -1.202081528017131 6.2
    endloop
  endfacet
  facet normal 0 0 -1
    outer loop
      vertex 12.37365440327094 -1.6263455967290592 6.2
      vertex 12.527756813566455 -0.8500000000000001 6.2
      vertex 12.6512993215049 -1.0348944293148252 6.2
    endloop
  endfacet
  facet normal 0 0 -1
    outer loop
      vertex 12.37365440327094 -1.6263455967290592 6.2
      vertex 12.429404794730813 -0.6505618350206527 6.2
      vertex 12.527756813566455 -0.8500000000000001 6.2
    endloop
  endfacet
  facet normal 0 0 -1
    outer loop
      vertex 12.17528731733016 -1.4001512867200574 6.2
      vertex 12.357926095308583 -0.4399923766742853 6.2
      vertex 12.429404794730813 -0.6505618350206527 6.2
    endloop
  endfacet
  facet normal 0 0 -1
    outer loop
      vertex 12.17528731733016 -1.4001512867200574 6.2
      vertex 12.314543735664522 -0.2218945267740877 6.2
      vertex 12.357926095308583 -0.4399923766742853 6.2
    endloop
  endfacet
  facet normal 0 0 -1
    outer loop
      vertex 12.008141571295791 -1.15 6.2
      vertex 12.17528731733016 1.4001512867200574 6.2
      vertex 12.17528731733016 -1.4001512867200574 6.2
    endloop
  endfacet
  facet normal 0 0 -1
    outer loop
      vertex 12.17528731733016 -1.4001512867200574 6.2
      vertex 12.3 0 6.2
      vertex 12.314543735664522 -0.2218945267740877 6.2
    endloop
  endfacet
  facet normal 0 0 -1
    outer loop
      vertex 11.719676818840236 -0.3002102421061186 6.2
      vertex 11.778370599535144 0.5952838037357977 6.2
      vertex 11.778370599535144 -0.5952838037357977 6.2
    endloop
  endfacet
  facet normal 0 0 -1
    outer loop
      vertex 11.719676818840236 -0.3002102421061186 6.2
      vertex 11.7 0 6.2
      vertex 11.719676818840236 0.3002102421061186 6.2
    endloop
  endfacet
  facet normal 0 0 -1
    outer loop
      vertex 11.719676818840236 -0.3002102421061186 6.2
      vertex 11.719676818840236 0.3002102421061186 6.2
      vertex 11.778370599535144 0.5952838037357977 6.2
    endloop
  endfacet
  facet normal 0 0 -1
    outer loop
      vertex 11.778370599535144 -0.5952838037357977 6.2
      vertex 11.778370599535144 0.5952838037357977 6.2
      vertex 11.875077075224041 0.8801718944397064 6.2
    endloop
  endfacet
  facet normal 0 0 -1
    outer loop
      vertex 11.875077075224041 -0.8801718944397064 6.2
      vertex 11.875077075224041 0.8801718944397064 6.2
      vertex 12.008141571295791 1.15 6.2
    endloop
  endfacet
  facet normal 0 0 -1
    outer loop
      vertex 12.17528731733016 -1.4001512867200574 6.2
      vertex 12.37365440327094 1.6263455967290592 6.2
      vertex 12.3 0 6.2
    endloop
  endfacet
  facet normal 0 0 -1
    outer loop
      vertex 12.008141571295791 -1.15 6.2
      vertex 12.008141571295791 1.15 6.2
      vertex 12.17528731733016 1.4001512867200574 6.2
    endloop
  endfacet
  facet normal 0 0 -1
    outer loop
      vertex 12.17528731733016 -1.4001512867200574 6.2
      vertex 12.17528731733016 1.4001512867200574 6.2
      vertex 12.37365440327094 1.6263455967290592 6.2
    endloop
  endfacet
  facet normal 0 0 -1
    outer loop
      vertex 12.37365440327094 1.6263455967290592 6.2
      vertex 12.314543735664522 0.2218945267740877 6.2
      vertex 12.3 0 6.2
    endloop
  endfacet
  facet normal 0 0 -1
    outer loop
      vertex 12.37365440327094 1.6263455967290592 6.2
      vertex 12.357926095308583 0.4399923766742853 6.2
      vertex 12.314543735664522 0.2218945267740877 6.2
    endloop
  endfacet
  facet normal 0 0 -1
    outer loop
      vertex 12.37365440327094 1.6263455967290592 6.2
      vertex 12.429404794730813 0.6505618350206527 6.2
      vertex 12.357926095308583 0.4399923766742853 6.2
    endloop
  endfacet
  facet normal 0 0 -1
    outer loop
      vertex 12.37365440327094 1.6263455967290592 6.2
      vertex 12.527756813566455 0.8500000000000001 6.2
      vertex 12.429404794730813 0.6505618350206527 6.2
    endloop
  endfacet
  facet normal 0 0 -1
    outer loop
      vertex 12.599848713279943 1.8247126826698408 6.2
      vertex 12.6512993215049 1.0348944293148252 6.2
      vertex 12.527756813566455 0.8500000000000001 6.2
    endloop
  endfacet
  facet normal -0.5885675477331836 -0.39326826236786094 0.7063485793639781
    outer loop
      vertex 12.008141571295791 -1.15 6.2
      vertex 12.17528731733016 -1.4001512867200574 6.2
      vertex 12.87416697508023 -0.65 7.2
    endloop
  endfacet
  facet normal -0.5322004619635777 -0.4667272787359281 0.7063485793639778
    outer loop
      vertex 12.17528731733016 -1.4001512867200574 6.2
      vertex 12.37365440327094 -1.6263455967290592 6.2
      vertex 12.968640657621394 -0.7913898577113369 7.2
    endloop
  endfacet
  facet normal -0.4667272787359277 -0.5322004619635781 0.7063485793639779
    outer loop
      vertex 12.599848713279943 -1.8247126826698408 6.2
      vertex 13.080761184457488 -0.9192388155425119 7.2
      vertex 12.37365440327094 -1.6263455967290592 6.2
    endloop
  endfacet
  facet normal -0.670297911006284 -0.22753548059830672 0.7063485793639777
    outer loop
      vertex 11.875077075224041 -0.8801718944397064 6.2
      vertex 12.744296425824212 -0.33646475863327696 7.2
      vertex 11.778370599535144 -0.5952838037357977 6.2
    endloop
  endfacet
  facet normal -0.6348640795793239 -0.31308031699611594 0.7063485793639777
    outer loop
      vertex 12.008141571295791 -1.15 6.2
      vertex 12.798956607735327 -0.4974884620746167 7.2
      vertex 11.875077075224041 -0.8801718944397064 6.2
    endloop
  endfacet
  facet normal -0.6942627593342355 -0.1380974490427085 0.706348579363978
    outer loop
      vertex 11.719676818840236 -0.3002102421061186 6.2
      vertex 11.778370599535144 -0.5952838037357977 6.2
      vertex 12.711121680214047 -0.16968404988606706 7.2
    endloop
  endfacet
  facet normal -0.5885675477331854 -0.3932682623678589 0.7063485793639778
    outer loop
      vertex 12.17528731733016 -1.4001512867200574 6.2
      vertex 12.968640657621394 -0.7913898577113369 7.2
      vertex 12.87416697508023 -0.65 7.2
    endloop
  endfacet
  facet normal -0.6348640795793218 -0.313080316996119 0.7063485793639782
    outer loop
      vertex 12.008141571295791 -1.15 6.2
      vertex 12.87416697508023 -0.65 7.2
      vertex 12.798956607735327 -0.4974884620746167 7.2
    endloop
  endfacet
  facet normal -0.6702979110062843 -0.22753548059830583 0.7063485793639775
    outer loop
      vertex 11.875077075224041 -0.8801718944397064 6.2
      vertex 12.798956607735327 -0.4974884620746167 7.2
      vertex 12.744296425824212 -0.33646475863327696 7.2
    endloop
  endfacet
  facet normal -0.6942627593342363 -0.1380974490427058 0.7063485793639777
    outer loop
      vertex 11.778370599535144 -0.5952838037357977 6.2
      vertex 12.744296425824212 -0.33646475863327696 7.2
      vertex 12.711121680214047 -0.16968404988606706 7.2
    endloop
  endfacet
  facet normal -0.7063485793639774 -0.04629653184614139 0.7063485793639781
    outer loop
      vertex 11.719676818840236 -0.3002102421061186 6.2
      vertex 12.711121680214047 -0.16968404988606706 7.2
      vertex 11.7 0 6.2
    endloop
  endfacet
  facet normal -0.7063485793639774 0.04629653184614139 0.7063485793639781
    outer loop
      vertex 11.7 0 6.2
      vertex 12.711121680214047 0.16968404988606706 7.2
      vertex 11.719676818840236 0.3002102421061186 6.2
    endloop
  endfacet
  facet normal -0.6942627593342355 0.1380974490427085 0.706348579363978
    outer loop
      vertex 11.719676818840236 0.3002102421061186 6.2
      vertex 12.711121680214047 0.16968404988606706 7.2
      vertex 11.778370599535144 0.5952838037357977 6.2
    endloop
  endfacet
  facet normal -0.670297911006284 0.22753548059830672 0.7063485793639777
    outer loop
      vertex 11.778370599535144 0.5952838037357977 6.2
      vertex 12.744296425824212 0.33646475863327696 7.2
      vertex 11.875077075224041 0.8801718944397064 6.2
    endloop
  endfacet
  facet normal -0.6348640795793239 0.31308031699611594 0.7063485793639777
    outer loop
      vertex 11.875077075224041 0.8801718944397064 6.2
      vertex 12.798956607735327 0.4974884620746167 7.2
      vertex 12.008141571295791 1.15 6.2
    endloop
  endfacet
  facet normal -0.5885675477331836 0.39326826236786094 0.706348579363978
    outer loop
      vertex 12.87416697508023 0.65 7.2
      vertex 12.17528731733016 1.4001512867200574 6.2
      vertex 12.008141571295791 1.15 6.2
    endloop
  endfacet
  facet normal -0.7063485793639777 -0.046296531846145246 0.7063485793639777
    outer loop
      vertex 12.711121680214047 -0.16968404988606706 7.2
      vertex 12.7 0 7.2
      vertex 11.7 0 6.2
    endloop
  endfacet
  facet normal -0.7063485793639777 0.046296531846145246 0.7063485793639777
    outer loop
      vertex 11.7 0 6.2
      vertex 12.7 0 7.2
      vertex 12.711121680214047 0.16968404988606706 7.2
    endloop
  endfacet
  facet normal -0.6942627593342363 0.1380974490427058 0.7063485793639777
    outer loop
      vertex 11.778370599535144 0.5952838037357977 6.2
      vertex 12.711121680214047 0.16968404988606706 7.2
      vertex 12.744296425824212 0.33646475863327696 7.2
    endloop
  endfacet
  facet normal 0 0 1
    outer loop
      vertex 12.744296425824212 -0.33646475863327696 7.2
      vertex 12.711121680214047 0.16968404988606706 7.2
      vertex 12.711121680214047 -0.16968404988606706 7.2
    endloop
  endfacet
  facet normal 0 0 1
    outer loop
      vertex 12.711121680214047 -0.16968404988606706 7.2
      vertex 12.711121680214047 0.16968404988606706 7.2
      vertex 12.7 0 7.2
    endloop
  endfacet
  facet normal 0 0 1
    outer loop
      vertex 12.744296425824212 -0.33646475863327696 7.2
      vertex 12.744296425824212 0.33646475863327696 7.2
      vertex 12.711121680214047 0.16968404988606706 7.2
    endloop
  endfacet
  facet normal -0.6702979110062843 0.22753548059830586 0.7063485793639775
    outer loop
      vertex 11.875077075224041 0.8801718944397064 6.2
      vertex 12.744296425824212 0.33646475863327696 7.2
      vertex 12.798956607735327 0.4974884620746167 7.2
    endloop
  endfacet
  facet normal -0.6348640795793219 0.31308031699611905 0.7063485793639781
    outer loop
      vertex 12.798956607735327 0.4974884620746167 7.2
      vertex 12.87416697508023 0.65 7.2
      vertex 12.008141571295791 1.15 6.2
    endloop
  endfacet
  facet normal -0.5885675477331854 0.3932682623678589 0.7063485793639778
    outer loop
      vertex 12.87416697508023 0.65 7.2
      vertex 12.968640657621394 0.7913898577113369 7.2
      vertex 12.17528731733016 1.4001512867200574 6.2
    endloop
  endfacet
  facet normal 0 0 -1
    outer loop
      vertex 12.37365440327094 1.6263455967290592 6.2
      vertex 12.599848713279943 1.8247126826698408 6.2
      vertex 12.527756813566455 0.8500000000000001 6.2
    endloop
  endfacet
  facet normal 0 0 -1
    outer loop
      vertex 12.599848713279943 1.8247126826698408 6.2
      vertex 12.797918471982868 1.202081528017131 6.2
      vertex 12.6512993215049 1.0348944293148252 6.2
    endloop
  endfacet
  facet normal 0 0 -1
    outer loop
      vertex 12.599848713279943 1.8247126826698408 6.2
      vertex 12.85 1.9918584287042087 6.2
      vertex 12.797918471982868 1.202081528017131 6.2
    endloop
  endfacet
  facet normal -0.5322004619635777 0.4667272787359281 0.7063485793639779
    outer loop
      vertex 12.17528731733016 1.4001512867200574 6.2
      vertex 12.968640657621394 0.7913898577113369 7.2
      vertex 12.37365440327094 1.6263455967290592 6.2
    endloop
  endfacet
  facet normal -0.4667272787359277 0.5322004619635781 0.7063485793639779
    outer loop
      vertex 12.37365440327094 1.6263455967290592 6.2
      vertex 13.080761184457488 0.9192388155425119 7.2
      vertex 12.599848713279943 1.8247126826698408 6.2
    endloop
  endfacet
  facet normal 0 0 -1
    outer loop
      vertex 12.85 -1.9918584287042087 6.2
      vertex 12.599848713279943 -1.8247126826698408 6.2
      vertex 12.965105570685175 -1.3487006784951 6.2
    endloop
  endfacet
  facet normal 0 0 -1
    outer loop
      vertex 12.85 -1.9918584287042087 6.2
      vertex 13.15 -1.4722431864335457 6.2
      vertex 13.119828105560293 -2.124922924775959 6.2
    endloop
  endfacet
  facet normal 0 0 -1
    outer loop
      vertex 13.119828105560293 -2.124922924775959 6.2
      vertex 13.560007623325715 -1.6420739046914163 6.2
      vertex 13.404716196264202 -2.221629400464857 6.2
    endloop
  endfacet
  facet normal 0 0 -1
    outer loop
      vertex 13.119828105560293 -2.124922924775959 6.2
      vertex 13.15 -1.4722431864335457 6.2
      vertex 13.349438164979347 -1.5705952052691876 6.2
    endloop
  endfacet
  facet normal 0 0 -1
    outer loop
      vertex 13.119828105560293 -2.124922924775959 6.2
      vertex 13.349438164979347 -1.5705952052691876 6.2
      vertex 13.560007623325715 -1.6420739046914163 6.2
    endloop
  endfacet
  facet normal 0 0 -1
    outer loop
      vertex 13.699789757893882 -2.2803231811597637 6.2
      vertex 13.404716196264202 -2.221629400464857 6.2
      vertex 13.778105473225912 -1.6854562643354778 6.2
    endloop
  endfacet
  facet normal 0 0 -1
    outer loop
      vertex 13.404716196264202 -2.221629400464857 6.2
      vertex 13.560007623325715 -1.6420739046914163 6.2
      vertex 13.778105473225912 -1.6854562643354778 6.2
    endloop
  endfacet
  facet normal 0 0 -1
    outer loop
      vertex 13.699789757893882 -2.2803231811597637 6.2
      vertex 13.778105473225912 -1.6854562643354778 6.2
      vertex 14 -1.7000000000000002 6.2
    endloop
  endfacet
  facet normal 0 0 -1
    outer loop
      vertex 13.699789757893882 -2.2803231811597637 6.2
      vertex 14 -1.7000000000000002 6.2
      vertex 14 -2.3 6.2
    endloop
  endfacet
  facet normal 0 0 -1
    outer loop
      vertex 14 -2.3 6.2
      vertex 14.221894526774088 -1.6854562643354778 6.2
      vertex 14.300210242106118 -2.2803231811597637 6.2
    endloop
  endfacet
  facet normal 0 0 -1
    outer loop
      vertex 14 -2.3 6.2
      vertex 14 -1.7000000000000002 6.2
      vertex 14.221894526774088 -1.6854562643354778 6.2
    endloop
  endfacet
  facet normal 0 0 -1
    outer loop
      vertex 14.300210242106118 -2.2803231811597637 6.2
      vertex 14.439992376674285 -1.6420739046914163 6.2
      vertex 14.595283803735798 -2.221629400464857 6.2
    endloop
  endfacet
  facet normal 0 0 -1
    outer loop
      vertex 14.300210242106118 -2.2803231811597637 6.2
      vertex 14.221894526774088 -1.6854562643354778 6.2
      vertex 14.439992376674285 -1.6420739046914163 6.2
    endloop
  endfacet
  facet normal 0 0 -1
    outer loop
      vertex 14.595283803735798 -2.221629400464857 6.2
      vertex 14.439992376674285 -1.6420739046914163 6.2
      vertex 14.650561835020653 -1.5705952052691876 6.2
    endloop
  endfacet
  facet normal 0 0 -1
    outer loop
      vertex 14.595283803735798 -2.221629400464857 6.2
      vertex 14.650561835020653 -1.5705952052691876 6.2
      vertex 14.880171894439707 -2.124922924775959 6.2
    endloop
  endfacet
  facet normal 0 0 -1
    outer loop
      vertex 14.880171894439707 -2.124922924775959 6.2
      vertex 14.650561835020653 -1.5705952052691876 6.2
      vertex 14.85 -1.4722431864335457 6.2
    endloop
  endfacet
  facet normal 0 0 -1
    outer loop
      vertex 14.880171894439707 -2.124922924775959 6.2
      vertex 15.034894429314825 -1.3487006784951 6.2
      vertex 15.15 -1.9918584287042087 6.2
    endloop
  endfacet
  facet normal 0 0 -1
    outer loop
      vertex 14.880171894439707 -2.124922924775959 6.2
      vertex 14.85 -1.4722431864335457 6.2
      vertex 15.034894429314825 -1.3487006784951 6.2
    endloop
  endfacet
  facet normal 0 0 -1
    outer loop
      vertex 15.15 -1.9918584287042087 6.2
      vertex 15.202081528017132 -1.202081528017131 6.2
      vertex 15.400151286720057 -1.8247126826698408 6.2
    endloop
  endfacet
  facet normal -0.3130803169961168 -0.6348640795793233 0.7063485793639778
    outer loop
      vertex 12.85 -1.9918584287042087 6.2
      vertex 13.119828105560293 -2.124922924775959 6.2
      vertex 13.35 -1.12583302491977 7.2
    endloop
  endfacet
  facet normal -0.22753548059830755 -0.6702979110062837 0.7063485793639777
    outer loop
      vertex 13.119828105560293 -2.124922924775959 6.2
      vertex 13.404716196264202 -2.221629400464857 6.2
      vertex 13.502511537925383 -1.2010433922646728 7.2
    endloop
  endfacet
  facet normal -0.13809744904270613 -0.6942627593342362 0.7063485793639778
    outer loop
      vertex 13.699789757893882 -2.2803231811597637 6.2
      vertex 13.663535241366723 -1.255703574175789 7.2
      vertex 13.404716196264202 -2.221629400464857 6.2
    endloop
  endfacet
  facet normal -0.04629653184613939 -0.7063485793639779 0.7063485793639777
    outer loop
      vertex 13.699789757893882 -2.2803231811597637 6.2
      vertex 14 -2.3 6.2
      vertex 13.830315950113933 -1.2888783197859535 7.2
    endloop
  endfacet
  facet normal 0.04629653184613939 -0.7063485793639779 0.7063485793639777
    outer loop
      vertex 14 -2.3 6.2
      vertex 14.300210242106118 -2.2803231811597637 6.2
      vertex 14.169684049886067 -1.2888783197859535 7.2
    endloop
  endfacet
  facet normal -0.04629653184613973 -0.7063485793639779 0.7063485793639778
    outer loop
      vertex 13.830315950113933 -1.2888783197859535 7.2
      vertex 14 -2.3 6.2
      vertex 14 -1.3 7.2
    endloop
  endfacet
  facet normal 0.04629653184613973 -0.7063485793639779 0.7063485793639778
    outer loop
      vertex 14 -2.3 6.2
      vertex 14.169684049886067 -1.2888783197859535 7.2
      vertex 14 -1.3 7.2
    endloop
  endfacet
  facet normal 0.1380974490427061 -0.6942627593342361 0.7063485793639778
    outer loop
      vertex 14.300210242106118 -2.2803231811597637 6.2
      vertex 14.595283803735798 -2.221629400464857 6.2
      vertex 14.336464758633277 -1.255703574175789 7.2
    endloop
  endfacet
  facet normal 0.22753548059830755 -0.6702979110062837 0.7063485793639777
    outer loop
      vertex 14.595283803735798 -2.221629400464857 6.2
      vertex 14.880171894439707 -2.124922924775959 6.2
      vertex 14.497488462074617 -1.2010433922646728 7.2
    endloop
  endfacet
  facet normal 0.3130803169961168 -0.6348640795793233 0.7063485793639778
    outer loop
      vertex 14.880171894439707 -2.124922924775959 6.2
      vertex 15.15 -1.9918584287042087 6.2
      vertex 14.65 -1.12583302491977 7.2
    endloop
  endfacet
  facet normal 0 0 -1
    outer loop
      vertex 12.599848713279943 -1.8247126826698408 6.2
      vertex 12.797918471982868 -1.202081528017131 6.2
      vertex 12.965105570685175 -1.3487006784951 6.2
    endloop
  endfacet
  facet normal 0 0 -1
    outer loop
      vertex 12.85 -1.9918584287042087 6.2
      vertex 12.965105570685175 -1.3487006784951 6.2
      vertex 13.15 -1.4722431864335457 6.2
    endloop
  endfacet
  facet normal 0 0 -1
    outer loop
      vertex 15.15 -1.9918584287042087 6.2
      vertex 15.034894429314825 -1.3487006784951 6.2
      vertex 15.202081528017132 -1.202081528017131 6.2
    endloop
  endfacet
  facet normal 0 0 -1
    outer loop
      vertex 15.400151286720057 -1.8247126826698408 6.2
      vertex 15.202081528017132 -1.202081528017131 6.2
      vertex 15.3487006784951 -1.0348944293148252 6.2
    endloop
  endfacet
  facet normal 0 0 -1
    outer loop
      vertex 15.400151286720057 -1.8247126826698408 6.2
      vertex 15.472243186433545 -0.8500000000000001 6.2
      vertex 15.62634559672906 -1.6263455967290592 6.2
    endloop
  endfacet
  facet normal 0 0 -1
    outer loop
      vertex 15.400151286720057 -1.8247126826698408 6.2
      vertex 15.3487006784951 -1.0348944293148252 6.2
      vertex 15.472243186433545 -0.8500000000000001 6.2
    endloop
  endfacet
  facet normal 0 0 -1
    outer loop
      vertex 15.62634559672906 -1.6263455967290592 6.2
      vertex 15.472243186433545 -0.8500000000000001 6.2
      vertex 15.570595205269187 -0.6505618350206527 6.2
    endloop
  endfacet
  facet normal 0 0 -1
    outer loop
      vertex 15.62634559672906 -1.6263455967290592 6.2
      vertex 15.570595205269187 -0.6505618350206527 6.2
      vertex 15.642073904691417 -0.4399923766742853 6.2
    endloop
  endfacet
  facet normal 0 0 -1
    outer loop
      vertex 15.62634559672906 1.6263455967290592 6.2
      vertex 15.570595205269187 0.6505618350206527 6.2
      vertex 15.472243186433545 0.8500000000000001 6.2
    endloop
  endfacet
  facet normal 0 0 -1
    outer loop
      vertex 15.62634559672906 1.6263455967290592 6.2
      vertex 15.472243186433545 0.8500000000000001 6.2
      vertex 15.3487006784951 1.0348944293148252 6.2
    endloop
  endfacet
  facet normal -0.39326826236786194 -0.5885675477331833 0.7063485793639775
    outer loop
      vertex 12.85 -1.9918584287042087 6.2
      vertex 13.208610142288663 -1.0313593423786058 7.2
      vertex 12.599848713279943 -1.8247126826698408 6.2
    endloop
  endfacet
  facet normal -0.5322004619635772 -0.4667272787359286 0.706348579363978
    outer loop
      vertex 12.37365440327094 -1.6263455967290592 6.2
      vertex 13.080761184457488 -0.9192388155425119 7.2
      vertex 12.968640657621394 -0.7913898577113369 7.2
    endloop
  endfacet
  facet normal -0.4667272787359301 -0.5322004619635765 0.7063485793639775
    outer loop
      vertex 12.599848713279943 -1.8247126826698408 6.2
      vertex 13.208610142288663 -1.0313593423786058 7.2
      vertex 13.080761184457488 -0.9192388155425119 7.2
    endloop
  endfacet
  facet normal -0.39326826236786006 -0.5885675477331844 0.7063485793639779
    outer loop
      vertex 12.85 -1.9918584287042087 6.2
      vertex 13.35 -1.12583302491977 7.2
      vertex 13.208610142288663 -1.0313593423786058 7.2
    endloop
  endfacet
  facet normal -0.3130803169961183 -0.6348640795793228 0.7063485793639775
    outer loop
      vertex 13.119828105560293 -2.124922924775959 6.2
      vertex 13.502511537925383 -1.2010433922646728 7.2
      vertex 13.35 -1.12583302491977 7.2
    endloop
  endfacet
  facet normal 0 0 1
    outer loop
      vertex 12.87416697508023 -0.65 7.2
      vertex 12.798956607735327 0.4974884620746167 7.2
      vertex 12.798956607735327 -0.4974884620746167 7.2
    endloop
  endfacet
  facet normal 0 0 1
    outer loop
      vertex 12.87416697508023 -0.65 7.2
      vertex 12.968640657621394 -0.7913898577113369 7.2
      vertex 12.87416697508023 0.65 7.2
    endloop
  endfacet
  facet normal 0 0 1
    outer loop
      vertex 13.080761184457488 -0.9192388155425119 7.2
      vertex 12.968640657621394 0.7913898577113369 7.2
      vertex 12.968640657621394 -0.7913898577113369 7.2
    endloop
  endfacet
  facet normal 0 0 1
    outer loop
      vertex 13.35 -1.12583302491977 7.2
      vertex 13.208610142288663 1.0313593423786058 7.2
      vertex 13.208610142288663 -1.0313593423786058 7.2
    endloop
  endfacet
  facet normal 0 0 1
    outer loop
      vertex 13.080761184457488 -0.9192388155425119 7.2
      vertex 13.208610142288663 -1.0313593423786058 7.2
      vertex 13.080761184457488 0.9192388155425119 7.2
    endloop
  endfacet
  facet normal 0 0 1
    outer loop
      vertex 13.35 -1.12583302491977 7.2
      vertex 13.502511537925383 -1.2010433922646728 7.2
      vertex 13.35 1.12583302491977 7.2
    endloop
  endfacet
  facet normal -0.227535480598306 -0.670297911006284 0.7063485793639779
    outer loop
      vertex 13.404716196264202 -2.221629400464857 6.2
      vertex 13.663535241366723 -1.255703574175789 7.2
      vertex 13.502511537925383 -1.2010433922646728 7.2
    endloop
  endfacet
  facet normal -0.1380974490427061 -0.6942627593342363 0.7063485793639778
    outer loop
      vertex 13.699789757893882 -2.2803231811597637 6.2
      vertex 13.830315950113933 -1.2888783197859535 7.2
      vertex 13.663535241366723 -1.255703574175789 7.2
    endloop
  endfacet
  facet normal 0 0 1
    outer loop
      vertex 13.502511537925383 -1.2010433922646728 7.2
      vertex 13.663535241366723 -1.255703574175789 7.2
      vertex 13.502511537925383 1.2010433922646728 7.2
    endloop
  endfacet
  facet normal 0 0 1
    outer loop
      vertex 13.663535241366723 -1.255703574175789 7.2
      vertex 13.830315950113933 -1.2888783197859535 7.2
      vertex 13.663535241366723 1.255703574175789 7.2
    endloop
  endfacet
  facet normal 0 0 1
    outer loop
      vertex 13.830315950113933 -1.2888783197859535 7.2
      vertex 14 -1.3 7.2
      vertex 13.830315950113933 1.2888783197859535 7.2
    endloop
  endfacet
  facet normal 0 0 1
    outer loop
      vertex 14 -1.3 7.2
      vertex 14.169684049886067 -1.2888783197859535 7.2
      vertex 14 1.3 7.2
    endloop
  endfacet
  facet normal 0 0 1
    outer loop
      vertex 12.798956607735327 -0.4974884620746167 7.2
      vertex 12.744296425824212 0.33646475863327696 7.2
      vertex 12.744296425824212 -0.33646475863327696 7.2
    endloop
  endfacet
  facet normal 0 0 1
    outer loop
      vertex 12.798956607735327 -0.4974884620746167 7.2
      vertex 12.798956607735327 0.4974884620746167 7.2
      vertex 12.744296425824212 0.33646475863327696 7.2
    endloop
  endfacet
  facet normal 0 0 1
    outer loop
      vertex 12.87416697508023 -0.65 7.2
      vertex 12.87416697508023 0.65 7.2
      vertex 12.798956607735327 0.4974884620746167 7.2
    endloop
  endfacet
  facet normal 0 0 1
    outer loop
      vertex 12.968640657621394 -0.7913898577113369 7.2
      vertex 12.968640657621394 0.7913898577113369 7.2
      vertex 12.87416697508023 0.65 7.2
    endloop
  endfacet
  facet normal 0 0 1
    outer loop
      vertex 13.080761184457488 -0.9192388155425119 7.2
      vertex 13.080761184457488 0.9192388155425119 7.2
      vertex 12.968640657621394 0.7913898577113369 7.2
    endloop
  endfacet
  facet normal 0 0 1
    outer loop
      vertex 13.208610142288663 -1.0313593423786058 7.2
      vertex 13.208610142288663 1.0313593423786058 7.2
      vertex 13.080761184457488 0.9192388155425119 7.2
    endloop
  endfacet
  facet normal 0 0 1
    outer loop
      vertex 13.35 -1.12583302491977 7.2
      vertex 13.35 1.12583302491977 7.2
      vertex 13.208610142288663 1.0313593423786058 7.2
    endloop
  endfacet
  facet normal 0 0 1
    outer loop
      vertex 13.502511537925383 -1.2010433922646728 7.2
      vertex 13.502511537925383 1.2010433922646728 7.2
      vertex 13.35 1.12583302491977 7.2
    endloop
  endfacet
  facet normal -0.5322004619635772 0.4667272787359287 0.7063485793639779
    outer loop
      vertex 12.37365440327094 1.6263455967290592 6.2
      vertex 12.968640657621394 0.7913898577113369 7.2
      vertex 13.080761184457488 0.9192388155425119 7.2
    endloop
  endfacet
  facet normal 0 0 1
    outer loop
      vertex 13.663535241366723 -1.255703574175789 7.2
      vertex 13.663535241366723 1.255703574175789 7.2
      vertex 13.502511537925383 1.2010433922646728 7.2
    endloop
  endfacet
  facet normal 0 0 1
    outer loop
      vertex 13.830315950113933 -1.2888783197859535 7.2
      vertex 13.830315950113933 1.2888783197859535 7.2
      vertex 13.663535241366723 1.255703574175789 7.2
    endloop
  endfacet
  facet normal 0 0 1
    outer loop
      vertex 13.830315950113933 1.2888783197859535 7.2
      vertex 14 -1.3 7.2
      vertex 14 1.3 7.2
    endloop
  endfacet
  facet normal 0 0 1
    outer loop
      vertex 14.169684049886067 -1.2888783197859535 7.2
      vertex 14.169684049886067 1.2888783197859535 7.2
      vertex 14 1.3 7.2
    endloop
  endfacet
  facet normal 0.39326826236786194 -0.5885675477331833 0.7063485793639775
    outer loop
      vertex 14.791389857711337 -1.0313593423786058 7.2
      vertex 15.15 -1.9918584287042087 6.2
      vertex 15.400151286720057 -1.8247126826698408 6.2
    endloop
  endfacet
  facet normal 0.46672727873592773 -0.5322004619635782 0.7063485793639778
    outer loop
      vertex 14.919238815542512 -0.9192388155425119 7.2
      vertex 15.400151286720057 -1.8247126826698408 6.2
      vertex 15.62634559672906 -1.6263455967290592 6.2
    endloop
  endfacet
  facet normal 0.5322004619635777 -0.46672727873592806 0.7063485793639779
    outer loop
      vertex 15.031359342378606 -0.7913898577113369 7.2
      vertex 15.62634559672906 -1.6263455967290592 6.2
      vertex 15.82471268266984 -1.4001512867200574 6.2
    endloop
  endfacet
  facet normal 0.13809744904270607 -0.6942627593342362 0.7063485793639778
    outer loop
      vertex 14.300210242106118 -2.2803231811597637 6.2
      vertex 14.336464758633277 -1.255703574175789 7.2
      vertex 14.169684049886067 -1.2888783197859535 7.2
    endloop
  endfacet
  facet normal 0.227535480598306 -0.670297911006284 0.706348579363978
    outer loop
      vertex 14.595283803735798 -2.221629400464857 6.2
      vertex 14.497488462074617 -1.2010433922646728 7.2
      vertex 14.336464758633277 -1.255703574175789 7.2
    endloop
  endfacet
  facet normal 0.31308031699611827 -0.6348640795793227 0.7063485793639775
    outer loop
      vertex 14.880171894439707 -2.124922924775959 6.2
      vertex 14.65 -1.12583302491977 7.2
      vertex 14.497488462074617 -1.2010433922646728 7.2
    endloop
  endfacet
  facet normal 0.39326826236786006 -0.5885675477331844 0.7063485793639779
    outer loop
      vertex 14.65 -1.12583302491977 7.2
      vertex 15.15 -1.9918584287042087 6.2
      vertex 14.791389857711337 -1.0313593423786058 7.2
    endloop
  endfacet
  facet normal 0 0 1
    outer loop
      vertex 14.169684049886067 -1.2888783197859535 7.2
      vertex 14.336464758633277 -1.255703574175789 7.2
      vertex 14.169684049886067 1.2888783197859535 7.2
    endloop
  endfacet
  facet normal 0 0 1
    outer loop
      vertex 14.336464758633277 -1.255703574175789 7.2
      vertex 14.497488462074617 -1.2010433922646728 7.2
      vertex 14.336464758633277 1.255703574175789 7.2
    endloop
  endfacet
  facet normal 0 0 1
    outer loop
      vertex 14.497488462074617 -1.2010433922646728 7.2
      vertex 14.65 -1.12583302491977 7.2
      vertex 14.497488462074617 1.2010433922646728 7.2
    endloop
  endfacet
  facet normal 0 0 1
    outer loop
      vertex 14.65 -1.12583302491977 7.2
      vertex 14.791389857711337 -1.0313593423786058 7.2
      vertex 14.65 1.12583302491977 7.2
    endloop
  endfacet
  facet normal 0 0 1
    outer loop
      vertex 14.791389857711337 -1.0313593423786058 7.2
      vertex 14.919238815542512 -0.9192388155425119 7.2
      vertex 14.791389857711337 1.0313593423786058 7.2
    endloop
  endfacet
  facet normal 0.4667272787359301 -0.5322004619635765 0.7063485793639775
    outer loop
      vertex 14.791389857711337 -1.0313593423786058 7.2
      vertex 15.400151286720057 -1.8247126826698408 6.2
      vertex 14.919238815542512 -0.9192388155425119 7.2
    endloop
  endfacet
  facet normal 0.5322004619635772 -0.4667272787359287 0.7063485793639779
    outer loop
      vertex 14.919238815542512 -0.9192388155425119 7.2
      vertex 15.62634559672906 -1.6263455967290592 6.2
      vertex 15.031359342378606 -0.7913898577113369 7.2
    endloop
  endfacet
  facet normal 0.5885675477331854 -0.3932682623678589 0.7063485793639778
    outer loop
      vertex 15.031359342378606 -0.7913898577113369 7.2
      vertex 15.82471268266984 -1.4001512867200574 6.2
      vertex 15.12583302491977 -0.65 7.2
    endloop
  endfacet
  facet normal 0.634864079579322 -0.31308031699611905 0.706348579363978
    outer loop
      vertex 15.991858428704209 -1.15 6.2
      vertex 15.201043392264673 -0.4974884620746167 7.2
      vertex 15.12583302491977 -0.65 7.2
    endloop
  endfacet
  facet normal 0.6702979110062843 -0.22753548059830586 0.7063485793639775
    outer loop
      vertex 16.12492292477596 -0.8801718944397064 6.2
      vertex 15.255703574175788 -0.33646475863327696 7.2
      vertex 15.201043392264673 -0.4974884620746167 7.2
    endloop
  endfacet
  facet normal 0.6942627593342363 -0.1380974490427058 0.7063485793639777
    outer loop
      vertex 16.221629400464856 -0.5952838037357977 6.2
      vertex 15.288878319785953 -0.16968404988606706 7.2
      vertex 15.255703574175788 -0.33646475863327696 7.2
    endloop
  endfacet
  facet normal 0 0 1
    outer loop
      vertex 14.919238815542512 -0.9192388155425119 7.2
      vertex 15.031359342378606 -0.7913898577113369 7.2
      vertex 14.919238815542512 0.9192388155425119 7.2
    endloop
  endfacet
  facet normal 0 0 1
    outer loop
      vertex 15.031359342378606 -0.7913898577113369 7.2
      vertex 15.12583302491977 -0.65 7.2
      vertex 15.031359342378606 0.7913898577113369 7.2
    endloop
  endfacet
  facet normal 0 0 1
    outer loop
      vertex 14.336464758633277 -1.255703574175789 7.2
      vertex 14.336464758633277 1.255703574175789 7.2
      vertex 14.169684049886067 1.2888783197859535 7.2
    endloop
  endfacet
  facet normal 0 0 1
    outer loop
      vertex 14.497488462074617 -1.2010433922646728 7.2
      vertex 14.497488462074617 1.2010433922646728 7.2
      vertex 14.336464758633277 1.255703574175789 7.2
    endloop
  endfacet
  facet normal 0 0 1
    outer loop
      vertex 14.65 -1.12583302491977 7.2
      vertex 14.65 1.12583302491977 7.2
      vertex 14.497488462074617 1.2010433922646728 7.2
    endloop
  endfacet
  facet normal 0 0 1
    outer loop
      vertex 14.919238815542512 -0.9192388155425119 7.2
      vertex 14.919238815542512 0.9192388155425119 7.2
      vertex 14.791389857711337 1.0313593423786058 7.2
    endloop
  endfacet
  facet normal 0 0 1
    outer loop
      vertex 14.791389857711337 -1.0313593423786058 7.2
      vertex 14.791389857711337 1.0313593423786058 7.2
      vertex 14.65 1.12583302491977 7.2
    endloop
  endfacet
  facet normal 0.6942627593342363 0.1380974490427058 0.7063485793639777
    outer loop
      vertex 16.221629400464856 0.5952838037357977 6.2
      vertex 15.255703574175788 0.33646475863327696 7.2
      vertex 15.288878319785953 0.16968404988606706 7.2
    endloop
  endfacet
  facet normal 0 0 1
    outer loop
      vertex 15.12583302491977 -0.65 7.2
      vertex 15.201043392264673 -0.4974884620746167 7.2
      vertex 15.12583302491977 0.65 7.2
    endloop
  endfacet
  facet normal 0 0 1
    outer loop
      vertex 15.201043392264673 -0.4974884620746167 7.2
      vertex 15.255703574175788 -0.33646475863327696 7.2
      vertex 15.201043392264673 0.4974884620746167 7.2
    endloop
  endfacet
  facet normal 0 0 1
    outer loop
      vertex 15.255703574175788 -0.33646475863327696 7.2
      vertex 15.255703574175788 0.33646475863327696 7.2
      vertex 15.201043392264673 0.4974884620746167 7.2
    endloop
  endfacet
  facet normal 0 0 1
    outer loop
      vertex 15.031359342378606 -0.7913898577113369 7.2
      vertex 15.031359342378606 0.7913898577113369 7.2
      vertex 14.919238815542512 0.9192388155425119 7.2
    endloop
  endfacet
  facet normal 0 0 1
    outer loop
      vertex 15.12583302491977 -0.65 7.2
      vertex 15.12583302491977 0.65 7.2
      vertex 15.031359342378606 0.7913898577113369 7.2
    endloop
  endfacet
  facet normal 0 0 1
    outer loop
      vertex 15.201043392264673 -0.4974884620746167 7.2
      vertex 15.201043392264673 0.4974884620746167 7.2
      vertex 15.12583302491977 0.65 7.2
    endloop
  endfacet
  facet normal 0 0 1
    outer loop
      vertex 15.255703574175788 -0.33646475863327696 7.2
      vertex 15.288878319785953 -0.16968404988606706 7.2
      vertex 15.255703574175788 0.33646475863327696 7.2
    endloop
  endfacet
  facet normal 0 0 1
    outer loop
      vertex 15.288878319785953 -0.16968404988606706 7.2
      vertex 15.3 0 7.2
      vertex 15.288878319785953 0.16968404988606706 7.2
    endloop
  endfacet
  facet normal 0 0 1
    outer loop
      vertex 15.288878319785953 -0.16968404988606706 7.2
      vertex 15.288878319785953 0.16968404988606706 7.2
      vertex 15.255703574175788 0.33646475863327696 7.2
    endloop
  endfacet
  facet normal 0.5322004619635772 0.4667272787359287 0.7063485793639779
    outer loop
      vertex 15.031359342378606 0.7913898577113369 7.2
      vertex 15.62634559672906 1.6263455967290592 6.2
      vertex 14.919238815542512 0.9192388155425119 7.2
    endloop
  endfacet
  facet normal 0.6348640795793219 0.31308031699611905 0.7063485793639781
    outer loop
      vertex 15.201043392264673 0.4974884620746167 7.2
      vertex 15.991858428704209 1.15 6.2
      vertex 15.12583302491977 0.65 7.2
    endloop
  endfacet
  facet normal 0.6702979110062843 0.22753548059830583 0.7063485793639775
    outer loop
      vertex 16.12492292477596 0.8801718944397064 6.2
      vertex 15.201043392264673 0.4974884620746167 7.2
      vertex 15.255703574175788 0.33646475863327696 7.2
    endloop
  endfacet
  facet normal 0.5885675477331854 0.3932682623678589 0.7063485793639778
    outer loop
      vertex 15.031359342378606 0.7913898577113369 7.2
      vertex 15.12583302491977 0.65 7.2
      vertex 15.82471268266984 1.4001512867200574 6.2
    endloop
  endfacet
  facet normal 0 0 -1
    outer loop
      vertex 15.62634559672906 -1.6263455967290592 6.2
      vertex 15.642073904691417 -0.4399923766742853 6.2
      vertex 15.685456264335478 -0.2218945267740877 6.2
    endloop
  endfacet
  facet normal 0 0 -1
    outer loop
      vertex 15.62634559672906 -1.6263455967290592 6.2
      vertex 15.685456264335478 -0.2218945267740877 6.2
      vertex 15.7 0 6.2
    endloop
  endfacet
  facet normal 0 0 -1
    outer loop
      vertex 15.62634559672906 -1.6263455967290592 6.2
      vertex 15.82471268266984 1.4001512867200574 6.2
      vertex 15.82471268266984 -1.4001512867200574 6.2
    endloop
  endfacet
  facet normal 0 0 -1
    outer loop
      vertex 15.82471268266984 -1.4001512867200574 6.2
      vertex 15.991858428704209 1.15 6.2
      vertex 15.991858428704209 -1.15 6.2
    endloop
  endfacet
  facet normal 0 0 -1
    outer loop
      vertex 15.991858428704209 -1.15 6.2
      vertex 16.12492292477596 0.8801718944397064 6.2
      vertex 16.12492292477596 -0.8801718944397064 6.2
    endloop
  endfacet
  facet normal 0 0 -1
    outer loop
      vertex 16.12492292477596 -0.8801718944397064 6.2
      vertex 16.221629400464856 0.5952838037357977 6.2
      vertex 16.221629400464856 -0.5952838037357977 6.2
    endloop
  endfacet
  facet normal 0 0 -1
    outer loop
      vertex 16.221629400464856 -0.5952838037357977 6.2
      vertex 16.280323181159766 0.3002102421061186 6.2
      vertex 16.280323181159766 -0.3002102421061186 6.2
    endloop
  endfacet
  facet normal 0 0 -1
    outer loop
      vertex 15.62634559672906 -1.6263455967290592 6.2
      vertex 15.7 0 6.2
      vertex 15.82471268266984 1.4001512867200574 6.2
    endloop
  endfacet
  facet normal 0 0 -1
    outer loop
      vertex 15.82471268266984 -1.4001512867200574 6.2
      vertex 15.82471268266984 1.4001512867200574 6.2
      vertex 15.991858428704209 1.15 6.2
    endloop
  endfacet
  facet normal 0 0 -1
    outer loop
      vertex 16.221629400464856 -0.5952838037357977 6.2
      vertex 16.221629400464856 0.5952838037357977 6.2
      vertex 16.280323181159766 0.3002102421061186 6.2
    endloop
  endfacet
  facet normal 0 0 -1
    outer loop
      vertex 16.280323181159766 -0.3002102421061186 6.2
      vertex 16.280323181159766 0.3002102421061186 6.2
      vertex 16.3 0 6.2
    endloop
  endfacet
  facet normal 0 0 -1
    outer loop
      vertex 15.991858428704209 -1.15 6.2
      vertex 15.991858428704209 1.15 6.2
      vertex 16.12492292477596 0.8801718944397064 6.2
    endloop
  endfacet
  facet normal 0 0 -1
    outer loop
      vertex 16.12492292477596 -0.8801718944397064 6.2
      vertex 16.12492292477596 0.8801718944397064 6.2
      vertex 16.221629400464856 0.5952838037357977 6.2
    endloop
  endfacet
  facet normal 0 0 -1
    outer loop
      vertex 15.82471268266984 1.4001512867200574 6.2
      vertex 15.7 0 6.2
      vertex 15.685456264335478 0.2218945267740877 6.2
    endloop
  endfacet
  facet normal 0 0 -1
    outer loop
      vertex 15.82471268266984 1.4001512867200574 6.2
      vertex 15.685456264335478 0.2218945267740877 6.2
      vertex 15.642073904691417 0.4399923766742853 6.2
    endloop
  endfacet
  facet normal 0 0 -1
    outer loop
      vertex 15.82471268266984 1.4001512867200574 6.2
      vertex 15.642073904691417 0.4399923766742853 6.2
      vertex 15.570595205269187 0.6505618350206527 6.2
    endloop
  endfacet
  facet normal 0 0 -1
    outer loop
      vertex 15.62634559672906 1.6263455967290592 6.2
      vertex 15.82471268266984 1.4001512867200574 6.2
      vertex 15.570595205269187 0.6505618350206527 6.2
    endloop
  endfacet
  facet normal 0.5885675477331836 -0.39326826236786094 0.7063485793639781
    outer loop
      vertex 15.82471268266984 -1.4001512867200574 6.2
      vertex 15.991858428704209 -1.15 6.2
      vertex 15.12583302491977 -0.65 7.2
    endloop
  endfacet
  facet normal 0.6348640795793239 -0.31308031699611594 0.7063485793639777
    outer loop
      vertex 15.991858428704209 -1.15 6.2
      vertex 16.12492292477596 -0.8801718944397064 6.2
      vertex 15.201043392264673 -0.4974884620746167 7.2
    endloop
  endfacet
  facet normal 0.670297911006284 -0.22753548059830672 0.7063485793639777
    outer loop
      vertex 16.12492292477596 -0.8801718944397064 6.2
      vertex 16.221629400464856 -0.5952838037357977 6.2
      vertex 15.255703574175788 -0.33646475863327696 7.2
    endloop
  endfacet
  facet normal 0.6942627593342342 -0.1380974490427124 0.7063485793639784
    outer loop
      vertex 16.221629400464856 -0.5952838037357977 6.2
      vertex 16.280323181159766 -0.3002102421061186 6.2
      vertex 15.288878319785953 -0.16968404988606706 7.2
    endloop
  endfacet
  facet normal 0.7063485793639771 -0.04629653184613718 0.7063485793639785
    outer loop
      vertex 15.288878319785953 -0.16968404988606706 7.2
      vertex 16.280323181159766 -0.3002102421061186 6.2
      vertex 16.3 0 6.2
    endloop
  endfacet
  facet normal 0.7063485793639773 0.0462965318461372 0.7063485793639787
    outer loop
      vertex 15.288878319785953 0.16968404988606706 7.2
      vertex 16.3 0 6.2
      vertex 16.280323181159766 0.3002102421061186 6.2
    endloop
  endfacet
  facet normal 0.6942627593342343 0.13809744904271243 0.7063485793639784
    outer loop
      vertex 16.221629400464856 0.5952838037357977 6.2
      vertex 15.288878319785953 0.16968404988606706 7.2
      vertex 16.280323181159766 0.3002102421061186 6.2
    endloop
  endfacet
  facet normal 0.6348640795793239 0.31308031699611594 0.7063485793639777
    outer loop
      vertex 16.12492292477596 0.8801718944397064 6.2
      vertex 15.991858428704209 1.15 6.2
      vertex 15.201043392264673 0.4974884620746167 7.2
    endloop
  endfacet
  facet normal 0.670297911006284 0.22753548059830672 0.7063485793639777
    outer loop
      vertex 16.221629400464856 0.5952838037357977 6.2
      vertex 16.12492292477596 0.8801718944397064 6.2
      vertex 15.255703574175788 0.33646475863327696 7.2
    endloop
  endfacet
  facet normal 0.5885675477331836 0.39326826236786094 0.706348579363978
    outer loop
      vertex 15.12583302491977 0.65 7.2
      vertex 15.991858428704209 1.15 6.2
      vertex 15.82471268266984 1.4001512867200574 6.2
    endloop
  endfacet
  facet normal 0.7063485793639777 -0.046296531846145246 0.7063485793639777
    outer loop
      vertex 15.288878319785953 -0.16968404988606706 7.2
      vertex 16.3 0 6.2
      vertex 15.3 0 7.2
    endloop
  endfacet
  facet normal 0.7063485793639777 0.046296531846145246 0.7063485793639777
    outer loop
      vertex 15.3 0 7.2
      vertex 16.3 0 6.2
      vertex 15.288878319785953 0.16968404988606706 7.2
    endloop
  endfacet
  facet normal 0 0 -1
    outer loop
      vertex 12.85 1.9918584287042087 6.2
      vertex 12.965105570685175 1.3487006784951 6.2
      vertex 12.797918471982868 1.202081528017131 6.2
    endloop
  endfacet
  facet normal 0 0 -1
    outer loop
      vertex 13.119828105560293 2.124922924775959 6.2
      vertex 13.15 1.4722431864335457 6.2
      vertex 12.965105570685175 1.3487006784951 6.2
    endloop
  endfacet
  facet normal 0 0 -1
    outer loop
      vertex 12.85 1.9918584287042087 6.2
      vertex 13.119828105560293 2.124922924775959 6.2
      vertex 12.965105570685175 1.3487006784951 6.2
    endloop
  endfacet
  facet normal 0 0 -1
    outer loop
      vertex 13.119828105560293 2.124922924775959 6.2
      vertex 13.349438164979347 1.5705952052691876 6.2
      vertex 13.15 1.4722431864335457 6.2
    endloop
  endfacet
  facet normal 0 0 -1
    outer loop
      vertex 13.404716196264202 2.221629400464857 6.2
      vertex 13.560007623325715 1.6420739046914163 6.2
      vertex 13.349438164979347 1.5705952052691876 6.2
    endloop
  endfacet
  facet normal 0 0 -1
    outer loop
      vertex 13.119828105560293 2.124922924775959 6.2
      vertex 13.404716196264202 2.221629400464857 6.2
      vertex 13.349438164979347 1.5705952052691876 6.2
    endloop
  endfacet
  facet normal 0 0 -1
    outer loop
      vertex 13.699789757893882 2.2803231811597637 6.2
      vertex 13.778105473225912 1.6854562643354778 6.2
      vertex 13.560007623325715 1.6420739046914163 6.2
    endloop
  endfacet
  facet normal 0 0 -1
    outer loop
      vertex 14 2.3 6.2
      vertex 14 1.7000000000000002 6.2
      vertex 13.778105473225912 1.6854562643354778 6.2
    endloop
  endfacet
  facet normal 0 0 -1
    outer loop
      vertex 14.300210242106118 2.2803231811597637 6.2
      vertex 14.221894526774088 1.6854562643354778 6.2
      vertex 14 1.7000000000000002 6.2
    endloop
  endfacet
  facet normal 0 0 -1
    outer loop
      vertex 13.404716196264202 2.221629400464857 6.2
      vertex 13.699789757893882 2.2803231811597637 6.2
      vertex 13.560007623325715 1.6420739046914163 6.2
    endloop
  endfacet
  facet normal 0 0 -1
    outer loop
      vertex 13.699789757893882 2.2803231811597637 6.2
      vertex 14 2.3 6.2
      vertex 13.778105473225912 1.6854562643354778 6.2
    endloop
  endfacet
  facet normal 0 0 -1
    outer loop
      vertex 14 2.3 6.2
      vertex 14.300210242106118 2.2803231811597637 6.2
      vertex 14 1.7000000000000002 6.2
    endloop
  endfacet
  facet normal 0 0 -1
    outer loop
      vertex 14.595283803735798 2.221629400464857 6.2
      vertex 14.439992376674285 1.6420739046914163 6.2
      vertex 14.221894526774088 1.6854562643354778 6.2
    endloop
  endfacet
  facet normal 0 0 -1
    outer loop
      vertex 14.880171894439707 2.124922924775959 6.2
      vertex 14.650561835020653 1.5705952052691876 6.2
      vertex 14.439992376674285 1.6420739046914163 6.2
    endloop
  endfacet
  facet normal 0 0 -1
    outer loop
      vertex 14.880171894439707 2.124922924775959 6.2
      vertex 14.85 1.4722431864335457 6.2
      vertex 14.650561835020653 1.5705952052691876 6.2
    endloop
  endfacet
  facet normal 0 0 -1
    outer loop
      vertex 14.595283803735798 2.221629400464857 6.2
      vertex 14.221894526774088 1.6854562643354778 6.2
      vertex 14.300210242106118 2.2803231811597637 6.2
    endloop
  endfacet
  facet normal 0 0 -1
    outer loop
      vertex 14.595283803735798 2.221629400464857 6.2
      vertex 14.880171894439707 2.124922924775959 6.2
      vertex 14.439992376674285 1.6420739046914163 6.2
    endloop
  endfacet
  facet normal 0 0 -1
    outer loop
      vertex 15.15 1.9918584287042087 6.2
      vertex 15.034894429314825 1.3487006784951 6.2
      vertex 14.85 1.4722431864335457 6.2
    endloop
  endfacet
  facet normal 0 0 -1
    outer loop
      vertex 15.400151286720057 1.8247126826698408 6.2
      vertex 15.202081528017132 1.202081528017131 6.2
      vertex 15.034894429314825 1.3487006784951 6.2
    endloop
  endfacet
  facet normal 0 0 -1
    outer loop
      vertex 14.880171894439707 2.124922924775959 6.2
      vertex 15.15 1.9918584287042087 6.2
      vertex 14.85 1.4722431864335457 6.2
    endloop
  endfacet
  facet normal 0 0 -1
    outer loop
      vertex 15.400151286720057 1.8247126826698408 6.2
      vertex 15.034894429314825 1.3487006784951 6.2
      vertex 15.15 1.9918584287042087 6.2
    endloop
  endfacet
  facet normal 0 0 -1
    outer loop
      vertex 15.400151286720057 1.8247126826698408 6.2
      vertex 15.3487006784951 1.0348944293148252 6.2
      vertex 15.202081528017132 1.202081528017131 6.2
    endloop
  endfacet
  facet normal 0 0 -1
    outer loop
      vertex 15.62634559672906 1.6263455967290592 6.2
      vertex 15.3487006784951 1.0348944293148252 6.2
      vertex 15.400151286720057 1.8247126826698408 6.2
    endloop
  endfacet
  facet normal -0.39326826236786194 0.5885675477331833 0.7063485793639775
    outer loop
      vertex 12.599848713279943 1.8247126826698408 6.2
      vertex 13.208610142288663 1.0313593423786058 7.2
      vertex 12.85 1.9918584287042087 6.2
    endloop
  endfacet
  facet normal -0.3130803169961168 0.6348640795793233 0.7063485793639778
    outer loop
      vertex 12.85 1.9918584287042087 6.2
      vertex 13.35 1.12583302491977 7.2
      vertex 13.119828105560293 2.124922924775959 6.2
    endloop
  endfacet
  facet normal -0.22753548059830755 0.6702979110062837 0.7063485793639777
    outer loop
      vertex 13.119828105560293 2.124922924775959 6.2
      vertex 13.502511537925383 1.2010433922646728 7.2
      vertex 13.404716196264202 2.221629400464857 6.2
    endloop
  endfacet
  facet normal -0.1380974490427061 0.6942627593342361 0.7063485793639778
    outer loop
      vertex 13.404716196264202 2.221629400464857 6.2
      vertex 13.663535241366723 1.255703574175789 7.2
      vertex 13.699789757893882 2.2803231811597637 6.2
    endloop
  endfacet
  facet normal -0.04629653184613939 0.7063485793639779 0.7063485793639777
    outer loop
      vertex 13.830315950113933 1.2888783197859535 7.2
      vertex 14 2.3 6.2
      vertex 13.699789757893882 2.2803231811597637 6.2
    endloop
  endfacet
  facet normal 0.04629653184613939 0.7063485793639779 0.7063485793639777
    outer loop
      vertex 14.169684049886067 1.2888783197859535 7.2
      vertex 14.300210242106118 2.2803231811597637 6.2
      vertex 14 2.3 6.2
    endloop
  endfacet
  facet normal -0.46672727873593006 0.5322004619635764 0.7063485793639775
    outer loop
      vertex 12.599848713279943 1.8247126826698408 6.2
      vertex 13.080761184457488 0.9192388155425119 7.2
      vertex 13.208610142288663 1.0313593423786058 7.2
    endloop
  endfacet
  facet normal -0.39326826236786006 0.5885675477331844 0.7063485793639779
    outer loop
      vertex 12.85 1.9918584287042087 6.2
      vertex 13.208610142288663 1.0313593423786058 7.2
      vertex 13.35 1.12583302491977 7.2
    endloop
  endfacet
  facet normal -0.31308031699611827 0.6348640795793227 0.7063485793639775
    outer loop
      vertex 13.119828105560293 2.124922924775959 6.2
      vertex 13.35 1.12583302491977 7.2
      vertex 13.502511537925383 1.2010433922646728 7.2
    endloop
  endfacet
  facet normal -0.227535480598306 0.670297911006284 0.706348579363978
    outer loop
      vertex 13.404716196264202 2.221629400464857 6.2
      vertex 13.502511537925383 1.2010433922646728 7.2
      vertex 13.663535241366723 1.255703574175789 7.2
    endloop
  endfacet
  facet normal -0.1380974490427061 0.6942627593342363 0.7063485793639778
    outer loop
      vertex 13.663535241366723 1.255703574175789 7.2
      vertex 13.830315950113933 1.2888783197859535 7.2
      vertex 13.699789757893882 2.2803231811597637 6.2
    endloop
  endfacet
  facet normal -0.04629653184613973 0.7063485793639779 0.7063485793639778
    outer loop
      vertex 13.830315950113933 1.2888783197859535 7.2
      vertex 14 1.3 7.2
      vertex 14 2.3 6.2
    endloop
  endfacet
  facet normal 0.04629653184613973 0.7063485793639779 0.7063485793639778
    outer loop
      vertex 14 1.3 7.2
      vertex 14.169684049886067 1.2888783197859535 7.2
      vertex 14 2.3 6.2
    endloop
  endfacet
  facet normal 0.1380974490427061 0.6942627593342361 0.7063485793639778
    outer loop
      vertex 14.595283803735798 2.221629400464857 6.2
      vertex 14.300210242106118 2.2803231811597637 6.2
      vertex 14.336464758633277 1.255703574175789 7.2
    endloop
  endfacet
  facet normal 0.22753548059830755 0.6702979110062837 0.7063485793639777
    outer loop
      vertex 14.595283803735798 2.221629400464857 6.2
      vertex 14.497488462074617 1.2010433922646728 7.2
      vertex 14.880171894439707 2.124922924775959 6.2
    endloop
  endfacet
  facet normal 0.31308031699611677 0.6348640795793232 0.7063485793639779
    outer loop
      vertex 14.880171894439707 2.124922924775959 6.2
      vertex 14.65 1.12583302491977 7.2
      vertex 15.15 1.9918584287042087 6.2
    endloop
  endfacet
  facet normal 0.39326826236786194 0.5885675477331833 0.7063485793639775
    outer loop
      vertex 14.791389857711337 1.0313593423786058 7.2
      vertex 15.400151286720057 1.8247126826698408 6.2
      vertex 15.15 1.9918584287042087 6.2
    endloop
  endfacet
  facet normal 0.4667272787359277 0.5322004619635781 0.7063485793639779
    outer loop
      vertex 14.919238815542512 0.9192388155425119 7.2
      vertex 15.62634559672906 1.6263455967290592 6.2
      vertex 15.400151286720057 1.8247126826698408 6.2
    endloop
  endfacet
  facet normal 0.5322004619635777 0.4667272787359281 0.7063485793639779
    outer loop
      vertex 15.031359342378606 0.7913898577113369 7.2
      vertex 15.82471268266984 1.4001512867200574 6.2
      vertex 15.62634559672906 1.6263455967290592 6.2
    endloop
  endfacet
  facet normal 0.1380974490427061 0.6942627593342363 0.7063485793639778
    outer loop
      vertex 14.169684049886067 1.2888783197859535 7.2
      vertex 14.336464758633277 1.255703574175789 7.2
      vertex 14.300210242106118 2.2803231811597637 6.2
    endloop
  endfacet
  facet normal 0.227535480598306 0.670297911006284 0.7063485793639779
    outer loop
      vertex 14.595283803735798 2.221629400464857 6.2
      vertex 14.336464758633277 1.255703574175789 7.2
      vertex 14.497488462074617 1.2010433922646728 7.2
    endloop
  endfacet
  facet normal 0.3130803169961183 0.6348640795793228 0.7063485793639775
    outer loop
      vertex 14.880171894439707 2.124922924775959 6.2
      vertex 14.497488462074617 1.2010433922646728 7.2
      vertex 14.65 1.12583302491977 7.2
    endloop
  endfacet
  facet normal 0.39326826236786006 0.5885675477331844 0.7063485793639779
    outer loop
      vertex 14.791389857711337 1.0313593423786058 7.2
      vertex 15.15 1.9918584287042087 6.2
      vertex 14.65 1.12583302491977 7.2
    endloop
  endfacet
  facet normal 0.4667272787359301 0.5322004619635765 0.7063485793639775
    outer loop
      vertex 14.791389857711337 1.0313593423786058 7.2
      vertex 14.919238815542512 0.9192388155425119 7.2
      vertex 15.400151286720057 1.8247126826698408 6.2
    endloop
  endfacet
  facet normal 0 0 -1
    outer loop
      vertex -1.8247126826698408 -1.4001512867200574 6.2
      vertex -1.5705952052691876 -0.6505618350206527 6.2
      vertex -1.6263455967290592 -1.6263455967290592 6.2
    endloop
  endfacet
  facet normal 0 0 -1
    outer loop
      vertex -2.124922924775959 -0.8801718944397064 6.2
      vertex -2.221629400464857 -0.5952838037357977 6.2
      vertex -2.124922924775959 0.8801718944397064 6.2
    endloop
  endfacet
  facet normal 0 0 -1
    outer loop
      vertex -1.9918584287042087 -1.15 6.2
      vertex -2.124922924775959 -0.8801718944397064 6.2
      vertex -1.9918584287042087 1.15 6.2
    endloop
  endfacet
  facet normal 0 0 -1
    outer loop
      vertex -1.8247126826698408 -1.4001512867200574 6.2
      vertex -1.6420739046914163 -0.4399923766742853 6.2
      vertex -1.5705952052691876 -0.6505618350206527 6.2
    endloop
  endfacet
  facet normal 0 0 -1
    outer loop
      vertex -1.8247126826698408 -1.4001512867200574 6.2
      vertex -1.6854562643354778 -0.2218945267740877 6.2
      vertex -1.6420739046914163 -0.4399923766742853 6.2
    endloop
  endfacet
  facet normal 0 0 -1
    outer loop
      vertex -1.9918584287042087 -1.15 6.2
      vertex -1.8247126826698408 1.4001512867200574 6.2
      vertex -1.8247126826698408 -1.4001512867200574 6.2
    endloop
  endfacet
  facet normal 0 0 -1
    outer loop
      vertex -1.8247126826698408 -1.4001512867200574 6.2
      vertex -1.7000000000000002 0 6.2
      vertex -1.6854562643354778 -0.2218945267740877 6.2
    endloop
  endfacet
  facet normal 0 0 -1
    outer loop
      vertex -2.2803231811597637 -0.3002102421061186 6.2
      vertex -2.221629400464857 0.5952838037357977 6.2
      vertex -2.221629400464857 -0.5952838037357977 6.2
    endloop
  endfacet
  facet normal 0 0 -1
    outer loop
      vertex -2.2803231811597637 -0.3002102421061186 6.2
      vertex -2.3 0 6.2
      vertex -2.2803231811597637 0.3002102421061186 6.2
    endloop
  endfacet
  facet normal 0 0 -1
    outer loop
      vertex -2.2803231811597637 -0.3002102421061186 6.2
      vertex -2.2803231811597637 0.3002102421061186 6.2
      vertex -2.221629400464857 0.5952838037357977 6.2
    endloop
  endfacet
  facet normal 0 0 -1
    outer loop
      vertex -2.221629400464857 -0.5952838037357977 6.2
      vertex -2.221629400464857 0.5952838037357977 6.2
      vertex -2.124922924775959 0.8801718944397064 6.2
    endloop
  endfacet
  facet normal 0 0 -1
    outer loop
      vertex -2.124922924775959 -0.8801718944397064 6.2
      vertex -2.124922924775959 0.8801718944397064 6.2
      vertex -1.9918584287042087 1.15 6.2
    endloop
  endfacet
  facet normal 0 0 -1
    outer loop
      vertex -1.8247126826698408 -1.4001512867200574 6.2
      vertex -1.6263455967290592 1.6263455967290592 6.2
      vertex -1.7000000000000002 0 6.2
    endloop
  endfacet
  facet normal 0 0 -1
    outer loop
      vertex -1.9918584287042087 -1.15 6.2
      vertex -1.9918584287042087 1.15 6.2
      vertex -1.8247126826698408 1.4001512867200574 6.2
    endloop
  endfacet
  facet normal 0 0 -1
    outer loop
      vertex -1.8247126826698408 -1.4001512867200574 6.2
      vertex -1.8247126826698408 1.4001512867200574 6.2
      vertex -1.6263455967290592 1.6263455967290592 6.2
    endloop
  endfacet
  facet normal 0 0 -1
    outer loop
      vertex -1.6263455967290592 1.6263455967290592 6.2
      vertex -1.6854562643354778 0.2218945267740877 6.2
      vertex -1.7000000000000002 0 6.2
    endloop
  endfacet
  facet normal 0 0 -1
    outer loop
      vertex -1.6263455967290592 1.6263455967290592 6.2
      vertex -1.6420739046914163 0.4399923766742853 6.2
      vertex -1.6854562643354778 0.2218945267740877 6.2
    endloop
  endfacet
  facet normal -0.588567547733184 -0.3932682623678606 0.7063485793639778
    outer loop
      vertex -1.9918584287042087 -1.15 6.2
      vertex -1.8247126826698408 -1.4001512867200574 6.2
      vertex -1.12583302491977 -0.65 7.2
    endloop
  endfacet
  facet normal -0.6702979110062836 -0.2275354805983076 0.7063485793639778
    outer loop
      vertex -2.124922924775959 -0.8801718944397064 6.2
      vertex -1.255703574175789 -0.33646475863327696 7.2
      vertex -2.221629400464857 -0.5952838037357977 6.2
    endloop
  endfacet
  facet normal -0.6348640795793236 -0.31308031699611677 0.7063485793639777
    outer loop
      vertex -1.9918584287042087 -1.15 6.2
      vertex -1.2010433922646728 -0.4974884620746167 7.2
      vertex -2.124922924775959 -0.8801718944397064 6.2
    endloop
  endfacet
  facet normal -0.6942627593342361 -0.13809744904270652 0.7063485793639778
    outer loop
      vertex -2.2803231811597637 -0.3002102421061186 6.2
      vertex -2.221629400464857 -0.5952838037357977 6.2
      vertex -1.2888783197859535 -0.16968404988606706 7.2
    endloop
  endfacet
  facet normal -0.706348579363978 -0.04629653184613933 0.7063485793639778
    outer loop
      vertex -2.2803231811597637 -0.3002102421061186 6.2
      vertex -1.2888783197859535 -0.16968404988606706 7.2
      vertex -2.3 0 6.2
    endloop
  endfacet
  facet normal -0.706348579363978 0.04629653184613933 0.7063485793639778
    outer loop
      vertex -2.3 0 6.2
      vertex -1.2888783197859535 0.16968404988606706 7.2
      vertex -2.2803231811597637 0.3002102421061186 6.2
    endloop
  endfacet
  facet normal -0.6942627593342361 0.13809744904270652 0.7063485793639778
    outer loop
      vertex -2.2803231811597637 0.3002102421061186 6.2
      vertex -1.2888783197859535 0.16968404988606706 7.2
      vertex -2.221629400464857 0.5952838037357977 6.2
    endloop
  endfacet
  facet normal -0.6702979110062836 0.2275354805983076 0.7063485793639778
    outer loop
      vertex -2.221629400464857 0.5952838037357977 6.2
      vertex -1.255703574175789 0.33646475863327696 7.2
      vertex -2.124922924775959 0.8801718944397064 6.2
    endloop
  endfacet
  facet normal -0.6348640795793234 0.3130803169961167 0.7063485793639778
    outer loop
      vertex -2.124922924775959 0.8801718944397064 6.2
      vertex -1.2010433922646728 0.4974884620746167 7.2
      vertex -1.9918584287042087 1.15 6.2
    endloop
  endfacet
  facet normal -0.588567547733184 0.3932682623678606 0.7063485793639778
    outer loop
      vertex -1.12583302491977 0.65 7.2
      vertex -1.8247126826698408 1.4001512867200574 6.2
      vertex -1.9918584287042087 1.15 6.2
    endloop
  endfacet
  facet normal -0.7063485793639779 -0.046296531846139716 0.7063485793639778
    outer loop
      vertex -1.2888783197859535 -0.16968404988606706 7.2
      vertex -1.3 0 7.2
      vertex -2.3 0 6.2
    endloop
  endfacet
  facet normal -0.7063485793639779 0.046296531846139716 0.7063485793639778
    outer loop
      vertex -2.3 0 6.2
      vertex -1.3 0 7.2
      vertex -1.2888783197859535 0.16968404988606706 7.2
    endloop
  endfacet
  facet normal 0 0 -1
    outer loop
      vertex -1.15 -1.9918584287042087 6.2
      vertex -1.4001512867200574 -1.8247126826698408 6.2
      vertex -1.0348944293148252 -1.3487006784951 6.2
    endloop
  endfacet
  facet normal 0 0 -1
    outer loop
      vertex -1.15 -1.9918584287042087 6.2
      vertex -0.8500000000000001 -1.4722431864335457 6.2
      vertex -0.8801718944397064 -2.124922924775959 6.2
    endloop
  endfacet
  facet normal 0 0 -1
    outer loop
      vertex -0.8801718944397064 -2.124922924775959 6.2
      vertex -0.4399923766742853 -1.6420739046914163 6.2
      vertex -0.5952838037357977 -2.221629400464857 6.2
    endloop
  endfacet
  facet normal 0 0 -1
    outer loop
      vertex -0.8801718944397064 -2.124922924775959 6.2
      vertex -0.8500000000000001 -1.4722431864335457 6.2
      vertex -0.6505618350206527 -1.5705952052691876 6.2
    endloop
  endfacet
  facet normal 0 0 -1
    outer loop
      vertex -0.8801718944397064 -2.124922924775959 6.2
      vertex -0.6505618350206527 -1.5705952052691876 6.2
      vertex -0.4399923766742853 -1.6420739046914163 6.2
    endloop
  endfacet
  facet normal 0 0 -1
    outer loop
      vertex -0.3002102421061186 -2.2803231811597637 6.2
      vertex -0.5952838037357977 -2.221629400464857 6.2
      vertex -0.2218945267740877 -1.6854562643354778 6.2
    endloop
  endfacet
  facet normal 0 0 -1
    outer loop
      vertex -0.5952838037357977 -2.221629400464857 6.2
      vertex -0.4399923766742853 -1.6420739046914163 6.2
      vertex -0.2218945267740877 -1.6854562643354778 6.2
    endloop
  endfacet
  facet normal 0 0 -1
    outer loop
      vertex -0.3002102421061186 -2.2803231811597637 6.2
      vertex 0 -1.7000000000000002 6.2
      vertex 0 -2.3 6.2
    endloop
  endfacet
  facet normal 0 0 -1
    outer loop
      vertex -0.3002102421061186 -2.2803231811597637 6.2
      vertex -0.2218945267740877 -1.6854562643354778 6.2
      vertex 0 -1.7000000000000002 6.2
    endloop
  endfacet
  facet normal 0 0 -1
    outer loop
      vertex 0 -2.3 6.2
      vertex 0 -1.7000000000000002 6.2
      vertex 0.2218945267740877 -1.6854562643354778 6.2
    endloop
  endfacet
  facet normal 0 0 -1
    outer loop
      vertex 0 -2.3 6.2
      vertex 0.2218945267740877 -1.6854562643354778 6.2
      vertex 0.3002102421061186 -2.2803231811597637 6.2
    endloop
  endfacet
  facet normal 0 0 -1
    outer loop
      vertex 0.3002102421061186 -2.2803231811597637 6.2
      vertex 0.4399923766742853 -1.6420739046914163 6.2
      vertex 0.5952838037357977 -2.221629400464857 6.2
    endloop
  endfacet
  facet normal 0 0 -1
    outer loop
      vertex 0.3002102421061186 -2.2803231811597637 6.2
      vertex 0.2218945267740877 -1.6854562643354778 6.2
      vertex 0.4399923766742853 -1.6420739046914163 6.2
    endloop
  endfacet
  facet normal 0 0 -1
    outer loop
      vertex 0.5952838037357977 -2.221629400464857 6.2
      vertex 0.4399923766742853 -1.6420739046914163 6.2
      vertex 0.6505618350206527 -1.5705952052691876 6.2
    endloop
  endfacet
  facet normal 0 0 -1
    outer loop
      vertex 0.5952838037357977 -2.221629400464857 6.2
      vertex 0.6505618350206527 -1.5705952052691876 6.2
      vertex 0.8801718944397064 -2.124922924775959 6.2
    endloop
  endfacet
  facet normal 0 0 -1
    outer loop
      vertex 0.8801718944397064 -2.124922924775959 6.2
      vertex 0.6505618350206527 -1.5705952052691876 6.2
      vertex 0.8500000000000001 -1.4722431864335457 6.2
    endloop
  endfacet
  facet normal 0 0 -1
    outer loop
      vertex 0.8801718944397064 -2.124922924775959 6.2
      vertex 1.0348944293148252 -1.3487006784951 6.2
      vertex 1.15 -1.9918584287042087 6.2
    endloop
  endfacet
  facet normal 0 0 -1
    outer loop
      vertex 0.8801718944397064 -2.124922924775959 6.2
      vertex 0.8500000000000001 -1.4722431864335457 6.2
      vertex 1.0348944293148252 -1.3487006784951 6.2
    endloop
  endfacet
  facet normal -0.3130803169961167 -0.6348640795793233 0.7063485793639778
    outer loop
      vertex -1.15 -1.9918584287042087 6.2
      vertex -0.8801718944397064 -2.124922924775959 6.2
      vertex -0.65 -1.12583302491977 7.2
    endloop
  endfacet
  facet normal -0.22753548059830767 -0.6702979110062837 0.7063485793639777
    outer loop
      vertex -0.8801718944397064 -2.124922924775959 6.2
      vertex -0.5952838037357977 -2.221629400464857 6.2
      vertex -0.4974884620746167 -1.2010433922646728 7.2
    endloop
  endfacet
  facet normal -0.13809744904270652 -0.6942627593342361 0.7063485793639777
    outer loop
      vertex -0.3002102421061186 -2.2803231811597637 6.2
      vertex -0.33646475863327696 -1.255703574175789 7.2
      vertex -0.5952838037357977 -2.221629400464857 6.2
    endloop
  endfacet
  facet normal -0.04629653184613933 -0.706348579363978 0.7063485793639778
    outer loop
      vertex -0.3002102421061186 -2.2803231811597637 6.2
      vertex 0 -2.3 6.2
      vertex -0.16968404988606706 -1.2888783197859535 7.2
    endloop
  endfacet
  facet normal 0.04629653184613933 -0.706348579363978 0.7063485793639778
    outer loop
      vertex 0 -2.3 6.2
      vertex 0.3002102421061186 -2.2803231811597637 6.2
      vertex 0.16968404988606706 -1.2888783197859535 7.2
    endloop
  endfacet
  facet normal 0.13809744904270652 -0.6942627593342361 0.7063485793639777
    outer loop
      vertex 0.3002102421061186 -2.2803231811597637 6.2
      vertex 0.5952838037357977 -2.221629400464857 6.2
      vertex 0.33646475863327696 -1.255703574175789 7.2
    endloop
  endfacet
  facet normal 0.22753548059830767 -0.6702979110062837 0.7063485793639777
    outer loop
      vertex 0.5952838037357977 -2.221629400464857 6.2
      vertex 0.8801718944397064 -2.124922924775959 6.2
      vertex 0.4974884620746167 -1.2010433922646728 7.2
    endloop
  endfacet
  facet normal 0.3130803169961167 -0.6348640795793233 0.7063485793639778
    outer loop
      vertex 0.8801718944397064 -2.124922924775959 6.2
      vertex 1.15 -1.9918584287042087 6.2
      vertex 0.65 -1.12583302491977 7.2
    endloop
  endfacet
  facet normal -0.046296531846139716 -0.7063485793639779 0.7063485793639778
    outer loop
      vertex -0.16968404988606706 -1.2888783197859535 7.2
      vertex 0 -2.3 6.2
      vertex 0 -1.3 7.2
    endloop
  endfacet
  facet normal 0.046296531846139716 -0.7063485793639779 0.7063485793639778
    outer loop
      vertex 0 -2.3 6.2
      vertex 0.16968404988606706 -1.2888783197859535 7.2
      vertex 0 -1.3 7.2
    endloop
  endfacet
  facet normal 0 0 -1
    outer loop
      vertex -1.4001512867200574 -1.8247126826698408 6.2
      vertex -1.6263455967290592 -1.6263455967290592 6.2
      vertex -1.3487006784951 -1.0348944293148252 6.2
    endloop
  endfacet
  facet normal 0 0 -1
    outer loop
      vertex -1.4001512867200574 -1.8247126826698408 6.2
      vertex -1.3487006784951 -1.0348944293148252 6.2
      vertex -1.202081528017131 -1.202081528017131 6.2
    endloop
  endfacet
  facet normal 0 0 -1
    outer loop
      vertex -1.6263455967290592 -1.6263455967290592 6.2
      vertex -1.4722431864335457 -0.8500000000000001 6.2
      vertex -1.3487006784951 -1.0348944293148252 6.2
    endloop
  endfacet
  facet normal 0 0 -1
    outer loop
      vertex -1.6263455967290592 -1.6263455967290592 6.2
      vertex -1.5705952052691876 -0.6505618350206527 6.2
      vertex -1.4722431864335457 -0.8500000000000001 6.2
    endloop
  endfacet
  facet normal 0 0 -1
    outer loop
      vertex -1.4001512867200574 -1.8247126826698408 6.2
      vertex -1.202081528017131 -1.202081528017131 6.2
      vertex -1.0348944293148252 -1.3487006784951 6.2
    endloop
  endfacet
  facet normal 0 0 -1
    outer loop
      vertex -1.15 -1.9918584287042087 6.2
      vertex -1.0348944293148252 -1.3487006784951 6.2
      vertex -0.8500000000000001 -1.4722431864335457 6.2
    endloop
  endfacet
  facet normal 0 0 -1
    outer loop
      vertex -1.6263455967290592 1.6263455967290592 6.2
      vertex -1.5705952052691876 0.6505618350206527 6.2
      vertex -1.6420739046914163 0.4399923766742853 6.2
    endloop
  endfacet
  facet normal 0 0 -1
    outer loop
      vertex -1.6263455967290592 1.6263455967290592 6.2
      vertex -1.4722431864335457 0.8500000000000001 6.2
      vertex -1.5705952052691876 0.6505618350206527 6.2
    endloop
  endfacet
  facet normal 0 0 -1
    outer loop
      vertex -1.4001512867200574 1.8247126826698408 6.2
      vertex -1.3487006784951 1.0348944293148252 6.2
      vertex -1.4722431864335457 0.8500000000000001 6.2
    endloop
  endfacet
  facet normal 0 0 -1
    outer loop
      vertex 1.15 -1.9918584287042087 6.2
      vertex 1.0348944293148252 -1.3487006784951 6.2
      vertex 1.202081528017131 -1.202081528017131 6.2
    endloop
  endfacet
  facet normal -0.5322004619635771 -0.4667272787359291 0.7063485793639779
    outer loop
      vertex -1.8247126826698408 -1.4001512867200574 6.2
      vertex -1.6263455967290592 -1.6263455967290592 6.2
      vertex -1.0313593423786058 -0.7913898577113369 7.2
    endloop
  endfacet
  facet normal -0.4667272787359291 -0.5322004619635771 0.7063485793639779
    outer loop
      vertex -1.4001512867200574 -1.8247126826698408 6.2
      vertex -0.9192388155425119 -0.9192388155425119 7.2
      vertex -1.6263455967290592 -1.6263455967290592 6.2
    endloop
  endfacet
  facet normal -0.3932682623678607 -0.5885675477331841 0.7063485793639779
    outer loop
      vertex -1.15 -1.9918584287042087 6.2
      vertex -0.7913898577113369 -1.0313593423786058 7.2
      vertex -1.4001512867200574 -1.8247126826698408 6.2
    endloop
  endfacet
  facet normal -0.5885675477331844 -0.3932682623678601 0.7063485793639778
    outer loop
      vertex -1.8247126826698408 -1.4001512867200574 6.2
      vertex -1.0313593423786058 -0.7913898577113369 7.2
      vertex -1.12583302491977 -0.65 7.2
    endloop
  endfacet
  facet normal -0.5322004619635771 -0.466727278735929 0.7063485793639778
    outer loop
      vertex -1.6263455967290592 -1.6263455967290592 6.2
      vertex -0.9192388155425119 -0.9192388155425119 7.2
      vertex -1.0313593423786058 -0.7913898577113369 7.2
    endloop
  endfacet
  facet normal -0.46672727873592895 -0.5322004619635771 0.7063485793639778
    outer loop
      vertex -1.4001512867200574 -1.8247126826698408 6.2
      vertex -0.7913898577113369 -1.0313593423786058 7.2
      vertex -0.9192388155425119 -0.9192388155425119 7.2
    endloop
  endfacet
  facet normal -0.6702979110062837 -0.22753548059830747 0.7063485793639777
    outer loop
      vertex -2.124922924775959 -0.8801718944397064 6.2
      vertex -1.2010433922646728 -0.4974884620746167 7.2
      vertex -1.255703574175789 -0.33646475863327696 7.2
    endloop
  endfacet
  facet normal -0.6348640795793228 -0.3130803169961176 0.7063485793639779
    outer loop
      vertex -1.9918584287042087 -1.15 6.2
      vertex -1.12583302491977 -0.65 7.2
      vertex -1.2010433922646728 -0.4974884620746167 7.2
    endloop
  endfacet
  facet normal -0.6942627593342363 -0.13809744904270577 0.7063485793639777
    outer loop
      vertex -2.221629400464857 -0.5952838037357977 6.2
      vertex -1.255703574175789 -0.33646475863327696 7.2
      vertex -1.2888783197859535 -0.16968404988606706 7.2
    endloop
  endfacet
  facet normal 0 0 1
    outer loop
      vertex -1.12583302491977 -0.65 7.2
      vertex -1.2010433922646728 0.4974884620746167 7.2
      vertex -1.2010433922646728 -0.4974884620746167 7.2
    endloop
  endfacet
  facet normal 0 0 1
    outer loop
      vertex -1.12583302491977 -0.65 7.2
      vertex -1.0313593423786058 -0.7913898577113369 7.2
      vertex -1.12583302491977 0.65 7.2
    endloop
  endfacet
  facet normal 0 0 1
    outer loop
      vertex -0.9192388155425119 -0.9192388155425119 7.2
      vertex -1.0313593423786058 0.7913898577113369 7.2
      vertex -1.0313593423786058 -0.7913898577113369 7.2
    endloop
  endfacet
  facet normal -0.39326826236786006 -0.5885675477331844 0.7063485793639779
    outer loop
      vertex -1.15 -1.9918584287042087 6.2
      vertex -0.65 -1.12583302491977 7.2
      vertex -0.7913898577113369 -1.0313593423786058 7.2
    endloop
  endfacet
  facet normal -0.3130803169961177 -0.634864079579323 0.7063485793639777
    outer loop
      vertex -0.8801718944397064 -2.124922924775959 6.2
      vertex -0.4974884620746167 -1.2010433922646728 7.2
      vertex -0.65 -1.12583302491977 7.2
    endloop
  endfacet
  facet normal -0.22753548059830744 -0.6702979110062836 0.7063485793639778
    outer loop
      vertex -0.5952838037357977 -2.221629400464857 6.2
      vertex -0.33646475863327696 -1.255703574175789 7.2
      vertex -0.4974884620746167 -1.2010433922646728 7.2
    endloop
  endfacet
  facet normal -0.13809744904270577 -0.6942627593342362 0.7063485793639778
    outer loop
      vertex -0.3002102421061186 -2.2803231811597637 6.2
      vertex -0.16968404988606706 -1.2888783197859535 7.2
      vertex -0.33646475863327696 -1.255703574175789 7.2
    endloop
  endfacet
  facet normal 0 0 1
    outer loop
      vertex -0.65 -1.12583302491977 7.2
      vertex -0.7913898577113369 1.0313593423786058 7.2
      vertex -0.7913898577113369 -1.0313593423786058 7.2
    endloop
  endfacet
  facet normal 0 0 1
    outer loop
      vertex -0.9192388155425119 -0.9192388155425119 7.2
      vertex -0.7913898577113369 -1.0313593423786058 7.2
      vertex -0.9192388155425119 0.9192388155425119 7.2
    endloop
  endfacet
  facet normal 0 0 1
    outer loop
      vertex -0.65 -1.12583302491977 7.2
      vertex -0.4974884620746167 -1.2010433922646728 7.2
      vertex -0.65 1.12583302491977 7.2
    endloop
  endfacet
  facet normal 0 0 1
    outer loop
      vertex -0.4974884620746167 -1.2010433922646728 7.2
      vertex -0.33646475863327696 -1.255703574175789 7.2
      vertex -0.4974884620746167 1.2010433922646728 7.2
    endloop
  endfacet
  facet normal 0 0 1
    outer loop
      vertex -0.33646475863327696 -1.255703574175789 7.2
      vertex -0.16968404988606706 -1.2888783197859535 7.2
      vertex -0.33646475863327696 1.255703574175789 7.2
    endloop
  endfacet
  facet normal -0.6942627593342363 0.13809744904270577 0.7063485793639778
    outer loop
      vertex -2.221629400464857 0.5952838037357977 6.2
      vertex -1.2888783197859535 0.16968404988606706 7.2
      vertex -1.255703574175789 0.33646475863327696 7.2
    endloop
  endfacet
  facet normal 0 0 1
    outer loop
      vertex -1.255703574175789 -0.33646475863327696 7.2
      vertex -1.2888783197859535 0.16968404988606706 7.2
      vertex -1.2888783197859535 -0.16968404988606706 7.2
    endloop
  endfacet
  facet normal 0 0 1
    outer loop
      vertex -1.2888783197859535 -0.16968404988606706 7.2
      vertex -1.2888783197859535 0.16968404988606706 7.2
      vertex -1.3 0 7.2
    endloop
  endfacet
  facet normal 0 0 1
    outer loop
      vertex -1.255703574175789 -0.33646475863327696 7.2
      vertex -1.255703574175789 0.33646475863327696 7.2
      vertex -1.2888783197859535 0.16968404988606706 7.2
    endloop
  endfacet
  facet normal 0 0 1
    outer loop
      vertex -1.2010433922646728 -0.4974884620746167 7.2
      vertex -1.255703574175789 0.33646475863327696 7.2
      vertex -1.255703574175789 -0.33646475863327696 7.2
    endloop
  endfacet
  facet normal 0 0 1
    outer loop
      vertex -1.2010433922646728 -0.4974884620746167 7.2
      vertex -1.2010433922646728 0.4974884620746167 7.2
      vertex -1.255703574175789 0.33646475863327696 7.2
    endloop
  endfacet
  facet normal 0 0 1
    outer loop
      vertex -1.12583302491977 -0.65 7.2
      vertex -1.12583302491977 0.65 7.2
      vertex -1.2010433922646728 0.4974884620746167 7.2
    endloop
  endfacet
  facet normal 0 0 1
    outer loop
      vertex -1.0313593423786058 -0.7913898577113369 7.2
      vertex -1.0313593423786058 0.7913898577113369 7.2
      vertex -1.12583302491977 0.65 7.2
    endloop
  endfacet
  facet normal 0 0 1
    outer loop
      vertex -0.9192388155425119 -0.9192388155425119 7.2
      vertex -0.9192388155425119 0.9192388155425119 7.2
      vertex -1.0313593423786058 0.7913898577113369 7.2
    endloop
  endfacet
  facet normal -0.6702979110062837 0.22753548059830747 0.7063485793639777
    outer loop
      vertex -2.124922924775959 0.8801718944397064 6.2
      vertex -1.255703574175789 0.33646475863327696 7.2
      vertex -1.2010433922646728 0.4974884620746167 7.2
    endloop
  endfacet
  facet normal -0.6348640795793229 0.31308031699611766 0.7063485793639778
    outer loop
      vertex -1.2010433922646728 0.4974884620746167 7.2
      vertex -1.12583302491977 0.65 7.2
      vertex -1.9918584287042087 1.15 6.2
    endloop
  endfacet
  facet normal -0.5885675477331844 0.3932682623678601 0.7063485793639778
    outer loop
      vertex -1.12583302491977 0.65 7.2
      vertex -1.0313593423786058 0.7913898577113369 7.2
      vertex -1.8247126826698408 1.4001512867200574 6.2
    endloop
  endfacet
  facet normal -0.5322004619635771 0.46672727873592895 0.7063485793639778
    outer loop
      vertex -1.6263455967290592 1.6263455967290592 6.2
      vertex -1.0313593423786058 0.7913898577113369 7.2
      vertex -0.9192388155425119 0.9192388155425119 7.2
    endloop
  endfacet
  facet normal 0 0 1
    outer loop
      vertex -0.7913898577113369 -1.0313593423786058 7.2
      vertex -0.7913898577113369 1.0313593423786058 7.2
      vertex -0.9192388155425119 0.9192388155425119 7.2
    endloop
  endfacet
  facet normal 0 0 1
    outer loop
      vertex -0.65 -1.12583302491977 7.2
      vertex -0.65 1.12583302491977 7.2
      vertex -0.7913898577113369 1.0313593423786058 7.2
    endloop
  endfacet
  facet normal 0 0 1
    outer loop
      vertex -0.4974884620746167 -1.2010433922646728 7.2
      vertex -0.4974884620746167 1.2010433922646728 7.2
      vertex -0.65 1.12583302491977 7.2
    endloop
  endfacet
  facet normal 0 0 1
    outer loop
      vertex -0.33646475863327696 -1.255703574175789 7.2
      vertex -0.33646475863327696 1.255703574175789 7.2
      vertex -0.4974884620746167 1.2010433922646728 7.2
    endloop
  endfacet
  facet normal 0 0 1
    outer loop
      vertex -0.16968404988606706 -1.2888783197859535 7.2
      vertex -0.16968404988606706 1.2888783197859535 7.2
      vertex -0.33646475863327696 1.255703574175789 7.2
    endloop
  endfacet
  facet normal 0.3932682623678606 -0.588567547733184 0.7063485793639778
    outer loop
      vertex 0.7913898577113369 -1.0313593423786058 7.2
      vertex 1.15 -1.9918584287042087 6.2
      vertex 1.4001512867200574 -1.8247126826698408 6.2
    endloop
  endfacet
  facet normal 0.13809744904270577 -0.6942627593342362 0.7063485793639778
    outer loop
      vertex 0.3002102421061186 -2.2803231811597637 6.2
      vertex 0.33646475863327696 -1.255703574175789 7.2
      vertex 0.16968404988606706 -1.2888783197859535 7.2
    endloop
  endfacet
  facet normal 0.22753548059830747 -0.6702979110062837 0.7063485793639778
    outer loop
      vertex 0.5952838037357977 -2.221629400464857 6.2
      vertex 0.4974884620746167 -1.2010433922646728 7.2
      vertex 0.33646475863327696 -1.255703574175789 7.2
    endloop
  endfacet
  facet normal 0 0 1
    outer loop
      vertex -0.16968404988606706 -1.2888783197859535 7.2
      vertex 0 -1.3 7.2
      vertex -0.16968404988606706 1.2888783197859535 7.2
    endloop
  endfacet
  facet normal 0 0 1
    outer loop
      vertex 0 -1.3 7.2
      vertex 0.16968404988606706 -1.2888783197859535 7.2
      vertex 0 1.3 7.2
    endloop
  endfacet
  facet normal 0 0 1
    outer loop
      vertex 0.16968404988606706 -1.2888783197859535 7.2
      vertex 0.33646475863327696 -1.255703574175789 7.2
      vertex 0.16968404988606706 1.2888783197859535 7.2
    endloop
  endfacet
  facet normal 0 0 1
    outer loop
      vertex 0.33646475863327696 -1.255703574175789 7.2
      vertex 0.4974884620746167 -1.2010433922646728 7.2
      vertex 0.33646475863327696 1.255703574175789 7.2
    endloop
  endfacet
  facet normal 0.3130803169961177 -0.634864079579323 0.7063485793639778
    outer loop
      vertex 0.8801718944397064 -2.124922924775959 6.2
      vertex 0.65 -1.12583302491977 7.2
      vertex 0.4974884620746167 -1.2010433922646728 7.2
    endloop
  endfacet
  facet normal 0.39326826236786006 -0.5885675477331844 0.7063485793639779
    outer loop
      vertex 0.65 -1.12583302491977 7.2
      vertex 1.15 -1.9918584287042087 6.2
      vertex 0.7913898577113369 -1.0313593423786058 7.2
    endloop
  endfacet
  facet normal 0.46672727873592895 -0.5322004619635771 0.7063485793639778
    outer loop
      vertex 0.7913898577113369 -1.0313593423786058 7.2
      vertex 1.4001512867200574 -1.8247126826698408 6.2
      vertex 0.9192388155425119 -0.9192388155425119 7.2
    endloop
  endfacet
  facet normal 0.5322004619635771 -0.466727278735929 0.7063485793639778
    outer loop
      vertex 0.9192388155425119 -0.9192388155425119 7.2
      vertex 1.6263455967290592 -1.6263455967290592 6.2
      vertex 1.0313593423786058 -0.7913898577113369 7.2
    endloop
  endfacet
  facet normal 0 0 1
    outer loop
      vertex 0.4974884620746167 -1.2010433922646728 7.2
      vertex 0.65 -1.12583302491977 7.2
      vertex 0.4974884620746167 1.2010433922646728 7.2
    endloop
  endfacet
  facet normal 0 0 1
    outer loop
      vertex 0.65 -1.12583302491977 7.2
      vertex 0.7913898577113369 -1.0313593423786058 7.2
      vertex 0.65 1.12583302491977 7.2
    endloop
  endfacet
  facet normal 0 0 1
    outer loop
      vertex 0.7913898577113369 -1.0313593423786058 7.2
      vertex 0.9192388155425119 -0.9192388155425119 7.2
      vertex 0.7913898577113369 1.0313593423786058 7.2
    endloop
  endfacet
  facet normal 0 0 1
    outer loop
      vertex 0.9192388155425119 -0.9192388155425119 7.2
      vertex 1.0313593423786058 -0.7913898577113369 7.2
      vertex 0.9192388155425119 0.9192388155425119 7.2
    endloop
  endfacet
  facet normal 0 0 1
    outer loop
      vertex 1.0313593423786058 -0.7913898577113369 7.2
      vertex 1.12583302491977 -0.65 7.2
      vertex 1.0313593423786058 0.7913898577113369 7.2
    endloop
  endfacet
  facet normal 0 0 1
    outer loop
      vertex -0.16968404988606706 1.2888783197859535 7.2
      vertex 0 -1.3 7.2
      vertex 0 1.3 7.2
    endloop
  endfacet
  facet normal 0 0 1
    outer loop
      vertex 0.16968404988606706 -1.2888783197859535 7.2
      vertex 0.16968404988606706 1.2888783197859535 7.2
      vertex 0 1.3 7.2
    endloop
  endfacet
  facet normal 0 0 1
    outer loop
      vertex 0.33646475863327696 -1.255703574175789 7.2
      vertex 0.33646475863327696 1.255703574175789 7.2
      vertex 0.16968404988606706 1.2888783197859535 7.2
    endloop
  endfacet
  facet normal 0 0 1
    outer loop
      vertex 0.4974884620746167 -1.2010433922646728 7.2
      vertex 0.4974884620746167 1.2010433922646728 7.2
      vertex 0.33646475863327696 1.255703574175789 7.2
    endloop
  endfacet
  facet normal 0 0 1
    outer loop
      vertex 0.65 -1.12583302491977 7.2
      vertex 0.65 1.12583302491977 7.2
      vertex 0.4974884620746167 1.2010433922646728 7.2
    endloop
  endfacet
  facet normal 0 0 1
    outer loop
      vertex 0.9192388155425119 -0.9192388155425119 7.2
      vertex 0.9192388155425119 0.9192388155425119 7.2
      vertex 0.7913898577113369 1.0313593423786058 7.2
    endloop
  endfacet
  facet normal 0 0 1
    outer loop
      vertex 0.7913898577113369 -1.0313593423786058 7.2
      vertex 0.7913898577113369 1.0313593423786058 7.2
      vertex 0.65 1.12583302491977 7.2
    endloop
  endfacet
  facet normal 0 0 1
    outer loop
      vertex 1.12583302491977 -0.65 7.2
      vertex 1.2010433922646728 -0.4974884620746167 7.2
      vertex 1.12583302491977 0.65 7.2
    endloop
  endfacet
  facet normal 0 0 1
    outer loop
      vertex 1.2010433922646728 -0.4974884620746167 7.2
      vertex 1.255703574175789 -0.33646475863327696 7.2
      vertex 1.2010433922646728 0.4974884620746167 7.2
    endloop
  endfacet
  facet normal 0 0 1
    outer loop
      vertex 1.255703574175789 -0.33646475863327696 7.2
      vertex 1.255703574175789 0.33646475863327696 7.2
      vertex 1.2010433922646728 0.4974884620746167 7.2
    endloop
  endfacet
  facet normal 0 0 1
    outer loop
      vertex 1.0313593423786058 -0.7913898577113369 7.2
      vertex 1.0313593423786058 0.7913898577113369 7.2
      vertex 0.9192388155425119 0.9192388155425119 7.2
    endloop
  endfacet
  facet normal 0 0 1
    outer loop
      vertex 1.12583302491977 -0.65 7.2
      vertex 1.12583302491977 0.65 7.2
      vertex 1.0313593423786058 0.7913898577113369 7.2
    endloop
  endfacet
  facet normal 0 0 1
    outer loop
      vertex 1.2010433922646728 -0.4974884620746167 7.2
      vertex 1.2010433922646728 0.4974884620746167 7.2
      vertex 1.12583302491977 0.65 7.2
    endloop
  endfacet
  facet normal 0.5322004619635771 0.466727278735929 0.7063485793639778
    outer loop
      vertex 1.0313593423786058 0.7913898577113369 7.2
      vertex 1.6263455967290592 1.6263455967290592 6.2
      vertex 0.9192388155425119 0.9192388155425119 7.2
    endloop
  endfacet
  facet normal 0 0 -1
    outer loop
      vertex -1.6263455967290592 1.6263455967290592 6.2
      vertex -1.4001512867200574 1.8247126826698408 6.2
      vertex -1.4722431864335457 0.8500000000000001 6.2
    endloop
  endfacet
  facet normal 0 0 -1
    outer loop
      vertex -1.4001512867200574 1.8247126826698408 6.2
      vertex -1.202081528017131 1.202081528017131 6.2
      vertex -1.3487006784951 1.0348944293148252 6.2
    endloop
  endfacet
  facet normal 0 0 -1
    outer loop
      vertex -1.15 1.9918584287042087 6.2
      vertex -1.0348944293148252 1.3487006784951 6.2
      vertex -1.202081528017131 1.202081528017131 6.2
    endloop
  endfacet
  facet normal 0 0 -1
    outer loop
      vertex -1.4001512867200574 1.8247126826698408 6.2
      vertex -1.15 1.9918584287042087 6.2
      vertex -1.202081528017131 1.202081528017131 6.2
    endloop
  endfacet
  facet normal 0 0 -1
    outer loop
      vertex -0.8801718944397064 2.124922924775959 6.2
      vertex -0.8500000000000001 1.4722431864335457 6.2
      vertex -1.0348944293148252 1.3487006784951 6.2
    endloop
  endfacet
  facet normal 0 0 -1
    outer loop
      vertex -1.15 1.9918584287042087 6.2
      vertex -0.8801718944397064 2.124922924775959 6.2
      vertex -1.0348944293148252 1.3487006784951 6.2
    endloop
  endfacet
  facet normal 0 0 -1
    outer loop
      vertex -0.8801718944397064 2.124922924775959 6.2
      vertex -0.6505618350206527 1.5705952052691876 6.2
      vertex -0.8500000000000001 1.4722431864335457 6.2
    endloop
  endfacet
  facet normal 0 0 -1
    outer loop
      vertex -0.5952838037357977 2.221629400464857 6.2
      vertex -0.4399923766742853 1.6420739046914163 6.2
      vertex -0.6505618350206527 1.5705952052691876 6.2
    endloop
  endfacet
  facet normal 0 0 -1
    outer loop
      vertex -0.3002102421061186 2.2803231811597637 6.2
      vertex -0.2218945267740877 1.6854562643354778 6.2
      vertex -0.4399923766742853 1.6420739046914163 6.2
    endloop
  endfacet
  facet normal 0 0 -1
    outer loop
      vertex -0.8801718944397064 2.124922924775959 6.2
      vertex -0.5952838037357977 2.221629400464857 6.2
      vertex -0.6505618350206527 1.5705952052691876 6.2
    endloop
  endfacet
  facet normal 0 0 -1
    outer loop
      vertex -0.5952838037357977 2.221629400464857 6.2
      vertex -0.3002102421061186 2.2803231811597637 6.2
      vertex -0.4399923766742853 1.6420739046914163 6.2
    endloop
  endfacet
  facet normal 0 0 -1
    outer loop
      vertex 0 2.3 6.2
      vertex 0 1.7000000000000002 6.2
      vertex -0.2218945267740877 1.6854562643354778 6.2
    endloop
  endfacet
  facet normal 0 0 -1
    outer loop
      vertex 0.3002102421061186 2.2803231811597637 6.2
      vertex 0.2218945267740877 1.6854562643354778 6.2
      vertex 0 1.7000000000000002 6.2
    endloop
  endfacet
  facet normal 0 0 -1
    outer loop
      vertex 0.5952838037357977 2.221629400464857 6.2
      vertex 0.4399923766742853 1.6420739046914163 6.2
      vertex 0.2218945267740877 1.6854562643354778 6.2
    endloop
  endfacet
  facet normal 0 0 -1
    outer loop
      vertex -0.3002102421061186 2.2803231811597637 6.2
      vertex 0 2.3 6.2
      vertex -0.2218945267740877 1.6854562643354778 6.2
    endloop
  endfacet
  facet normal 0 0 -1
    outer loop
      vertex 0 2.3 6.2
      vertex 0.3002102421061186 2.2803231811597637 6.2
      vertex 0 1.7000000000000002 6.2
    endloop
  endfacet
  facet normal 0 0 -1
    outer loop
      vertex 0.5952838037357977 2.221629400464857 6.2
      vertex 0.2218945267740877 1.6854562643354778 6.2
      vertex 0.3002102421061186 2.2803231811597637 6.2
    endloop
  endfacet
  facet normal 0 0 -1
    outer loop
      vertex 0.8801718944397064 2.124922924775959 6.2
      vertex 0.6505618350206527 1.5705952052691876 6.2
      vertex 0.4399923766742853 1.6420739046914163 6.2
    endloop
  endfacet
  facet normal 0 0 -1
    outer loop
      vertex 0.8801718944397064 2.124922924775959 6.2
      vertex 0.8500000000000001 1.4722431864335457 6.2
      vertex 0.6505618350206527 1.5705952052691876 6.2
    endloop
  endfacet
  facet normal 0 0 -1
    outer loop
      vertex 1.15 1.9918584287042087 6.2
      vertex 1.0348944293148252 1.3487006784951 6.2
      vertex 0.8500000000000001 1.4722431864335457 6.2
    endloop
  endfacet
  facet normal 0 0 -1
    outer loop
      vertex 1.4001512867200574 1.8247126826698408 6.2
      vertex 1.202081528017131 1.202081528017131 6.2
      vertex 1.0348944293148252 1.3487006784951 6.2
    endloop
  endfacet
  facet normal 0 0 -1
    outer loop
      vertex 0.8801718944397064 2.124922924775959 6.2
      vertex 1.15 1.9918584287042087 6.2
      vertex 0.8500000000000001 1.4722431864335457 6.2
    endloop
  endfacet
  facet normal 0 0 -1
    outer loop
      vertex 1.4001512867200574 1.8247126826698408 6.2
      vertex 1.0348944293148252 1.3487006784951 6.2
      vertex 1.15 1.9918584287042087 6.2
    endloop
  endfacet
  facet normal 0 0 -1
    outer loop
      vertex 0.5952838037357977 2.221629400464857 6.2
      vertex 0.8801718944397064 2.124922924775959 6.2
      vertex 0.4399923766742853 1.6420739046914163 6.2
    endloop
  endfacet
  facet normal -0.5322004619635771 0.4667272787359291 0.7063485793639779
    outer loop
      vertex -1.8247126826698408 1.4001512867200574 6.2
      vertex -1.0313593423786058 0.7913898577113369 7.2
      vertex -1.6263455967290592 1.6263455967290592 6.2
    endloop
  endfacet
  facet normal -0.4667272787359291 0.5322004619635771 0.7063485793639779
    outer loop
      vertex -1.6263455967290592 1.6263455967290592 6.2
      vertex -0.9192388155425119 0.9192388155425119 7.2
      vertex -1.4001512867200574 1.8247126826698408 6.2
    endloop
  endfacet
  facet normal -0.3932682623678607 0.5885675477331841 0.7063485793639779
    outer loop
      vertex -1.4001512867200574 1.8247126826698408 6.2
      vertex -0.7913898577113369 1.0313593423786058 7.2
      vertex -1.15 1.9918584287042087 6.2
    endloop
  endfacet
  facet normal -0.3130803169961167 0.6348640795793233 0.7063485793639778
    outer loop
      vertex -1.15 1.9918584287042087 6.2
      vertex -0.65 1.12583302491977 7.2
      vertex -0.8801718944397064 2.124922924775959 6.2
    endloop
  endfacet
  facet normal -0.22753548059830767 0.6702979110062837 0.7063485793639777
    outer loop
      vertex -0.8801718944397064 2.124922924775959 6.2
      vertex -0.4974884620746167 1.2010433922646728 7.2
      vertex -0.5952838037357977 2.221629400464857 6.2
    endloop
  endfacet
  facet normal -0.13809744904270652 0.6942627593342361 0.7063485793639777
    outer loop
      vertex -0.5952838037357977 2.221629400464857 6.2
      vertex -0.33646475863327696 1.255703574175789 7.2
      vertex -0.3002102421061186 2.2803231811597637 6.2
    endloop
  endfacet
  facet normal -0.46672727873592895 0.5322004619635771 0.7063485793639778
    outer loop
      vertex -1.4001512867200574 1.8247126826698408 6.2
      vertex -0.9192388155425119 0.9192388155425119 7.2
      vertex -0.7913898577113369 1.0313593423786058 7.2
    endloop
  endfacet
  facet normal -0.39326826236786006 0.5885675477331844 0.7063485793639778
    outer loop
      vertex -1.15 1.9918584287042087 6.2
      vertex -0.7913898577113369 1.0313593423786058 7.2
      vertex -0.65 1.12583302491977 7.2
    endloop
  endfacet
  facet normal -0.3130803169961177 0.634864079579323 0.7063485793639778
    outer loop
      vertex -0.8801718944397064 2.124922924775959 6.2
      vertex -0.65 1.12583302491977 7.2
      vertex -0.4974884620746167 1.2010433922646728 7.2
    endloop
  endfacet
  facet normal -0.22753548059830747 0.6702979110062837 0.7063485793639778
    outer loop
      vertex -0.5952838037357977 2.221629400464857 6.2
      vertex -0.4974884620746167 1.2010433922646728 7.2
      vertex -0.33646475863327696 1.255703574175789 7.2
    endloop
  endfacet
  facet normal -0.13809744904270577 0.6942627593342362 0.7063485793639778
    outer loop
      vertex -0.33646475863327696 1.255703574175789 7.2
      vertex -0.16968404988606706 1.2888783197859535 7.2
      vertex -0.3002102421061186 2.2803231811597637 6.2
    endloop
  endfacet
  facet normal -0.04629653184613933 0.706348579363978 0.7063485793639778
    outer loop
      vertex -0.16968404988606706 1.2888783197859535 7.2
      vertex 0 2.3 6.2
      vertex -0.3002102421061186 2.2803231811597637 6.2
    endloop
  endfacet
  facet normal 0.04629653184613933 0.706348579363978 0.7063485793639778
    outer loop
      vertex 0.16968404988606706 1.2888783197859535 7.2
      vertex 0.3002102421061186 2.2803231811597637 6.2
      vertex 0 2.3 6.2
    endloop
  endfacet
  facet normal 0.13809744904270652 0.6942627593342361 0.7063485793639777
    outer loop
      vertex 0.5952838037357977 2.221629400464857 6.2
      vertex 0.3002102421061186 2.2803231811597637 6.2
      vertex 0.33646475863327696 1.255703574175789 7.2
    endloop
  endfacet
  facet normal 0.22753548059830767 0.6702979110062837 0.7063485793639777
    outer loop
      vertex 0.5952838037357977 2.221629400464857 6.2
      vertex 0.4974884620746167 1.2010433922646728 7.2
      vertex 0.8801718944397064 2.124922924775959 6.2
    endloop
  endfacet
  facet normal 0.3130803169961167 0.6348640795793233 0.7063485793639778
    outer loop
      vertex 0.8801718944397064 2.124922924775959 6.2
      vertex 0.65 1.12583302491977 7.2
      vertex 1.15 1.9918584287042087 6.2
    endloop
  endfacet
  facet normal 0.3932682623678607 0.5885675477331841 0.7063485793639779
    outer loop
      vertex 0.7913898577113369 1.0313593423786058 7.2
      vertex 1.4001512867200574 1.8247126826698408 6.2
      vertex 1.15 1.9918584287042087 6.2
    endloop
  endfacet
  facet normal -0.046296531846139716 0.7063485793639779 0.7063485793639778
    outer loop
      vertex -0.16968404988606706 1.2888783197859535 7.2
      vertex 0 1.3 7.2
      vertex 0 2.3 6.2
    endloop
  endfacet
  facet normal 0.046296531846139716 0.7063485793639779 0.7063485793639778
    outer loop
      vertex 0 1.3 7.2
      vertex 0.16968404988606706 1.2888783197859535 7.2
      vertex 0 2.3 6.2
    endloop
  endfacet
  facet normal 0.13809744904270577 0.6942627593342362 0.7063485793639778
    outer loop
      vertex 0.16968404988606706 1.2888783197859535 7.2
      vertex 0.33646475863327696 1.255703574175789 7.2
      vertex 0.3002102421061186 2.2803231811597637 6.2
    endloop
  endfacet
  facet normal 0.22753548059830744 0.6702979110062836 0.7063485793639778
    outer loop
      vertex 0.5952838037357977 2.221629400464857 6.2
      vertex 0.33646475863327696 1.255703574175789 7.2
      vertex 0.4974884620746167 1.2010433922646728 7.2
    endloop
  endfacet
  facet normal 0.3130803169961177 0.634864079579323 0.7063485793639777
    outer loop
      vertex 0.8801718944397064 2.124922924775959 6.2
      vertex 0.4974884620746167 1.2010433922646728 7.2
      vertex 0.65 1.12583302491977 7.2
    endloop
  endfacet
  facet normal 0.39326826236786006 0.5885675477331844 0.7063485793639778
    outer loop
      vertex 0.7913898577113369 1.0313593423786058 7.2
      vertex 1.15 1.9918584287042087 6.2
      vertex 0.65 1.12583302491977 7.2
    endloop
  endfacet
  facet normal 0.466727278735929 0.5322004619635771 0.7063485793639778
    outer loop
      vertex 0.7913898577113369 1.0313593423786058 7.2
      vertex 0.9192388155425119 0.9192388155425119 7.2
      vertex 1.4001512867200574 1.8247126826698408 6.2
    endloop
  endfacet
  facet normal 0 0 -1
    outer loop
      vertex 1.15 -1.9918584287042087 6.2
      vertex 1.202081528017131 -1.202081528017131 6.2
      vertex 1.4001512867200574 -1.8247126826698408 6.2
    endloop
  endfacet
  facet normal 0 0 -1
    outer loop
      vertex 1.4001512867200574 -1.8247126826698408 6.2
      vertex 1.202081528017131 -1.202081528017131 6.2
      vertex 1.3487006784951 -1.0348944293148252 6.2
    endloop
  endfacet
  facet normal 0 0 -1
    outer loop
      vertex 1.4001512867200574 -1.8247126826698408 6.2
      vertex 1.4722431864335457 -0.8500000000000001 6.2
      vertex 1.6263455967290592 -1.6263455967290592 6.2
    endloop
  endfacet
  facet normal 0 0 -1
    outer loop
      vertex 1.4001512867200574 -1.8247126826698408 6.2
      vertex 1.3487006784951 -1.0348944293148252 6.2
      vertex 1.4722431864335457 -0.8500000000000001 6.2
    endloop
  endfacet
  facet normal 0 0 -1
    outer loop
      vertex 1.6263455967290592 -1.6263455967290592 6.2
      vertex 1.4722431864335457 -0.8500000000000001 6.2
      vertex 1.5705952052691876 -0.6505618350206527 6.2
    endloop
  endfacet
  facet normal 0 0 -1
    outer loop
      vertex 1.6263455967290592 -1.6263455967290592 6.2
      vertex 1.5705952052691876 -0.6505618350206527 6.2
      vertex 1.6420739046914163 -0.4399923766742853 6.2
    endloop
  endfacet
  facet normal 0 0 -1
    outer loop
      vertex 1.6263455967290592 -1.6263455967290592 6.2
      vertex 1.6420739046914163 -0.4399923766742853 6.2
      vertex 1.6854562643354778 -0.2218945267740877 6.2
    endloop
  endfacet
  facet normal 0 0 -1
    outer loop
      vertex 1.6263455967290592 -1.6263455967290592 6.2
      vertex 1.6854562643354778 -0.2218945267740877 6.2
      vertex 1.7000000000000002 0 6.2
    endloop
  endfacet
  facet normal 0 0 -1
    outer loop
      vertex 1.6263455967290592 -1.6263455967290592 6.2
      vertex 1.8247126826698408 1.4001512867200574 6.2
      vertex 1.8247126826698408 -1.4001512867200574 6.2
    endloop
  endfacet
  facet normal 0 0 -1
    outer loop
      vertex 1.8247126826698408 -1.4001512867200574 6.2
      vertex 1.9918584287042087 1.15 6.2
      vertex 1.9918584287042087 -1.15 6.2
    endloop
  endfacet
  facet normal 0 0 -1
    outer loop
      vertex 1.9918584287042087 -1.15 6.2
      vertex 2.124922924775959 0.8801718944397064 6.2
      vertex 2.124922924775959 -0.8801718944397064 6.2
    endloop
  endfacet
  facet normal 0 0 -1
    outer loop
      vertex 2.124922924775959 -0.8801718944397064 6.2
      vertex 2.221629400464857 0.5952838037357977 6.2
      vertex 2.221629400464857 -0.5952838037357977 6.2
    endloop
  endfacet
  facet normal 0 0 -1
    outer loop
      vertex 2.221629400464857 -0.5952838037357977 6.2
      vertex 2.2803231811597637 0.3002102421061186 6.2
      vertex 2.2803231811597637 -0.3002102421061186 6.2
    endloop
  endfacet
  facet normal 0 0 -1
    outer loop
      vertex 1.6263455967290592 -1.6263455967290592 6.2
      vertex 1.7000000000000002 0 6.2
      vertex 1.8247126826698408 1.4001512867200574 6.2
    endloop
  endfacet
  facet normal 0 0 -1
    outer loop
      vertex 1.8247126826698408 -1.4001512867200574 6.2
      vertex 1.8247126826698408 1.4001512867200574 6.2
      vertex 1.9918584287042087 1.15 6.2
    endloop
  endfacet
  facet normal 0 0 -1
    outer loop
      vertex 1.6263455967290592 1.6263455967290592 6.2
      vertex 1.5705952052691876 0.6505618350206527 6.2
      vertex 1.4722431864335457 0.8500000000000001 6.2
    endloop
  endfacet
  facet normal 0 0 -1
    outer loop
      vertex 1.6263455967290592 1.6263455967290592 6.2
      vertex 1.4722431864335457 0.8500000000000001 6.2
      vertex 1.3487006784951 1.0348944293148252 6.2
    endloop
  endfacet
  facet normal 0 0 -1
    outer loop
      vertex 1.8247126826698408 1.4001512867200574 6.2
      vertex 1.7000000000000002 0 6.2
      vertex 1.6854562643354778 0.2218945267740877 6.2
    endloop
  endfacet
  facet normal 0 0 -1
    outer loop
      vertex 1.8247126826698408 1.4001512867200574 6.2
      vertex 1.6854562643354778 0.2218945267740877 6.2
      vertex 1.6420739046914163 0.4399923766742853 6.2
    endloop
  endfacet
  facet normal 0 0 -1
    outer loop
      vertex 1.8247126826698408 1.4001512867200574 6.2
      vertex 1.6420739046914163 0.4399923766742853 6.2
      vertex 1.5705952052691876 0.6505618350206527 6.2
    endloop
  endfacet
  facet normal 0 0 -1
    outer loop
      vertex 1.6263455967290592 1.6263455967290592 6.2
      vertex 1.8247126826698408 1.4001512867200574 6.2
      vertex 1.5705952052691876 0.6505618350206527 6.2
    endloop
  endfacet
  facet normal 0 0 -1
    outer loop
      vertex 2.2803231811597637 -0.3002102421061186 6.2
      vertex 2.2803231811597637 0.3002102421061186 6.2
      vertex 2.3 0 6.2
    endloop
  endfacet
  facet normal 0 0 -1
    outer loop
      vertex 2.221629400464857 -0.5952838037357977 6.2
      vertex 2.221629400464857 0.5952838037357977 6.2
      vertex 2.2803231811597637 0.3002102421061186 6.2
    endloop
  endfacet
  facet normal 0 0 -1
    outer loop
      vertex 1.9918584287042087 -1.15 6.2
      vertex 1.9918584287042087 1.15 6.2
      vertex 2.124922924775959 0.8801718944397064 6.2
    endloop
  endfacet
  facet normal 0 0 -1
    outer loop
      vertex 2.124922924775959 -0.8801718944397064 6.2
      vertex 2.124922924775959 0.8801718944397064 6.2
      vertex 2.221629400464857 0.5952838037357977 6.2
    endloop
  endfacet
  facet normal 0.4667272787359291 -0.5322004619635771 0.7063485793639779
    outer loop
      vertex 0.9192388155425119 -0.9192388155425119 7.2
      vertex 1.4001512867200574 -1.8247126826698408 6.2
      vertex 1.6263455967290592 -1.6263455967290592 6.2
    endloop
  endfacet
  facet normal 0.532200461963577 -0.46672727873592895 0.7063485793639778
    outer loop
      vertex 1.0313593423786058 -0.7913898577113369 7.2
      vertex 1.6263455967290592 -1.6263455967290592 6.2
      vertex 1.8247126826698408 -1.4001512867200574 6.2
    endloop
  endfacet
  facet normal 0.588567547733184 -0.3932682623678606 0.7063485793639778
    outer loop
      vertex 1.8247126826698408 -1.4001512867200574 6.2
      vertex 1.9918584287042087 -1.15 6.2
      vertex 1.12583302491977 -0.65 7.2
    endloop
  endfacet
  facet normal 0.6348640795793234 -0.3130803169961167 0.7063485793639778
    outer loop
      vertex 1.9918584287042087 -1.15 6.2
      vertex 2.124922924775959 -0.8801718944397064 6.2
      vertex 1.2010433922646728 -0.4974884620746167 7.2
    endloop
  endfacet
  facet normal 0.6702979110062836 -0.2275354805983076 0.7063485793639778
    outer loop
      vertex 2.124922924775959 -0.8801718944397064 6.2
      vertex 2.221629400464857 -0.5952838037357977 6.2
      vertex 1.255703574175789 -0.33646475863327696 7.2
    endloop
  endfacet
  facet normal 0.6942627593342361 -0.13809744904270652 0.7063485793639778
    outer loop
      vertex 2.221629400464857 -0.5952838037357977 6.2
      vertex 2.2803231811597637 -0.3002102421061186 6.2
      vertex 1.2888783197859535 -0.16968404988606706 7.2
    endloop
  endfacet
  facet normal 0.5885675477331844 -0.3932682623678601 0.7063485793639778
    outer loop
      vertex 1.0313593423786058 -0.7913898577113369 7.2
      vertex 1.8247126826698408 -1.4001512867200574 6.2
      vertex 1.12583302491977 -0.65 7.2
    endloop
  endfacet
  facet normal 0.634864079579323 -0.3130803169961177 0.7063485793639778
    outer loop
      vertex 1.9918584287042087 -1.15 6.2
      vertex 1.2010433922646728 -0.4974884620746167 7.2
      vertex 1.12583302491977 -0.65 7.2
    endloop
  endfacet
  facet normal 0.6702979110062837 -0.22753548059830747 0.7063485793639777
    outer loop
      vertex 2.124922924775959 -0.8801718944397064 6.2
      vertex 1.255703574175789 -0.33646475863327696 7.2
      vertex 1.2010433922646728 -0.4974884620746167 7.2
    endloop
  endfacet
  facet normal 0.6942627593342363 -0.13809744904270577 0.7063485793639778
    outer loop
      vertex 2.221629400464857 -0.5952838037357977 6.2
      vertex 1.2888783197859535 -0.16968404988606706 7.2
      vertex 1.255703574175789 -0.33646475863327696 7.2
    endloop
  endfacet
  facet normal 0.706348579363978 -0.04629653184613933 0.7063485793639778
    outer loop
      vertex 1.2888783197859535 -0.16968404988606706 7.2
      vertex 2.2803231811597637 -0.3002102421061186 6.2
      vertex 2.3 0 6.2
    endloop
  endfacet
  facet normal 0.706348579363978 0.04629653184613933 0.7063485793639778
    outer loop
      vertex 1.2888783197859535 0.16968404988606706 7.2
      vertex 2.3 0 6.2
      vertex 2.2803231811597637 0.3002102421061186 6.2
    endloop
  endfacet
  facet normal 0.6942627593342361 0.13809744904270652 0.7063485793639778
    outer loop
      vertex 2.221629400464857 0.5952838037357977 6.2
      vertex 1.2888783197859535 0.16968404988606706 7.2
      vertex 2.2803231811597637 0.3002102421061186 6.2
    endloop
  endfacet
  facet normal 0.6348640795793236 0.31308031699611677 0.7063485793639777
    outer loop
      vertex 2.124922924775959 0.8801718944397064 6.2
      vertex 1.9918584287042087 1.15 6.2
      vertex 1.2010433922646728 0.4974884620746167 7.2
    endloop
  endfacet
  facet normal 0.6702979110062836 0.2275354805983076 0.7063485793639778
    outer loop
      vertex 2.221629400464857 0.5952838037357977 6.2
      vertex 2.124922924775959 0.8801718944397064 6.2
      vertex 1.255703574175789 0.33646475863327696 7.2
    endloop
  endfacet
  facet normal 0.5885675477331841 0.3932682623678607 0.7063485793639779
    outer loop
      vertex 1.12583302491977 0.65 7.2
      vertex 1.9918584287042087 1.15 6.2
      vertex 1.8247126826698408 1.4001512867200574 6.2
    endloop
  endfacet
  facet normal 0.6942627593342363 0.13809744904270577 0.7063485793639777
    outer loop
      vertex 2.221629400464857 0.5952838037357977 6.2
      vertex 1.255703574175789 0.33646475863327696 7.2
      vertex 1.2888783197859535 0.16968404988606706 7.2
    endloop
  endfacet
  facet normal 0.7063485793639779 -0.046296531846139716 0.7063485793639778
    outer loop
      vertex 1.2888783197859535 -0.16968404988606706 7.2
      vertex 2.3 0 6.2
      vertex 1.3 0 7.2
    endloop
  endfacet
  facet normal 0.7063485793639779 0.046296531846139716 0.7063485793639778
    outer loop
      vertex 1.3 0 7.2
      vertex 2.3 0 6.2
      vertex 1.2888783197859535 0.16968404988606706 7.2
    endloop
  endfacet
  facet normal 0 0 1
    outer loop
      vertex 1.255703574175789 -0.33646475863327696 7.2
      vertex 1.2888783197859535 -0.16968404988606706 7.2
      vertex 1.255703574175789 0.33646475863327696 7.2
    endloop
  endfacet
  facet normal 0 0 1
    outer loop
      vertex 1.2888783197859535 -0.16968404988606706 7.2
      vertex 1.3 0 7.2
      vertex 1.2888783197859535 0.16968404988606706 7.2
    endloop
  endfacet
  facet normal 0 0 1
    outer loop
      vertex 1.2888783197859535 -0.16968404988606706 7.2
      vertex 1.2888783197859535 0.16968404988606706 7.2
      vertex 1.255703574175789 0.33646475863327696 7.2
    endloop
  endfacet
  facet normal 0.6702979110062837 0.22753548059830747 0.7063485793639777
    outer loop
      vertex 2.124922924775959 0.8801718944397064 6.2
      vertex 1.2010433922646728 0.4974884620746167 7.2
      vertex 1.255703574175789 0.33646475863327696 7.2
    endloop
  endfacet
  facet normal 0.6348640795793229 0.31308031699611766 0.7063485793639778
    outer loop
      vertex 1.2010433922646728 0.4974884620746167 7.2
      vertex 1.9918584287042087 1.15 6.2
      vertex 1.12583302491977 0.65 7.2
    endloop
  endfacet
  facet normal 0.5885675477331844 0.3932682623678601 0.7063485793639778
    outer loop
      vertex 1.0313593423786058 0.7913898577113369 7.2
      vertex 1.12583302491977 0.65 7.2
      vertex 1.8247126826698408 1.4001512867200574 6.2
    endloop
  endfacet
  facet normal 0 0 -1
    outer loop
      vertex 1.4001512867200574 1.8247126826698408 6.2
      vertex 1.3487006784951 1.0348944293148252 6.2
      vertex 1.202081528017131 1.202081528017131 6.2
    endloop
  endfacet
  facet normal 0 0 -1
    outer loop
      vertex 1.6263455967290592 1.6263455967290592 6.2
      vertex 1.3487006784951 1.0348944293148252 6.2
      vertex 1.4001512867200574 1.8247126826698408 6.2
    endloop
  endfacet
  facet normal 0.4667272787359291 0.5322004619635771 0.7063485793639779
    outer loop
      vertex 0.9192388155425119 0.9192388155425119 7.2
      vertex 1.6263455967290592 1.6263455967290592 6.2
      vertex 1.4001512867200574 1.8247126826698408 6.2
    endloop
  endfacet
  facet normal 0.5322004619635771 0.4667272787359291 0.7063485793639779
    outer loop
      vertex 1.0313593423786058 0.7913898577113369 7.2
      vertex 1.8247126826698408 1.4001512867200574 6.2
      vertex 1.6263455967290592 1.6263455967290592 6.2
    endloop
  endfacet
  facet normal 0 0 -1
    outer loop
      vertex -1.4001512867200574 12.17528731733016 6.2
      vertex -1.6263455967290592 12.37365440327094 6.2
      vertex -1.3487006784951 12.965105570685175 6.2
    endloop
  endfacet
  facet normal 0 0 -1
    outer loop
      vertex -1.4001512867200574 12.17528731733016 6.2
      vertex -1.3487006784951 12.965105570685175 6.2
      vertex -1.202081528017131 12.797918471982868 6.2
    endloop
  endfacet
  facet normal 0 0 -1
    outer loop
      vertex -1.15 12.008141571295791 6.2
      vertex -1.4001512867200574 12.17528731733016 6.2
      vertex -1.0348944293148252 12.6512993215049 6.2
    endloop
  endfacet
  facet normal 0 0 -1
    outer loop
      vertex -1.15 12.008141571295791 6.2
      vertex -0.8500000000000001 12.527756813566455 6.2
      vertex -0.8801718944397064 11.875077075224041 6.2
    endloop
  endfacet
  facet normal 0 0 -1
    outer loop
      vertex -1.4001512867200574 12.17528731733016 6.2
      vertex -1.202081528017131 12.797918471982868 6.2
      vertex -1.0348944293148252 12.6512993215049 6.2
    endloop
  endfacet
  facet normal 0 0 -1
    outer loop
      vertex -1.15 12.008141571295791 6.2
      vertex -1.0348944293148252 12.6512993215049 6.2
      vertex -0.8500000000000001 12.527756813566455 6.2
    endloop
  endfacet
  facet normal 0 0 -1
    outer loop
      vertex -0.8801718944397064 11.875077075224041 6.2
      vertex -0.4399923766742853 12.357926095308583 6.2
      vertex -0.5952838037357977 11.778370599535144 6.2
    endloop
  endfacet
  facet normal 0 0 -1
    outer loop
      vertex -0.3002102421061186 11.719676818840236 6.2
      vertex -0.5952838037357977 11.778370599535144 6.2
      vertex -0.2218945267740877 12.314543735664522 6.2
    endloop
  endfacet
  facet normal 0 0 -1
    outer loop
      vertex -0.8801718944397064 11.875077075224041 6.2
      vertex -0.8500000000000001 12.527756813566455 6.2
      vertex -0.6505618350206527 12.429404794730813 6.2
    endloop
  endfacet
  facet normal 0 0 -1
    outer loop
      vertex -0.8801718944397064 11.875077075224041 6.2
      vertex -0.6505618350206527 12.429404794730813 6.2
      vertex -0.4399923766742853 12.357926095308583 6.2
    endloop
  endfacet
  facet normal 0 0 -1
    outer loop
      vertex -0.5952838037357977 11.778370599535144 6.2
      vertex -0.4399923766742853 12.357926095308583 6.2
      vertex -0.2218945267740877 12.314543735664522 6.2
    endloop
  endfacet
  facet normal 0 0 -1
    outer loop
      vertex -0.3002102421061186 11.719676818840236 6.2
      vertex 0 12.3 6.2
      vertex 0 11.7 6.2
    endloop
  endfacet
  facet normal 0 0 -1
    outer loop
      vertex 0 11.7 6.2
      vertex 0.2218945267740877 12.314543735664522 6.2
      vertex 0.3002102421061186 11.719676818840236 6.2
    endloop
  endfacet
  facet normal 0 0 -1
    outer loop
      vertex 0.3002102421061186 11.719676818840236 6.2
      vertex 0.4399923766742853 12.357926095308583 6.2
      vertex 0.5952838037357977 11.778370599535144 6.2
    endloop
  endfacet
  facet normal 0 0 -1
    outer loop
      vertex -0.3002102421061186 11.719676818840236 6.2
      vertex -0.2218945267740877 12.314543735664522 6.2
      vertex 0 12.3 6.2
    endloop
  endfacet
  facet normal 0 0 -1
    outer loop
      vertex 0 11.7 6.2
      vertex 0 12.3 6.2
      vertex 0.2218945267740877 12.314543735664522 6.2
    endloop
  endfacet
  facet normal 0 0 -1
    outer loop
      vertex 0.3002102421061186 11.719676818840236 6.2
      vertex 0.2218945267740877 12.314543735664522 6.2
      vertex 0.4399923766742853 12.357926095308583 6.2
    endloop
  endfacet
  facet normal 0 0 -1
    outer loop
      vertex 0.5952838037357977 11.778370599535144 6.2
      vertex 0.6505618350206527 12.429404794730813 6.2
      vertex 0.8801718944397064 11.875077075224041 6.2
    endloop
  endfacet
  facet normal 0 0 -1
    outer loop
      vertex 0.5952838037357977 11.778370599535144 6.2
      vertex 0.4399923766742853 12.357926095308583 6.2
      vertex 0.6505618350206527 12.429404794730813 6.2
    endloop
  endfacet
  facet normal 0 0 -1
    outer loop
      vertex 0.8801718944397064 11.875077075224041 6.2
      vertex 0.6505618350206527 12.429404794730813 6.2
      vertex 0.8500000000000001 12.527756813566455 6.2
    endloop
  endfacet
  facet normal 0 0 -1
    outer loop
      vertex 0.8801718944397064 11.875077075224041 6.2
      vertex 1.0348944293148252 12.6512993215049 6.2
      vertex 1.15 12.008141571295791 6.2
    endloop
  endfacet
  facet normal 0 0 -1
    outer loop
      vertex 0.8801718944397064 11.875077075224041 6.2
      vertex 0.8500000000000001 12.527756813566455 6.2
      vertex 1.0348944293148252 12.6512993215049 6.2
    endloop
  endfacet
  facet normal 0 0 -1
    outer loop
      vertex 1.15 12.008141571295791 6.2
      vertex 1.0348944293148252 12.6512993215049 6.2
      vertex 1.202081528017131 12.797918471982868 6.2
    endloop
  endfacet
  facet normal -0.5322004619635783 -0.4667272787359279 0.7063485793639775
    outer loop
      vertex -1.8247126826698408 12.599848713279943 6.2
      vertex -1.6263455967290592 12.37365440327094 6.2
      vertex -1.0313593423786058 13.208610142288663 7.2
    endloop
  endfacet
  facet normal -0.4667272787359281 -0.5322004619635777 0.7063485793639779
    outer loop
      vertex -1.4001512867200574 12.17528731733016 6.2
      vertex -0.9192388155425119 13.080761184457488 7.2
      vertex -1.6263455967290592 12.37365440327094 6.2
    endloop
  endfacet
  facet normal -0.39326826236786105 -0.5885675477331838 0.7063485793639778
    outer loop
      vertex -1.15 12.008141571295791 6.2
      vertex -0.7913898577113369 12.968640657621394 7.2
      vertex -1.4001512867200574 12.17528731733016 6.2
    endloop
  endfacet
  facet normal -0.31308031699611577 -0.6348640795793236 0.7063485793639779
    outer loop
      vertex -1.15 12.008141571295791 6.2
      vertex -0.8801718944397064 11.875077075224041 6.2
      vertex -0.65 12.87416697508023 7.2
    endloop
  endfacet
  facet normal -0.22753548059830672 -0.670297911006284 0.7063485793639775
    outer loop
      vertex -0.8801718944397064 11.875077075224041 6.2
      vertex -0.5952838037357977 11.778370599535144 6.2
      vertex -0.4974884620746167 12.798956607735327 7.2
    endloop
  endfacet
  facet normal -0.13809744904270854 -0.6942627593342358 0.7063485793639777
    outer loop
      vertex -0.3002102421061186 11.719676818840236 6.2
      vertex -0.33646475863327696 12.744296425824212 7.2
      vertex -0.5952838037357977 11.778370599535144 6.2
    endloop
  endfacet
  facet normal -0.46672727873592873 -0.5322004619635773 0.7063485793639778
    outer loop
      vertex -1.4001512867200574 12.17528731733016 6.2
      vertex -0.7913898577113369 12.968640657621394 7.2
      vertex -0.9192388155425119 13.080761184457488 7.2
    endloop
  endfacet
  facet normal -0.39326826236785867 -0.5885675477331851 0.706348579363978
    outer loop
      vertex -1.15 12.008141571295791 6.2
      vertex -0.65 12.87416697508023 7.2
      vertex -0.7913898577113369 12.968640657621394 7.2
    endloop
  endfacet
  facet normal -0.31308031699611927 -0.6348640795793223 0.7063485793639775
    outer loop
      vertex -0.8801718944397064 11.875077075224041 6.2
      vertex -0.4974884620746167 12.798956607735327 7.2
      vertex -0.65 12.87416697508023 7.2
    endloop
  endfacet
  facet normal -0.2275354805983058 -0.6702979110062842 0.7063485793639778
    outer loop
      vertex -0.5952838037357977 11.778370599535144 6.2
      vertex -0.33646475863327696 12.744296425824212 7.2
      vertex -0.4974884620746167 12.798956607735327 7.2
    endloop
  endfacet
  facet normal -0.1380974490427057 -0.694262759334236 0.706348579363978
    outer loop
      vertex -0.3002102421061186 11.719676818840236 6.2
      vertex -0.16968404988606706 12.711121680214047 7.2
      vertex -0.33646475863327696 12.744296425824212 7.2
    endloop
  endfacet
  facet normal -0.04629653184614139 -0.7063485793639774 0.7063485793639781
    outer loop
      vertex -0.3002102421061186 11.719676818840236 6.2
      vertex 0 11.7 6.2
      vertex -0.16968404988606706 12.711121680214047 7.2
    endloop
  endfacet
  facet normal 0.04629653184614139 -0.7063485793639774 0.7063485793639781
    outer loop
      vertex 0 11.7 6.2
      vertex 0.3002102421061186 11.719676818840236 6.2
      vertex 0.16968404988606706 12.711121680214047 7.2
    endloop
  endfacet
  facet normal 0.13809744904270854 -0.6942627593342358 0.7063485793639777
    outer loop
      vertex 0.3002102421061186 11.719676818840236 6.2
      vertex 0.5952838037357977 11.778370599535144 6.2
      vertex 0.33646475863327696 12.744296425824212 7.2
    endloop
  endfacet
  facet normal 0.22753548059830672 -0.670297911006284 0.7063485793639775
    outer loop
      vertex 0.5952838037357977 11.778370599535144 6.2
      vertex 0.8801718944397064 11.875077075224041 6.2
      vertex 0.4974884620746167 12.798956607735327 7.2
    endloop
  endfacet
  facet normal 0.31308031699611577 -0.6348640795793236 0.7063485793639779
    outer loop
      vertex 0.8801718944397064 11.875077075224041 6.2
      vertex 1.15 12.008141571295791 6.2
      vertex 0.65 12.87416697508023 7.2
    endloop
  endfacet
  facet normal 0.39326826236786105 -0.5885675477331838 0.7063485793639779
    outer loop
      vertex 0.7913898577113369 12.968640657621394 7.2
      vertex 1.15 12.008141571295791 6.2
      vertex 1.4001512867200574 12.17528731733016 6.2
    endloop
  endfacet
  facet normal -0.046296531846145246 -0.7063485793639777 0.7063485793639777
    outer loop
      vertex -0.16968404988606706 12.711121680214047 7.2
      vertex 0 11.7 6.2
      vertex 0 12.7 7.2
    endloop
  endfacet
  facet normal 0.046296531846145246 -0.7063485793639777 0.7063485793639777
    outer loop
      vertex 0 11.7 6.2
      vertex 0.16968404988606706 12.711121680214047 7.2
      vertex 0 12.7 7.2
    endloop
  endfacet
  facet normal 0.1380974490427057 -0.694262759334236 0.706348579363978
    outer loop
      vertex 0.3002102421061186 11.719676818840236 6.2
      vertex 0.33646475863327696 12.744296425824212 7.2
      vertex 0.16968404988606706 12.711121680214047 7.2
    endloop
  endfacet
  facet normal 0.2275354805983058 -0.6702979110062842 0.7063485793639778
    outer loop
      vertex 0.5952838037357977 11.778370599535144 6.2
      vertex 0.4974884620746167 12.798956607735327 7.2
      vertex 0.33646475863327696 12.744296425824212 7.2
    endloop
  endfacet
  facet normal 0.31308031699611927 -0.6348640795793223 0.7063485793639774
    outer loop
      vertex 0.8801718944397064 11.875077075224041 6.2
      vertex 0.65 12.87416697508023 7.2
      vertex 0.4974884620746167 12.798956607735327 7.2
    endloop
  endfacet
  facet normal 0.3932682623678586 -0.588567547733185 0.7063485793639781
    outer loop
      vertex 0.65 12.87416697508023 7.2
      vertex 1.15 12.008141571295791 6.2
      vertex 0.7913898577113369 12.968640657621394 7.2
    endloop
  endfacet
  facet normal 0.46672727873592873 -0.5322004619635773 0.7063485793639778
    outer loop
      vertex 0.7913898577113369 12.968640657621394 7.2
      vertex 1.4001512867200574 12.17528731733016 6.2
      vertex 0.9192388155425119 13.080761184457488 7.2
    endloop
  endfacet
  facet normal 0 0 -1
    outer loop
      vertex -1.8247126826698408 12.599848713279943 6.2
      vertex -1.5705952052691876 13.349438164979347 6.2
      vertex -1.6263455967290592 12.37365440327094 6.2
    endloop
  endfacet
  facet normal 0 0 -1
    outer loop
      vertex -1.8247126826698408 12.599848713279943 6.2
      vertex -1.6420739046914163 13.560007623325715 6.2
      vertex -1.5705952052691876 13.349438164979347 6.2
    endloop
  endfacet
  facet normal 0 0 -1
    outer loop
      vertex -1.8247126826698408 12.599848713279943 6.2
      vertex -1.6854562643354778 13.778105473225912 6.2
      vertex -1.6420739046914163 13.560007623325715 6.2
    endloop
  endfacet
  facet normal 0 0 -1
    outer loop
      vertex -1.8247126826698408 12.599848713279943 6.2
      vertex -1.7000000000000002 14 6.2
      vertex -1.6854562643354778 13.778105473225912 6.2
    endloop
  endfacet
  facet normal 0 0 -1
    outer loop
      vertex -2.124922924775959 13.119828105560293 6.2
      vertex -2.221629400464857 13.404716196264202 6.2
      vertex -2.124922924775959 14.880171894439707 6.2
    endloop
  endfacet
  facet normal 0 0 -1
    outer loop
      vertex -1.9918584287042087 12.85 6.2
      vertex -2.124922924775959 13.119828105560293 6.2
      vertex -1.9918584287042087 15.15 6.2
    endloop
  endfacet
  facet normal 0 0 -1
    outer loop
      vertex -2.2803231811597637 13.699789757893882 6.2
      vertex -2.3 14 6.2
      vertex -2.2803231811597637 14.300210242106118 6.2
    endloop
  endfacet
  facet normal 0 0 -1
    outer loop
      vertex -2.2803231811597637 13.699789757893882 6.2
      vertex -2.221629400464857 14.595283803735798 6.2
      vertex -2.221629400464857 13.404716196264202 6.2
    endloop
  endfacet
  facet normal 0 0 -1
    outer loop
      vertex -1.9918584287042087 12.85 6.2
      vertex -1.8247126826698408 15.400151286720057 6.2
      vertex -1.8247126826698408 12.599848713279943 6.2
    endloop
  endfacet
  facet normal 0 0 -1
    outer loop
      vertex -1.8247126826698408 12.599848713279943 6.2
      vertex -1.6263455967290592 15.62634559672906 6.2
      vertex -1.7000000000000002 14 6.2
    endloop
  endfacet
  facet normal 0 0 -1
    outer loop
      vertex -2.2803231811597637 13.699789757893882 6.2
      vertex -2.2803231811597637 14.300210242106118 6.2
      vertex -2.221629400464857 14.595283803735798 6.2
    endloop
  endfacet
  facet normal 0 0 -1
    outer loop
      vertex -2.221629400464857 13.404716196264202 6.2
      vertex -2.221629400464857 14.595283803735798 6.2
      vertex -2.124922924775959 14.880171894439707 6.2
    endloop
  endfacet
  facet normal 0 0 -1
    outer loop
      vertex -2.124922924775959 13.119828105560293 6.2
      vertex -2.124922924775959 14.880171894439707 6.2
      vertex -1.9918584287042087 15.15 6.2
    endloop
  endfacet
  facet normal 0 0 -1
    outer loop
      vertex -1.9918584287042087 12.85 6.2
      vertex -1.9918584287042087 15.15 6.2
      vertex -1.8247126826698408 15.400151286720057 6.2
    endloop
  endfacet
  facet normal 0 0 -1
    outer loop
      vertex -1.8247126826698408 12.599848713279943 6.2
      vertex -1.8247126826698408 15.400151286720057 6.2
      vertex -1.6263455967290592 15.62634559672906 6.2
    endloop
  endfacet
  facet normal 0 0 -1
    outer loop
      vertex -1.6263455967290592 15.62634559672906 6.2
      vertex -1.6854562643354778 14.221894526774088 6.2
      vertex -1.7000000000000002 14 6.2
    endloop
  endfacet
  facet normal 0 0 -1
    outer loop
      vertex -1.6263455967290592 15.62634559672906 6.2
      vertex -1.6420739046914163 14.439992376674285 6.2
      vertex -1.6854562643354778 14.221894526774088 6.2
    endloop
  endfacet
  facet normal -0.5885675477331832 -0.39326826236786183 0.7063485793639778
    outer loop
      vertex -1.9918584287042087 12.85 6.2
      vertex -1.8247126826698408 12.599848713279943 6.2
      vertex -1.12583302491977 13.35 7.2
    endloop
  endfacet
  facet normal -0.6702979110062834 -0.2275354805983075 0.7063485793639778
    outer loop
      vertex -2.124922924775959 13.119828105560293 6.2
      vertex -1.255703574175789 13.663535241366723 7.2
      vertex -2.221629400464857 13.404716196264202 6.2
    endloop
  endfacet
  facet normal -0.6348640795793234 -0.3130803169961169 0.7063485793639778
    outer loop
      vertex -1.9918584287042087 12.85 6.2
      vertex -1.2010433922646728 13.502511537925383 7.2
      vertex -2.124922924775959 13.119828105560293 6.2
    endloop
  endfacet
  facet normal -0.6942627593342362 -0.13809744904270613 0.7063485793639778
    outer loop
      vertex -2.2803231811597637 13.699789757893882 6.2
      vertex -2.221629400464857 13.404716196264202 6.2
      vertex -1.2888783197859535 13.830315950113933 7.2
    endloop
  endfacet
  facet normal -0.7063485793639779 -0.04629653184613939 0.7063485793639777
    outer loop
      vertex -2.2803231811597637 13.699789757893882 6.2
      vertex -1.2888783197859535 13.830315950113933 7.2
      vertex -2.3 14 6.2
    endloop
  endfacet
  facet normal -0.7063485793639779 0.04629653184613939 0.7063485793639777
    outer loop
      vertex -2.3 14 6.2
      vertex -1.2888783197859535 14.169684049886067 7.2
      vertex -2.2803231811597637 14.300210242106118 6.2
    endloop
  endfacet
  facet normal -0.7063485793639779 -0.04629653184613973 0.7063485793639778
    outer loop
      vertex -1.2888783197859535 13.830315950113933 7.2
      vertex -1.3 14 7.2
      vertex -2.3 14 6.2
    endloop
  endfacet
  facet normal -0.7063485793639779 0.04629653184613973 0.7063485793639778
    outer loop
      vertex -2.3 14 6.2
      vertex -1.3 14 7.2
      vertex -1.2888783197859535 14.169684049886067 7.2
    endloop
  endfacet
  facet normal -0.6942627593342361 0.1380974490427061 0.7063485793639778
    outer loop
      vertex -2.2803231811597637 14.300210242106118 6.2
      vertex -1.2888783197859535 14.169684049886067 7.2
      vertex -2.221629400464857 14.595283803735798 6.2
    endloop
  endfacet
  facet normal -0.6702979110062834 0.2275354805983075 0.7063485793639778
    outer loop
      vertex -2.221629400464857 14.595283803735798 6.2
      vertex -1.255703574175789 14.336464758633277 7.2
      vertex -2.124922924775959 14.880171894439707 6.2
    endloop
  endfacet
  facet normal -0.6348640795793234 0.3130803169961169 0.7063485793639778
    outer loop
      vertex -2.124922924775959 14.880171894439707 6.2
      vertex -1.2010433922646728 14.497488462074617 7.2
      vertex -1.9918584287042087 15.15 6.2
    endloop
  endfacet
  facet normal -0.5885675477331832 0.39326826236786183 0.7063485793639778
    outer loop
      vertex -1.12583302491977 14.65 7.2
      vertex -1.8247126826698408 15.400151286720057 6.2
      vertex -1.9918584287042087 15.15 6.2
    endloop
  endfacet
  facet normal 0 0 -1
    outer loop
      vertex -1.6263455967290592 12.37365440327094 6.2
      vertex -1.4722431864335457 13.15 6.2
      vertex -1.3487006784951 12.965105570685175 6.2
    endloop
  endfacet
  facet normal 0 0 -1
    outer loop
      vertex -1.6263455967290592 12.37365440327094 6.2
      vertex -1.5705952052691876 13.349438164979347 6.2
      vertex -1.4722431864335457 13.15 6.2
    endloop
  endfacet
  facet normal 0 0 -1
    outer loop
      vertex -1.6263455967290592 15.62634559672906 6.2
      vertex -1.5705952052691876 14.650561835020653 6.2
      vertex -1.6420739046914163 14.439992376674285 6.2
    endloop
  endfacet
  facet normal 0 0 -1
    outer loop
      vertex -1.6263455967290592 15.62634559672906 6.2
      vertex -1.4722431864335457 14.85 6.2
      vertex -1.5705952052691876 14.650561835020653 6.2
    endloop
  endfacet
  facet normal 0 0 -1
    outer loop
      vertex -1.4001512867200574 15.82471268266984 6.2
      vertex -1.3487006784951 15.034894429314825 6.2
      vertex -1.4722431864335457 14.85 6.2
    endloop
  endfacet
  facet normal 0 0 -1
    outer loop
      vertex -1.6263455967290592 15.62634559672906 6.2
      vertex -1.4001512867200574 15.82471268266984 6.2
      vertex -1.4722431864335457 14.85 6.2
    endloop
  endfacet
  facet normal 0 0 -1
    outer loop
      vertex -1.4001512867200574 15.82471268266984 6.2
      vertex -1.202081528017131 15.202081528017132 6.2
      vertex -1.3487006784951 15.034894429314825 6.2
    endloop
  endfacet
  facet normal 0 0 -1
    outer loop
      vertex -1.15 15.991858428704209 6.2
      vertex -1.0348944293148252 15.3487006784951 6.2
      vertex -1.202081528017131 15.202081528017132 6.2
    endloop
  endfacet
  facet normal 0 0 -1
    outer loop
      vertex 1.15 15.991858428704209 6.2
      vertex 1.0348944293148252 15.3487006784951 6.2
      vertex 0.8500000000000001 15.472243186433545 6.2
    endloop
  endfacet
  facet normal 0 0 -1
    outer loop
      vertex 1.4001512867200574 15.82471268266984 6.2
      vertex 1.202081528017131 15.202081528017132 6.2
      vertex 1.0348944293148252 15.3487006784951 6.2
    endloop
  endfacet
  facet normal -0.5885675477331846 -0.3932682623678603 0.7063485793639774
    outer loop
      vertex -1.8247126826698408 12.599848713279943 6.2
      vertex -1.0313593423786058 13.208610142288663 7.2
      vertex -1.12583302491977 13.35 7.2
    endloop
  endfacet
  facet normal -0.6702979110062842 -0.22753548059830606 0.7063485793639777
    outer loop
      vertex -2.124922924775959 13.119828105560293 6.2
      vertex -1.2010433922646728 13.502511537925383 7.2
      vertex -1.255703574175789 13.663535241366723 7.2
    endloop
  endfacet
  facet normal -0.6348640795793226 -0.3130803169961182 0.7063485793639779
    outer loop
      vertex -1.9918584287042087 12.85 6.2
      vertex -1.12583302491977 13.35 7.2
      vertex -1.2010433922646728 13.502511537925383 7.2
    endloop
  endfacet
  facet normal -0.5322004619635762 -0.46672727873592984 0.7063485793639779
    outer loop
      vertex -1.6263455967290592 12.37365440327094 6.2
      vertex -0.9192388155425119 13.080761184457488 7.2
      vertex -1.0313593423786058 13.208610142288663 7.2
    endloop
  endfacet
  facet normal -0.6942627593342363 -0.1380974490427061 0.7063485793639778
    outer loop
      vertex -2.221629400464857 13.404716196264202 6.2
      vertex -1.255703574175789 13.663535241366723 7.2
      vertex -1.2888783197859535 13.830315950113933 7.2
    endloop
  endfacet
  facet normal 0 0 1
    outer loop
      vertex -1.255703574175789 13.663535241366723 7.2
      vertex -1.2888783197859535 14.169684049886067 7.2
      vertex -1.2888783197859535 13.830315950113933 7.2
    endloop
  endfacet
  facet normal 0 0 1
    outer loop
      vertex -1.2888783197859535 13.830315950113933 7.2
      vertex -1.2888783197859535 14.169684049886067 7.2
      vertex -1.3 14 7.2
    endloop
  endfacet
  facet normal 0 0 1
    outer loop
      vertex -1.255703574175789 13.663535241366723 7.2
      vertex -1.255703574175789 14.336464758633277 7.2
      vertex -1.2888783197859535 14.169684049886067 7.2
    endloop
  endfacet
  facet normal 0 0 1
    outer loop
      vertex -1.12583302491977 13.35 7.2
      vertex -1.2010433922646728 14.497488462074617 7.2
      vertex -1.2010433922646728 13.502511537925383 7.2
    endloop
  endfacet
  facet normal 0 0 1
    outer loop
      vertex -1.12583302491977 13.35 7.2
      vertex -1.0313593423786058 13.208610142288663 7.2
      vertex -1.12583302491977 14.65 7.2
    endloop
  endfacet
  facet normal 0 0 1
    outer loop
      vertex -0.9192388155425119 13.080761184457488 7.2
      vertex -1.0313593423786058 14.791389857711337 7.2
      vertex -1.0313593423786058 13.208610142288663 7.2
    endloop
  endfacet
  facet normal 0 0 1
    outer loop
      vertex -1.2010433922646728 13.502511537925383 7.2
      vertex -1.255703574175789 14.336464758633277 7.2
      vertex -1.255703574175789 13.663535241366723 7.2
    endloop
  endfacet
  facet normal 0 0 1
    outer loop
      vertex -1.2010433922646728 13.502511537925383 7.2
      vertex -1.2010433922646728 14.497488462074617 7.2
      vertex -1.255703574175789 14.336464758633277 7.2
    endloop
  endfacet
  facet normal 0 0 1
    outer loop
      vertex -1.12583302491977 13.35 7.2
      vertex -1.12583302491977 14.65 7.2
      vertex -1.2010433922646728 14.497488462074617 7.2
    endloop
  endfacet
  facet normal 0 0 1
    outer loop
      vertex -0.65 12.87416697508023 7.2
      vertex -0.7913898577113369 15.031359342378606 7.2
      vertex -0.7913898577113369 12.968640657621394 7.2
    endloop
  endfacet
  facet normal 0 0 1
    outer loop
      vertex -0.9192388155425119 13.080761184457488 7.2
      vertex -0.7913898577113369 12.968640657621394 7.2
      vertex -0.9192388155425119 14.919238815542512 7.2
    endloop
  endfacet
  facet normal 0 0 1
    outer loop
      vertex -0.65 12.87416697508023 7.2
      vertex -0.4974884620746167 12.798956607735327 7.2
      vertex -0.65 15.12583302491977 7.2
    endloop
  endfacet
  facet normal 0 0 1
    outer loop
      vertex -0.4974884620746167 12.798956607735327 7.2
      vertex -0.33646475863327696 12.744296425824212 7.2
      vertex -0.4974884620746167 15.201043392264673 7.2
    endloop
  endfacet
  facet normal 0 0 1
    outer loop
      vertex -0.33646475863327696 12.744296425824212 7.2
      vertex -0.16968404988606706 12.711121680214047 7.2
      vertex -0.33646475863327696 15.255703574175788 7.2
    endloop
  endfacet
  facet normal -0.5322004619635783 0.4667272787359279 0.7063485793639775
    outer loop
      vertex -1.8247126826698408 15.400151286720057 6.2
      vertex -1.0313593423786058 14.791389857711337 7.2
      vertex -1.6263455967290592 15.62634559672906 6.2
    endloop
  endfacet
  facet normal -0.4667272787359281 0.5322004619635777 0.7063485793639779
    outer loop
      vertex -1.6263455967290592 15.62634559672906 6.2
      vertex -0.9192388155425119 14.919238815542512 7.2
      vertex -1.4001512867200574 15.82471268266984 6.2
    endloop
  endfacet
  facet normal -0.39326826236786105 0.5885675477331838 0.7063485793639778
    outer loop
      vertex -1.4001512867200574 15.82471268266984 6.2
      vertex -0.7913898577113369 15.031359342378606 7.2
      vertex -1.15 15.991858428704209 6.2
    endloop
  endfacet
  facet normal -0.6942627593342363 0.1380974490427061 0.7063485793639778
    outer loop
      vertex -2.221629400464857 14.595283803735798 6.2
      vertex -1.2888783197859535 14.169684049886067 7.2
      vertex -1.255703574175789 14.336464758633277 7.2
    endloop
  endfacet
  facet normal -0.6702979110062842 0.22753548059830608 0.7063485793639775
    outer loop
      vertex -2.124922924775959 14.880171894439707 6.2
      vertex -1.255703574175789 14.336464758633277 7.2
      vertex -1.2010433922646728 14.497488462074617 7.2
    endloop
  endfacet
  facet normal -0.6348640795793226 0.3130803169961182 0.7063485793639779
    outer loop
      vertex -1.2010433922646728 14.497488462074617 7.2
      vertex -1.12583302491977 14.65 7.2
      vertex -1.9918584287042087 15.15 6.2
    endloop
  endfacet
  facet normal 0 0 1
    outer loop
      vertex -1.0313593423786058 13.208610142288663 7.2
      vertex -1.0313593423786058 14.791389857711337 7.2
      vertex -1.12583302491977 14.65 7.2
    endloop
  endfacet
  facet normal 0 0 1
    outer loop
      vertex -0.9192388155425119 13.080761184457488 7.2
      vertex -0.9192388155425119 14.919238815542512 7.2
      vertex -1.0313593423786058 14.791389857711337 7.2
    endloop
  endfacet
  facet normal -0.5885675477331846 0.3932682623678603 0.7063485793639775
    outer loop
      vertex -1.12583302491977 14.65 7.2
      vertex -1.0313593423786058 14.791389857711337 7.2
      vertex -1.8247126826698408 15.400151286720057 6.2
    endloop
  endfacet
  facet normal -0.5322004619635762 0.4667272787359299 0.7063485793639779
    outer loop
      vertex -1.6263455967290592 15.62634559672906 6.2
      vertex -1.0313593423786058 14.791389857711337 7.2
      vertex -0.9192388155425119 14.919238815542512 7.2
    endloop
  endfacet
  facet normal -0.4667272787359288 0.5322004619635773 0.7063485793639778
    outer loop
      vertex -1.4001512867200574 15.82471268266984 6.2
      vertex -0.9192388155425119 14.919238815542512 7.2
      vertex -0.7913898577113369 15.031359342378606 7.2
    endloop
  endfacet
  facet normal 0 0 1
    outer loop
      vertex -0.7913898577113369 12.968640657621394 7.2
      vertex -0.7913898577113369 15.031359342378606 7.2
      vertex -0.9192388155425119 14.919238815542512 7.2
    endloop
  endfacet
  facet normal 0 0 1
    outer loop
      vertex -0.65 12.87416697508023 7.2
      vertex -0.65 15.12583302491977 7.2
      vertex -0.7913898577113369 15.031359342378606 7.2
    endloop
  endfacet
  facet normal 0 0 1
    outer loop
      vertex -0.4974884620746167 12.798956607735327 7.2
      vertex -0.4974884620746167 15.201043392264673 7.2
      vertex -0.65 15.12583302491977 7.2
    endloop
  endfacet
  facet normal 0 0 1
    outer loop
      vertex -0.33646475863327696 12.744296425824212 7.2
      vertex -0.33646475863327696 15.255703574175788 7.2
      vertex -0.4974884620746167 15.201043392264673 7.2
    endloop
  endfacet
  facet normal 0 0 1
    outer loop
      vertex -0.16968404988606706 12.711121680214047 7.2
      vertex -0.16968404988606706 15.288878319785953 7.2
      vertex -0.33646475863327696 15.255703574175788 7.2
    endloop
  endfacet
  facet normal -0.3932682623678586 0.588567547733185 0.7063485793639781
    outer loop
      vertex -1.15 15.991858428704209 6.2
      vertex -0.7913898577113369 15.031359342378606 7.2
      vertex -0.65 15.12583302491977 7.2
    endloop
  endfacet
  facet normal -0.31308031699611927 0.6348640795793223 0.7063485793639774
    outer loop
      vertex -0.8801718944397064 16.12492292477596 6.2
      vertex -0.65 15.12583302491977 7.2
      vertex -0.4974884620746167 15.201043392264673 7.2
    endloop
  endfacet
  facet normal -0.2275354805983058 0.6702979110062842 0.7063485793639778
    outer loop
      vertex -0.5952838037357977 16.221629400464856 6.2
      vertex -0.4974884620746167 15.201043392264673 7.2
      vertex -0.33646475863327696 15.255703574175788 7.2
    endloop
  endfacet
  facet normal -0.13809744904270557 0.6942627593342353 0.7063485793639787
    outer loop
      vertex -0.33646475863327696 15.255703574175788 7.2
      vertex -0.16968404988606706 15.288878319785953 7.2
      vertex -0.3002102421061186 16.280323181159766 6.2
    endloop
  endfacet
  facet normal 0 0 1
    outer loop
      vertex -0.16968404988606706 12.711121680214047 7.2
      vertex 0 12.7 7.2
      vertex -0.16968404988606706 15.288878319785953 7.2
    endloop
  endfacet
  facet normal 0 0 1
    outer loop
      vertex 0 12.7 7.2
      vertex 0.16968404988606706 12.711121680214047 7.2
      vertex 0 15.3 7.2
    endloop
  endfacet
  facet normal 0 0 1
    outer loop
      vertex 0.16968404988606706 12.711121680214047 7.2
      vertex 0.33646475863327696 12.744296425824212 7.2
      vertex 0.16968404988606706 15.288878319785953 7.2
    endloop
  endfacet
  facet normal 0 0 1
    outer loop
      vertex 0.33646475863327696 12.744296425824212 7.2
      vertex 0.4974884620746167 12.798956607735327 7.2
      vertex 0.33646475863327696 15.255703574175788 7.2
    endloop
  endfacet
  facet normal 0.5322004619635762 -0.46672727873592984 0.7063485793639779
    outer loop
      vertex 0.9192388155425119 13.080761184457488 7.2
      vertex 1.6263455967290592 12.37365440327094 6.2
      vertex 1.0313593423786058 13.208610142288663 7.2
    endloop
  endfacet
  facet normal 0 0 1
    outer loop
      vertex 0.4974884620746167 12.798956607735327 7.2
      vertex 0.65 12.87416697508023 7.2
      vertex 0.4974884620746167 15.201043392264673 7.2
    endloop
  endfacet
  facet normal 0 0 1
    outer loop
      vertex 0.65 12.87416697508023 7.2
      vertex 0.7913898577113369 12.968640657621394 7.2
      vertex 0.65 15.12583302491977 7.2
    endloop
  endfacet
  facet normal 0 0 1
    outer loop
      vertex 0.7913898577113369 12.968640657621394 7.2
      vertex 0.9192388155425119 13.080761184457488 7.2
      vertex 0.7913898577113369 15.031359342378606 7.2
    endloop
  endfacet
  facet normal 0 0 1
    outer loop
      vertex 0.9192388155425119 13.080761184457488 7.2
      vertex 1.0313593423786058 13.208610142288663 7.2
      vertex 0.9192388155425119 14.919238815542512 7.2
    endloop
  endfacet
  facet normal 0 0 1
    outer loop
      vertex 1.0313593423786058 13.208610142288663 7.2
      vertex 1.12583302491977 13.35 7.2
      vertex 1.0313593423786058 14.791389857711337 7.2
    endloop
  endfacet
  facet normal 0 0 1
    outer loop
      vertex 1.12583302491977 13.35 7.2
      vertex 1.2010433922646728 13.502511537925383 7.2
      vertex 1.12583302491977 14.65 7.2
    endloop
  endfacet
  facet normal 0 0 1
    outer loop
      vertex 1.2010433922646728 13.502511537925383 7.2
      vertex 1.255703574175789 13.663535241366723 7.2
      vertex 1.2010433922646728 14.497488462074617 7.2
    endloop
  endfacet
  facet normal 0 0 1
    outer loop
      vertex 1.255703574175789 13.663535241366723 7.2
      vertex 1.255703574175789 14.336464758633277 7.2
      vertex 1.2010433922646728 14.497488462074617 7.2
    endloop
  endfacet
  facet normal 0.39326826236786105 0.5885675477331838 0.7063485793639779
    outer loop
      vertex 0.7913898577113369 15.031359342378606 7.2
      vertex 1.4001512867200574 15.82471268266984 6.2
      vertex 1.15 15.991858428704209 6.2
    endloop
  endfacet
  facet normal 0 0 1
    outer loop
      vertex -0.16968404988606706 15.288878319785953 7.2
      vertex 0 12.7 7.2
      vertex 0 15.3 7.2
    endloop
  endfacet
  facet normal 0 0 1
    outer loop
      vertex 0.16968404988606706 12.711121680214047 7.2
      vertex 0.16968404988606706 15.288878319785953 7.2
      vertex 0 15.3 7.2
    endloop
  endfacet
  facet normal 0 0 1
    outer loop
      vertex 0.33646475863327696 12.744296425824212 7.2
      vertex 0.33646475863327696 15.255703574175788 7.2
      vertex 0.16968404988606706 15.288878319785953 7.2
    endloop
  endfacet
  facet normal 0 0 1
    outer loop
      vertex 0.4974884620746167 12.798956607735327 7.2
      vertex 0.4974884620746167 15.201043392264673 7.2
      vertex 0.33646475863327696 15.255703574175788 7.2
    endloop
  endfacet
  facet normal 0.13809744904270557 0.6942627593342353 0.7063485793639787
    outer loop
      vertex 0.16968404988606706 15.288878319785953 7.2
      vertex 0.33646475863327696 15.255703574175788 7.2
      vertex 0.3002102421061186 16.280323181159766 6.2
    endloop
  endfacet
  facet normal 0.2275354805983058 0.6702979110062842 0.7063485793639778
    outer loop
      vertex 0.5952838037357977 16.221629400464856 6.2
      vertex 0.33646475863327696 15.255703574175788 7.2
      vertex 0.4974884620746167 15.201043392264673 7.2
    endloop
  endfacet
  facet normal 0 0 1
    outer loop
      vertex 0.65 12.87416697508023 7.2
      vertex 0.65 15.12583302491977 7.2
      vertex 0.4974884620746167 15.201043392264673 7.2
    endloop
  endfacet
  facet normal 0 0 1
    outer loop
      vertex 0.9192388155425119 13.080761184457488 7.2
      vertex 0.9192388155425119 14.919238815542512 7.2
      vertex 0.7913898577113369 15.031359342378606 7.2
    endloop
  endfacet
  facet normal 0 0 1
    outer loop
      vertex 0.7913898577113369 12.968640657621394 7.2
      vertex 0.7913898577113369 15.031359342378606 7.2
      vertex 0.65 15.12583302491977 7.2
    endloop
  endfacet
  facet normal 0 0 1
    outer loop
      vertex 1.0313593423786058 13.208610142288663 7.2
      vertex 1.0313593423786058 14.791389857711337 7.2
      vertex 0.9192388155425119 14.919238815542512 7.2
    endloop
  endfacet
  facet normal 0 0 1
    outer loop
      vertex 1.12583302491977 13.35 7.2
      vertex 1.12583302491977 14.65 7.2
      vertex 1.0313593423786058 14.791389857711337 7.2
    endloop
  endfacet
  facet normal 0 0 1
    outer loop
      vertex 1.2010433922646728 13.502511537925383 7.2
      vertex 1.2010433922646728 14.497488462074617 7.2
      vertex 1.12583302491977 14.65 7.2
    endloop
  endfacet
  facet normal 0.31308031699611927 0.6348640795793223 0.7063485793639775
    outer loop
      vertex 0.8801718944397064 16.12492292477596 6.2
      vertex 0.4974884620746167 15.201043392264673 7.2
      vertex 0.65 15.12583302491977 7.2
    endloop
  endfacet
  facet normal 0.39326826236785867 0.5885675477331851 0.706348579363978
    outer loop
      vertex 0.7913898577113369 15.031359342378606 7.2
      vertex 1.15 15.991858428704209 6.2
      vertex 0.65 15.12583302491977 7.2
    endloop
  endfacet
  facet normal 0.46672727873592873 0.5322004619635773 0.7063485793639778
    outer loop
      vertex 0.7913898577113369 15.031359342378606 7.2
      vertex 0.9192388155425119 14.919238815542512 7.2
      vertex 1.4001512867200574 15.82471268266984 6.2
    endloop
  endfacet
  facet normal 0.5322004619635762 0.46672727873592984 0.7063485793639779
    outer loop
      vertex 1.0313593423786058 14.791389857711337 7.2
      vertex 1.6263455967290592 15.62634559672906 6.2
      vertex 0.9192388155425119 14.919238815542512 7.2
    endloop
  endfacet
  facet normal 0 0 -1
    outer loop
      vertex -1.4001512867200574 15.82471268266984 6.2
      vertex -1.15 15.991858428704209 6.2
      vertex -1.202081528017131 15.202081528017132 6.2
    endloop
  endfacet
  facet normal 0 0 -1
    outer loop
      vertex -0.8801718944397064 16.12492292477596 6.2
      vertex -0.8500000000000001 15.472243186433545 6.2
      vertex -1.0348944293148252 15.3487006784951 6.2
    endloop
  endfacet
  facet normal 0 0 -1
    outer loop
      vertex -1.15 15.991858428704209 6.2
      vertex -0.8801718944397064 16.12492292477596 6.2
      vertex -1.0348944293148252 15.3487006784951 6.2
    endloop
  endfacet
  facet normal 0 0 -1
    outer loop
      vertex -0.8801718944397064 16.12492292477596 6.2
      vertex -0.6505618350206527 15.570595205269187 6.2
      vertex -0.8500000000000001 15.472243186433545 6.2
    endloop
  endfacet
  facet normal 0 0 -1
    outer loop
      vertex -0.8801718944397064 16.12492292477596 6.2
      vertex -0.5952838037357977 16.221629400464856 6.2
      vertex -0.6505618350206527 15.570595205269187 6.2
    endloop
  endfacet
  facet normal 0 0 -1
    outer loop
      vertex -0.5952838037357977 16.221629400464856 6.2
      vertex -0.4399923766742853 15.642073904691417 6.2
      vertex -0.6505618350206527 15.570595205269187 6.2
    endloop
  endfacet
  facet normal 0 0 -1
    outer loop
      vertex -0.3002102421061186 16.280323181159766 6.2
      vertex -0.2218945267740877 15.685456264335478 6.2
      vertex -0.4399923766742853 15.642073904691417 6.2
    endloop
  endfacet
  facet normal 0 0 -1
    outer loop
      vertex -0.5952838037357977 16.221629400464856 6.2
      vertex -0.3002102421061186 16.280323181159766 6.2
      vertex -0.4399923766742853 15.642073904691417 6.2
    endloop
  endfacet
  facet normal 0 0 -1
    outer loop
      vertex 0 16.3 6.2
      vertex 0 15.7 6.2
      vertex -0.2218945267740877 15.685456264335478 6.2
    endloop
  endfacet
  facet normal 0 0 -1
    outer loop
      vertex -0.3002102421061186 16.280323181159766 6.2
      vertex 0 16.3 6.2
      vertex -0.2218945267740877 15.685456264335478 6.2
    endloop
  endfacet
  facet normal 0 0 -1
    outer loop
      vertex 0 16.3 6.2
      vertex 0.3002102421061186 16.280323181159766 6.2
      vertex 0 15.7 6.2
    endloop
  endfacet
  facet normal 0 0 -1
    outer loop
      vertex 0.3002102421061186 16.280323181159766 6.2
      vertex 0.2218945267740877 15.685456264335478 6.2
      vertex 0 15.7 6.2
    endloop
  endfacet
  facet normal 0 0 -1
    outer loop
      vertex 0.5952838037357977 16.221629400464856 6.2
      vertex 0.4399923766742853 15.642073904691417 6.2
      vertex 0.2218945267740877 15.685456264335478 6.2
    endloop
  endfacet
  facet normal 0 0 -1
    outer loop
      vertex 0.5952838037357977 16.221629400464856 6.2
      vertex 0.2218945267740877 15.685456264335478 6.2
      vertex 0.3002102421061186 16.280323181159766 6.2
    endloop
  endfacet
  facet normal 0 0 -1
    outer loop
      vertex 0.8801718944397064 16.12492292477596 6.2
      vertex 0.6505618350206527 15.570595205269187 6.2
      vertex 0.4399923766742853 15.642073904691417 6.2
    endloop
  endfacet
  facet normal 0 0 -1
    outer loop
      vertex 0.8801718944397064 16.12492292477596 6.2
      vertex 0.8500000000000001 15.472243186433545 6.2
      vertex 0.6505618350206527 15.570595205269187 6.2
    endloop
  endfacet
  facet normal 0 0 -1
    outer loop
      vertex 0.5952838037357977 16.221629400464856 6.2
      vertex 0.8801718944397064 16.12492292477596 6.2
      vertex 0.4399923766742853 15.642073904691417 6.2
    endloop
  endfacet
  facet normal 0 0 -1
    outer loop
      vertex 0.8801718944397064 16.12492292477596 6.2
      vertex 1.15 15.991858428704209 6.2
      vertex 0.8500000000000001 15.472243186433545 6.2
    endloop
  endfacet
  facet normal 0 0 -1
    outer loop
      vertex 1.4001512867200574 15.82471268266984 6.2
      vertex 1.0348944293148252 15.3487006784951 6.2
      vertex 1.15 15.991858428704209 6.2
    endloop
  endfacet
  facet normal -0.31308031699611577 0.6348640795793236 0.7063485793639779
    outer loop
      vertex -1.15 15.991858428704209 6.2
      vertex -0.65 15.12583302491977 7.2
      vertex -0.8801718944397064 16.12492292477596 6.2
    endloop
  endfacet
  facet normal -0.22753548059830672 0.670297911006284 0.7063485793639775
    outer loop
      vertex -0.8801718944397064 16.12492292477596 6.2
      vertex -0.4974884620746167 15.201043392264673 7.2
      vertex -0.5952838037357977 16.221629400464856 6.2
    endloop
  endfacet
  facet normal -0.13809744904271254 0.6942627593342349 0.7063485793639778
    outer loop
      vertex -0.5952838037357977 16.221629400464856 6.2
      vertex -0.33646475863327696 15.255703574175788 7.2
      vertex -0.3002102421061186 16.280323181159766 6.2
    endloop
  endfacet
  facet normal -0.04629653184613718 0.7063485793639771 0.7063485793639785
    outer loop
      vertex -0.16968404988606706 15.288878319785953 7.2
      vertex 0 16.3 6.2
      vertex -0.3002102421061186 16.280323181159766 6.2
    endloop
  endfacet
  facet normal 0.0462965318461372 0.7063485793639773 0.7063485793639787
    outer loop
      vertex 0.16968404988606706 15.288878319785953 7.2
      vertex 0.3002102421061186 16.280323181159766 6.2
      vertex 0 16.3 6.2
    endloop
  endfacet
  facet normal 0.13809744904271254 0.6942627593342349 0.7063485793639778
    outer loop
      vertex 0.5952838037357977 16.221629400464856 6.2
      vertex 0.3002102421061186 16.280323181159766 6.2
      vertex 0.33646475863327696 15.255703574175788 7.2
    endloop
  endfacet
  facet normal 0.22753548059830672 0.670297911006284 0.7063485793639777
    outer loop
      vertex 0.5952838037357977 16.221629400464856 6.2
      vertex 0.4974884620746167 15.201043392264673 7.2
      vertex 0.8801718944397064 16.12492292477596 6.2
    endloop
  endfacet
  facet normal 0.31308031699611577 0.6348640795793236 0.7063485793639779
    outer loop
      vertex 0.8801718944397064 16.12492292477596 6.2
      vertex 0.65 15.12583302491977 7.2
      vertex 1.15 15.991858428704209 6.2
    endloop
  endfacet
  facet normal -0.046296531846145246 0.7063485793639777 0.7063485793639777
    outer loop
      vertex -0.16968404988606706 15.288878319785953 7.2
      vertex 0 15.3 7.2
      vertex 0 16.3 6.2
    endloop
  endfacet
  facet normal 0.046296531846145246 0.7063485793639777 0.7063485793639777
    outer loop
      vertex 0 15.3 7.2
      vertex 0.16968404988606706 15.288878319785953 7.2
      vertex 0 16.3 6.2
    endloop
  endfacet
  facet normal 0 0 -1
    outer loop
      vertex 1.15 12.008141571295791 6.2
      vertex 1.202081528017131 12.797918471982868 6.2
      vertex 1.4001512867200574 12.17528731733016 6.2
    endloop
  endfacet
  facet normal 0 0 -1
    outer loop
      vertex 1.4001512867200574 12.17528731733016 6.2
      vertex 1.202081528017131 12.797918471982868 6.2
      vertex 1.3487006784951 12.965105570685175 6.2
    endloop
  endfacet
  facet normal 0 0 -1
    outer loop
      vertex 1.4001512867200574 12.17528731733016 6.2
      vertex 1.4722431864335457 13.15 6.2
      vertex 1.6263455967290592 12.37365440327094 6.2
    endloop
  endfacet
  facet normal 0.4667272787359281 -0.5322004619635777 0.7063485793639779
    outer loop
      vertex 0.9192388155425119 13.080761184457488 7.2
      vertex 1.4001512867200574 12.17528731733016 6.2
      vertex 1.6263455967290592 12.37365440327094 6.2
    endloop
  endfacet
  facet normal 0.5322004619635783 -0.4667272787359279 0.7063485793639775
    outer loop
      vertex 1.0313593423786058 13.208610142288663 7.2
      vertex 1.6263455967290592 12.37365440327094 6.2
      vertex 1.8247126826698408 12.599848713279943 6.2
    endloop
  endfacet
  facet normal 0 0 -1
    outer loop
      vertex 1.4001512867200574 12.17528731733016 6.2
      vertex 1.3487006784951 12.965105570685175 6.2
      vertex 1.4722431864335457 13.15 6.2
    endloop
  endfacet
  facet normal 0 0 -1
    outer loop
      vertex 1.6263455967290592 12.37365440327094 6.2
      vertex 1.4722431864335457 13.15 6.2
      vertex 1.5705952052691876 13.349438164979347 6.2
    endloop
  endfacet
  facet normal 0 0 -1
    outer loop
      vertex 1.6263455967290592 12.37365440327094 6.2
      vertex 1.5705952052691876 13.349438164979347 6.2
      vertex 1.6420739046914163 13.560007623325715 6.2
    endloop
  endfacet
  facet normal 0 0 -1
    outer loop
      vertex 1.6263455967290592 12.37365440327094 6.2
      vertex 1.6420739046914163 13.560007623325715 6.2
      vertex 1.6854562643354778 13.778105473225912 6.2
    endloop
  endfacet
  facet normal 0 0 -1
    outer loop
      vertex 1.6263455967290592 12.37365440327094 6.2
      vertex 1.6854562643354778 13.778105473225912 6.2
      vertex 1.7000000000000002 14 6.2
    endloop
  endfacet
  facet normal 0 0 -1
    outer loop
      vertex 1.6263455967290592 12.37365440327094 6.2
      vertex 1.8247126826698408 15.400151286720057 6.2
      vertex 1.8247126826698408 12.599848713279943 6.2
    endloop
  endfacet
  facet normal 0 0 -1
    outer loop
      vertex 1.8247126826698408 12.599848713279943 6.2
      vertex 1.9918584287042087 15.15 6.2
      vertex 1.9918584287042087 12.85 6.2
    endloop
  endfacet
  facet normal 0 0 -1
    outer loop
      vertex 1.6263455967290592 12.37365440327094 6.2
      vertex 1.7000000000000002 14 6.2
      vertex 1.8247126826698408 15.400151286720057 6.2
    endloop
  endfacet
  facet normal 0 0 -1
    outer loop
      vertex 1.9918584287042087 12.85 6.2
      vertex 2.124922924775959 14.880171894439707 6.2
      vertex 2.124922924775959 13.119828105560293 6.2
    endloop
  endfacet
  facet normal 0 0 -1
    outer loop
      vertex 2.124922924775959 13.119828105560293 6.2
      vertex 2.221629400464857 14.595283803735798 6.2
      vertex 2.221629400464857 13.404716196264202 6.2
    endloop
  endfacet
  facet normal 0 0 -1
    outer loop
      vertex 2.221629400464857 13.404716196264202 6.2
      vertex 2.2803231811597637 14.300210242106118 6.2
      vertex 2.2803231811597637 13.699789757893882 6.2
    endloop
  endfacet
  facet normal 0 0 -1
    outer loop
      vertex 2.2803231811597637 13.699789757893882 6.2
      vertex 2.2803231811597637 14.300210242106118 6.2
      vertex 2.3 14 6.2
    endloop
  endfacet
  facet normal 0 0 -1
    outer loop
      vertex 2.221629400464857 13.404716196264202 6.2
      vertex 2.221629400464857 14.595283803735798 6.2
      vertex 2.2803231811597637 14.300210242106118 6.2
    endloop
  endfacet
  facet normal 0 0 -1
    outer loop
      vertex 1.8247126826698408 15.400151286720057 6.2
      vertex 1.7000000000000002 14 6.2
      vertex 1.6854562643354778 14.221894526774088 6.2
    endloop
  endfacet
  facet normal 0 0 -1
    outer loop
      vertex 1.8247126826698408 12.599848713279943 6.2
      vertex 1.8247126826698408 15.400151286720057 6.2
      vertex 1.9918584287042087 15.15 6.2
    endloop
  endfacet
  facet normal 0 0 -1
    outer loop
      vertex 1.8247126826698408 15.400151286720057 6.2
      vertex 1.6854562643354778 14.221894526774088 6.2
      vertex 1.6420739046914163 14.439992376674285 6.2
    endloop
  endfacet
  facet normal 0 0 -1
    outer loop
      vertex 1.8247126826698408 15.400151286720057 6.2
      vertex 1.6420739046914163 14.439992376674285 6.2
      vertex 1.5705952052691876 14.650561835020653 6.2
    endloop
  endfacet
  facet normal 0 0 -1
    outer loop
      vertex 1.6263455967290592 15.62634559672906 6.2
      vertex 1.5705952052691876 14.650561835020653 6.2
      vertex 1.4722431864335457 14.85 6.2
    endloop
  endfacet
  facet normal 0 0 -1
    outer loop
      vertex 1.6263455967290592 15.62634559672906 6.2
      vertex 1.4722431864335457 14.85 6.2
      vertex 1.3487006784951 15.034894429314825 6.2
    endloop
  endfacet
  facet normal 0 0 -1
    outer loop
      vertex 1.4001512867200574 15.82471268266984 6.2
      vertex 1.3487006784951 15.034894429314825 6.2
      vertex 1.202081528017131 15.202081528017132 6.2
    endloop
  endfacet
  facet normal 0 0 -1
    outer loop
      vertex 1.6263455967290592 15.62634559672906 6.2
      vertex 1.3487006784951 15.034894429314825 6.2
      vertex 1.4001512867200574 15.82471268266984 6.2
    endloop
  endfacet
  facet normal 0 0 -1
    outer loop
      vertex 1.6263455967290592 15.62634559672906 6.2
      vertex 1.8247126826698408 15.400151286720057 6.2
      vertex 1.5705952052691876 14.650561835020653 6.2
    endloop
  endfacet
  facet normal 0 0 -1
    outer loop
      vertex 1.9918584287042087 12.85 6.2
      vertex 1.9918584287042087 15.15 6.2
      vertex 2.124922924775959 14.880171894439707 6.2
    endloop
  endfacet
  facet normal 0 0 -1
    outer loop
      vertex 2.124922924775959 13.119828105560293 6.2
      vertex 2.124922924775959 14.880171894439707 6.2
      vertex 2.221629400464857 14.595283803735798 6.2
    endloop
  endfacet
  facet normal 0.5885675477331832 -0.39326826236786183 0.7063485793639778
    outer loop
      vertex 1.8247126826698408 12.599848713279943 6.2
      vertex 1.9918584287042087 12.85 6.2
      vertex 1.12583302491977 13.35 7.2
    endloop
  endfacet
  facet normal 0.6348640795793233 -0.3130803169961168 0.7063485793639777
    outer loop
      vertex 1.9918584287042087 12.85 6.2
      vertex 2.124922924775959 13.119828105560293 6.2
      vertex 1.2010433922646728 13.502511537925383 7.2
    endloop
  endfacet
  facet normal 0.6702979110062834 -0.2275354805983075 0.7063485793639778
    outer loop
      vertex 2.124922924775959 13.119828105560293 6.2
      vertex 2.221629400464857 13.404716196264202 6.2
      vertex 1.255703574175789 13.663535241366723 7.2
    endloop
  endfacet
  facet normal 0.6942627593342361 -0.1380974490427061 0.7063485793639778
    outer loop
      vertex 2.221629400464857 13.404716196264202 6.2
      vertex 2.2803231811597637 13.699789757893882 6.2
      vertex 1.2888783197859535 13.830315950113933 7.2
    endloop
  endfacet
  facet normal 0.7063485793639779 -0.04629653184613939 0.7063485793639777
    outer loop
      vertex 1.2888783197859535 13.830315950113933 7.2
      vertex 2.2803231811597637 13.699789757893882 6.2
      vertex 2.3 14 6.2
    endloop
  endfacet
  facet normal 0.7063485793639779 0.04629653184613939 0.7063485793639777
    outer loop
      vertex 1.2888783197859535 14.169684049886067 7.2
      vertex 2.3 14 6.2
      vertex 2.2803231811597637 14.300210242106118 6.2
    endloop
  endfacet
  facet normal 0.5885675477331846 -0.3932682623678603 0.7063485793639775
    outer loop
      vertex 1.0313593423786058 13.208610142288663 7.2
      vertex 1.8247126826698408 12.599848713279943 6.2
      vertex 1.12583302491977 13.35 7.2
    endloop
  endfacet
  facet normal 0.6348640795793224 -0.31308031699611816 0.7063485793639779
    outer loop
      vertex 1.9918584287042087 12.85 6.2
      vertex 1.2010433922646728 13.502511537925383 7.2
      vertex 1.12583302491977 13.35 7.2
    endloop
  endfacet
  facet normal 0.6702979110062842 -0.22753548059830608 0.7063485793639775
    outer loop
      vertex 2.124922924775959 13.119828105560293 6.2
      vertex 1.255703574175789 13.663535241366723 7.2
      vertex 1.2010433922646728 13.502511537925383 7.2
    endloop
  endfacet
  facet normal 0.6942627593342363 -0.1380974490427061 0.7063485793639778
    outer loop
      vertex 2.221629400464857 13.404716196264202 6.2
      vertex 1.2888783197859535 13.830315950113933 7.2
      vertex 1.255703574175789 13.663535241366723 7.2
    endloop
  endfacet
  facet normal 0.7063485793639779 -0.04629653184613973 0.7063485793639778
    outer loop
      vertex 1.2888783197859535 13.830315950113933 7.2
      vertex 2.3 14 6.2
      vertex 1.3 14 7.2
    endloop
  endfacet
  facet normal 0.7063485793639779 0.04629653184613973 0.7063485793639778
    outer loop
      vertex 1.3 14 7.2
      vertex 2.3 14 6.2
      vertex 1.2888783197859535 14.169684049886067 7.2
    endloop
  endfacet
  facet normal 0 0 1
    outer loop
      vertex 1.255703574175789 13.663535241366723 7.2
      vertex 1.2888783197859535 13.830315950113933 7.2
      vertex 1.255703574175789 14.336464758633277 7.2
    endloop
  endfacet
  facet normal 0 0 1
    outer loop
      vertex 1.2888783197859535 13.830315950113933 7.2
      vertex 1.3 14 7.2
      vertex 1.2888783197859535 14.169684049886067 7.2
    endloop
  endfacet
  facet normal 0 0 1
    outer loop
      vertex 1.2888783197859535 13.830315950113933 7.2
      vertex 1.2888783197859535 14.169684049886067 7.2
      vertex 1.255703574175789 14.336464758633277 7.2
    endloop
  endfacet
  facet normal 0.6942627593342361 0.1380974490427061 0.7063485793639778
    outer loop
      vertex 2.221629400464857 14.595283803735798 6.2
      vertex 1.2888783197859535 14.169684049886067 7.2
      vertex 2.2803231811597637 14.300210242106118 6.2
    endloop
  endfacet
  facet normal 0.6348640795793234 0.3130803169961169 0.7063485793639778
    outer loop
      vertex 2.124922924775959 14.880171894439707 6.2
      vertex 1.9918584287042087 15.15 6.2
      vertex 1.2010433922646728 14.497488462074617 7.2
    endloop
  endfacet
  facet normal 0.6702979110062834 0.2275354805983075 0.7063485793639778
    outer loop
      vertex 2.221629400464857 14.595283803735798 6.2
      vertex 2.124922924775959 14.880171894439707 6.2
      vertex 1.255703574175789 14.336464758633277 7.2
    endloop
  endfacet
  facet normal 0.4667272787359281 0.5322004619635777 0.7063485793639779
    outer loop
      vertex 0.9192388155425119 14.919238815542512 7.2
      vertex 1.6263455967290592 15.62634559672906 6.2
      vertex 1.4001512867200574 15.82471268266984 6.2
    endloop
  endfacet
  facet normal 0.5322004619635783 0.4667272787359279 0.7063485793639777
    outer loop
      vertex 1.0313593423786058 14.791389857711337 7.2
      vertex 1.8247126826698408 15.400151286720057 6.2
      vertex 1.6263455967290592 15.62634559672906 6.2
    endloop
  endfacet
  facet normal 0.5885675477331832 0.39326826236786183 0.7063485793639778
    outer loop
      vertex 1.12583302491977 14.65 7.2
      vertex 1.9918584287042087 15.15 6.2
      vertex 1.8247126826698408 15.400151286720057 6.2
    endloop
  endfacet
  facet normal 0.6942627593342363 0.1380974490427061 0.7063485793639778
    outer loop
      vertex 2.221629400464857 14.595283803735798 6.2
      vertex 1.255703574175789 14.336464758633277 7.2
      vertex 1.2888783197859535 14.169684049886067 7.2
    endloop
  endfacet
  facet normal 0.6702979110062842 0.22753548059830606 0.7063485793639777
    outer loop
      vertex 2.124922924775959 14.880171894439707 6.2
      vertex 1.2010433922646728 14.497488462074617 7.2
      vertex 1.255703574175789 14.336464758633277 7.2
    endloop
  endfacet
  facet normal 0.6348640795793226 0.3130803169961182 0.7063485793639779
    outer loop
      vertex 1.2010433922646728 14.497488462074617 7.2
      vertex 1.9918584287042087 15.15 6.2
      vertex 1.12583302491977 14.65 7.2
    endloop
  endfacet
  facet normal 0.5885675477331846 0.3932682623678603 0.7063485793639775
    outer loop
      vertex 1.0313593423786058 14.791389857711337 7.2
      vertex 1.12583302491977 14.65 7.2
      vertex 1.8247126826698408 15.400151286720057 6.2
    endloop
  endfacet
endsolid OpenSCAD_Model
