solid OpenSCAD_Model
  facet normal 0 0 -1
    outer loop
      vertex 57.94499999999999 53.044999999999995 0
      vertex 57.94499999999999 53.055 0
      vertex 61.154968847352016 56.25496884735202 0
    endloop
  endfacet
  facet normal 0 0 -1
    outer loop
      vertex 57.94499999999999 53.055 0
      vertex 57.94499999999999 56.254999999999995 0
      vertex 61.154968847352016 56.25496884735202 0
    endloop
  endfacet
  facet normal 0 0 -1
    outer loop
      vertex 57.94499999999999 53.044999999999995 0
      vertex 61.154968847352016 56.25496884735202 0
      vertex 61.154999999999994 53.044999999999995 0
    endloop
  endfacet
  facet normal 0 0 -1
    outer loop
      vertex 57.94499999999999 56.254999999999995 0
      vertex 61.154999999999994 56.254999999999995 0
      vertex 61.154968847352016 56.25496884735202 0
    endloop
  endfacet
  facet normal 0 0 -1
    outer loop
      vertex 61.154999999999994 53.044999999999995 0
      vertex 61.154968847352016 56.25496884735202 0
      vertex 61.154999999999994 56.254968749999996 0
    endloop
  endfacet
  facet normal -1 0 0
    outer loop
      vertex 57.94499999999999 53.055 0
      vertex 57.94499999999999 56.254999999999995 2
      vertex 57.94499999999999 56.254999999999995 0
    endloop
  endfacet
  facet normal 0 1 0
    outer loop
      vertex 57.94499999999999 56.254999999999995 0
      vertex 57.94499999999999 56.254999999999995 2
      vertex 61.154999999999994 56.254999999999995 0
    endloop
  endfacet
  facet normal -1 0 0
    outer loop
      vertex 57.94499999999999 53.055 0
      vertex 57.94499999999999 53.055 2
      vertex 57.94499999999999 56.254999999999995 2
    endloop
  endfacet
  facet normal 0 1 0
    outer loop
      vertex 61.154999999999994 56.254999999999995 0
      vertex 57.94499999999999 56.254999999999995 2
      vertex 61.154999999999994 56.254999999999995 2
    endloop
  endfacet
  facet normal 0 0 1
    outer loop
      vertex 57.95499999999999 53.044999999999995 2
      vertex 57.94499999999999 53.055 2
      vertex 57.94499999999999 53.04503115264798 2
    endloop
  endfacet
  facet normal 0 0 1
    outer loop
      vertex 57.95499999999999 53.044999999999995 2
      vertex 57.94499999999999 56.254999999999995 2
      vertex 57.94499999999999 53.055 2
    endloop
  endfacet
  facet normal 0 0 1
    outer loop
      vertex 57.95499999999999 53.044999999999995 2
      vertex 61.154999999999994 53.044999999999995 2
      vertex 57.94499999999999 56.254999999999995 2
    endloop
  endfacet
  facet normal 0 0 1
    outer loop
      vertex 57.94499999999999 56.254999999999995 2
      vertex 61.154999999999994 53.044999999999995 2
      vertex 61.154999999999994 56.254999999999995 2
    endloop
  endfacet
  facet normal 0 0 -1
    outer loop
      vertex 61.154999999999994 53.044999999999995 0
      vertex 64.35499999999999 53.054999999999986 0
      vertex 64.35499999999999 53.044999999999995 0
    endloop
  endfacet
  facet normal 0 0 -1
    outer loop
      vertex 61.154999999999994 56.254968749999996 0
      vertex 61.154968847352016 56.25496884735202 0
      vertex 61.154999999999994 56.254999999999995 0
    endloop
  endfacet
  facet normal 0 0 -1
    outer loop
      vertex 61.154999999999994 53.044999999999995 0
      vertex 61.154999999999994 56.254968749999996 0
      vertex 64.35499999999999 53.054999999999986 0
    endloop
  endfacet
  facet normal 0 0 -1
    outer loop
      vertex 61.154999999999994 56.254968749999996 0
      vertex 61.154999999999994 56.254999999999995 0
      vertex 64.345 56.245000000000005 0
    endloop
  endfacet
  facet normal 0 0 -1
    outer loop
      vertex 61.154999999999994 56.254968749999996 0
      vertex 64.345 56.245000000000005 0
      vertex 64.35499999999999 53.054999999999986 0
    endloop
  endfacet
  facet normal 0 0 -1
    outer loop
      vertex 61.154999999999994 56.254999999999995 0
      vertex 64.35499999999999 56.254999999999995 0
      vertex 64.345 56.245000000000005 0
    endloop
  endfacet
  facet normal 0 -1 0
    outer loop
      vertex 61.154999999999994 53.044999999999995 0
      vertex 64.35499999999999 53.044999999999995 0
      vertex 61.154999999999994 53.044999999999995 2
    endloop
  endfacet
  facet normal 0 1 0
    outer loop
      vertex 61.154999999999994 56.254999999999995 0
      vertex 61.154999999999994 56.254999999999995 2
      vertex 64.35499999999999 56.254999999999995 0
    endloop
  endfacet
  facet normal 0 -1 0
    outer loop
      vertex 64.35499999999999 53.044999999999995 0
      vertex 64.35499999999999 53.044999999999995 2
      vertex 61.154999999999994 53.044999999999995 2
    endloop
  endfacet
  facet normal 0 1 0
    outer loop
      vertex 64.35499999999999 56.254999999999995 0
      vertex 61.154999999999994 56.254999999999995 2
      vertex 64.35499999999999 56.254999999999995 2
    endloop
  endfacet
  facet normal 0 0 1
    outer loop
      vertex 61.154999999999994 53.044999999999995 2
      vertex 64.35499999999999 53.044999999999995 2
      vertex 64.345 53.054999999999986 2
    endloop
  endfacet
  facet normal 0 0 1
    outer loop
      vertex 61.154999999999994 53.044999999999995 2
      vertex 64.345 53.054999999999986 2
      vertex 64.35499999999999 56.245000000000005 2
    endloop
  endfacet
  facet normal 0 0 1
    outer loop
      vertex 61.154999999999994 53.044999999999995 2
      vertex 64.35499999999999 56.254999999999995 2
      vertex 61.154999999999994 56.254999999999995 2
    endloop
  endfacet
  facet normal 0 0 1
    outer loop
      vertex 61.154999999999994 53.044999999999995 2
      vertex 64.35499999999999 56.245000000000005 2
      vertex 64.35499999999999 56.254999999999995 2
    endloop
  endfacet
  facet normal 0 0 -1
    outer loop
      vertex 64.35499999999999 53.044999999999995 0
      vertex 64.35499999999999 53.054999999999986 0
      vertex 67.55499999999999 53.044999999999995 0
    endloop
  endfacet
  facet normal 0 0 -1
    outer loop
      vertex 64.35499999999999 53.054999999999986 0
      vertex 64.345 56.245000000000005 0
      vertex 64.35499999999999 56.254999999999995 0
    endloop
  endfacet
  facet normal 0 0 -1
    outer loop
      vertex 64.35499999999999 53.054999999999986 0
      vertex 67.55499999999999 56.254999999999995 0
      vertex 67.55499999999999 53.044999999999995 0
    endloop
  endfacet
  facet normal 0 0 -1
    outer loop
      vertex 64.35499999999999 53.054999999999986 0
      vertex 64.35499999999999 56.254999999999995 0
      vertex 67.55499999999999 56.254999999999995 0
    endloop
  endfacet
  facet normal 0 -1 0
    outer loop
      vertex 64.35499999999999 53.044999999999995 0
      vertex 67.55499999999999 53.044999999999995 0
      vertex 67.55499999999999 53.044999999999995 2
    endloop
  endfacet
  facet normal 0 1 0
    outer loop
      vertex 64.35499999999999 56.254999999999995 0
      vertex 64.35499999999999 56.254999999999995 2
      vertex 67.55499999999999 56.254999999999995 0
    endloop
  endfacet
  facet normal 1 0 0
    outer loop
      vertex 67.55499999999999 53.044999999999995 0
      vertex 67.55499999999999 56.254999999999995 0
      vertex 67.55499999999999 53.044999999999995 2
    endloop
  endfacet
  facet normal 0 -1 0
    outer loop
      vertex 64.35499999999999 53.044999999999995 0
      vertex 67.55499999999999 53.044999999999995 2
      vertex 64.35499999999999 53.044999999999995 2
    endloop
  endfacet
  facet normal 0 1 0
    outer loop
      vertex 67.55499999999999 56.254999999999995 0
      vertex 64.35499999999999 56.254999999999995 2
      vertex 67.55499999999999 56.254999999999995 2
    endloop
  endfacet
  facet normal 1 0 0
    outer loop
      vertex 67.55499999999999 56.254999999999995 0
      vertex 67.55499999999999 56.254999999999995 2
      vertex 67.55499999999999 53.044999999999995 2
    endloop
  endfacet
  facet normal 0 0 1
    outer loop
      vertex 64.35499999999999 53.044999999999995 2
      vertex 64.35499999999999 56.245000000000005 2
      vertex 64.345 53.054999999999986 2
    endloop
  endfacet
  facet normal 0 0 1
    outer loop
      vertex 64.35499999999999 53.044999999999995 2
      vertex 67.55499999999999 53.044999999999995 2
      vertex 64.35499999999999 56.245000000000005 2
    endloop
  endfacet
  facet normal 0 0 1
    outer loop
      vertex 64.35499999999999 56.254999999999995 2
      vertex 64.35499999999999 56.245000000000005 2
      vertex 67.55499999999999 56.254999999999995 2
    endloop
  endfacet
  facet normal 0 0 1
    outer loop
      vertex 64.35499999999999 56.245000000000005 2
      vertex 67.55499999999999 53.044999999999995 2
      vertex 67.55499999999999 56.254999999999995 2
    endloop
  endfacet
  facet normal 0 0 -1
    outer loop
      vertex 54.74499999999999 49.84499999999999 0
      vertex 54.74499999999999 49.855 0
      vertex 54.75496884735201 49.85496884735202 0
    endloop
  endfacet
  facet normal 0 0 -1
    outer loop
      vertex 54.75496884735201 49.85496884735202 0
      vertex 54.74499999999999 49.855 0
      vertex 54.74499999999999 53.055 0
    endloop
  endfacet
  facet normal 0 0 -1
    outer loop
      vertex 54.75496884735201 49.85496884735202 0
      vertex 54.74499999999999 53.055 0
      vertex 57.94499999999999 53.044999999999995 0
    endloop
  endfacet
  facet normal -1 0 0
    outer loop
      vertex 54.74499999999999 49.855 0
      vertex 54.74499999999999 49.855 2
      vertex 54.74499999999999 53.055 0
    endloop
  endfacet
  facet normal 0 1 0
    outer loop
      vertex 54.74499999999999 53.055 0
      vertex 54.74499999999999 53.055 2
      vertex 57.94499999999999 53.055 0
    endloop
  endfacet
  facet normal 0 0 -1
    outer loop
      vertex 54.75496884735201 49.85496884735202 0
      vertex 57.94499999999999 53.044999999999995 0
      vertex 57.94499999999999 49.845 0
    endloop
  endfacet
  facet normal 0 0 -1
    outer loop
      vertex 57.94499999999999 49.845 0
      vertex 57.94499999999999 53.044999999999995 0
      vertex 57.95499999999999 49.855 0
    endloop
  endfacet
  facet normal 0 0 -1
    outer loop
      vertex 54.74499999999999 53.055 0
      vertex 57.94499999999999 53.055 0
      vertex 57.94499999999999 53.044999999999995 0
    endloop
  endfacet
  facet normal -1 0 0
    outer loop
      vertex 54.74499999999999 53.055 0
      vertex 54.74499999999999 49.855 2
      vertex 54.74499999999999 53.055 2
    endloop
  endfacet
  facet normal 0 0 1
    outer loop
      vertex 54.75496884735201 49.84503115264798 2
      vertex 54.74499999999999 49.855 2
      vertex 54.74499999999999 49.845 2
    endloop
  endfacet
  facet normal 0 0 1
    outer loop
      vertex 54.75496884735201 49.84503115264798 2
      vertex 57.94499999999999 49.855 2
      vertex 54.74499999999999 49.855 2
    endloop
  endfacet
  facet normal 0 0 1
    outer loop
      vertex 54.74499999999999 49.855 2
      vertex 57.94499999999999 49.855 2
      vertex 54.74499999999999 53.055 2
    endloop
  endfacet
  facet normal 0 1 0
    outer loop
      vertex 57.94499999999999 53.055 0
      vertex 54.74499999999999 53.055 2
      vertex 57.94499999999999 53.055 2
    endloop
  endfacet
  facet normal 0 0 1
    outer loop
      vertex 54.74499999999999 53.055 2
      vertex 57.94499999999999 49.855 2
      vertex 57.94499999999999 53.04503115264798 2
    endloop
  endfacet
  facet normal 0 0 1
    outer loop
      vertex 54.74499999999999 53.055 2
      vertex 57.94499999999999 53.04503115264798 2
      vertex 57.94499999999999 53.055 2
    endloop
  endfacet
  facet normal 0 0 1
    outer loop
      vertex 57.94499999999999 49.855 2
      vertex 57.95499999999999 53.044999999999995 2
      vertex 57.94499999999999 53.04503115264798 2
    endloop
  endfacet
  facet normal 0 0 -1
    outer loop
      vertex 61.144999999999996 49.845 0
      vertex 57.95499999999999 49.855 0
      vertex 61.144999999999996 49.84503125 0
    endloop
  endfacet
  facet normal 0 0 -1
    outer loop
      vertex 57.95499999999999 49.855 0
      vertex 57.94499999999999 53.044999999999995 0
      vertex 61.154999999999994 53.044999999999995 0
    endloop
  endfacet
  facet normal 0 0 -1
    outer loop
      vertex 61.144999999999996 49.84503125 0
      vertex 57.95499999999999 49.855 0
      vertex 61.154999999999994 53.044999999999995 0
    endloop
  endfacet
  facet normal 0 0 -1
    outer loop
      vertex 61.144999999999996 49.84503125 0
      vertex 61.154999999999994 53.044999999999995 0
      vertex 61.154968847352016 49.85496884735202 0
    endloop
  endfacet
  facet normal 0 0 -1
    outer loop
      vertex 61.154968847352016 49.85496884735202 0
      vertex 61.154999999999994 53.044999999999995 0
      vertex 61.154999999999994 49.855 0
    endloop
  endfacet
  facet normal 1 0 0
    outer loop
      vertex 61.154999999999994 49.855 0
      vertex 61.154999999999994 53.044999999999995 0
      vertex 61.154999999999994 53.044999999999995 2
    endloop
  endfacet
  facet normal 1 0 0
    outer loop
      vertex 61.154999999999994 49.855 0
      vertex 61.154999999999994 53.044999999999995 2
      vertex 61.154999999999994 49.855 2
    endloop
  endfacet
  facet normal 0 0 1
    outer loop
      vertex 57.95499999999999 49.845 2
      vertex 61.154999999999994 49.845 2
      vertex 61.144999999999996 49.855 2
    endloop
  endfacet
  facet normal 0 0 1
    outer loop
      vertex 57.95499999999999 49.845 2
      vertex 57.95499999999999 53.044999999999995 2
      vertex 57.94499999999999 49.855 2
    endloop
  endfacet
  facet normal 0 0 1
    outer loop
      vertex 57.95499999999999 49.845 2
      vertex 61.144999999999996 49.855 2
      vertex 57.95499999999999 53.044999999999995 2
    endloop
  endfacet
  facet normal 0 0 1
    outer loop
      vertex 61.144999999999996 49.855 2
      vertex 61.154999999999994 49.855 2
      vertex 61.154999999999994 53.044999999999995 2
    endloop
  endfacet
  facet normal 0 0 1
    outer loop
      vertex 57.95499999999999 53.044999999999995 2
      vertex 61.144999999999996 49.855 2
      vertex 61.154999999999994 53.044999999999995 2
    endloop
  endfacet
  facet normal 0 0 -1
    outer loop
      vertex 51.54503115264797 46.64503115264798 0
      vertex 51.544999999999995 46.655 0
      vertex 51.55496884735202 46.65496884735202 0
    endloop
  endfacet
  facet normal 0 0 -1
    outer loop
      vertex 51.544999999999995 46.655 0
      vertex 51.544999999999995 49.855 0
      vertex 54.754999999999995 46.655 0
    endloop
  endfacet
  facet normal 0 0 -1
    outer loop
      vertex 54.754999999999995 46.655 0
      vertex 51.544999999999995 49.855 0
      vertex 54.74499999999999 49.84499999999999 0
    endloop
  endfacet
  facet normal 0 0 -1
    outer loop
      vertex 54.74499999999999 49.84499999999999 0
      vertex 51.544999999999995 49.855 0
      vertex 54.74499999999999 49.855 0
    endloop
  endfacet
  facet normal -1 0 0
    outer loop
      vertex 51.544999999999995 46.655 0
      vertex 51.544999999999995 46.655 2
      vertex 51.544999999999995 49.855 0
    endloop
  endfacet
  facet normal 0 1 0
    outer loop
      vertex 51.544999999999995 49.855 0
      vertex 51.544999999999995 49.855 2
      vertex 54.74499999999999 49.855 0
    endloop
  endfacet
  facet normal -1 0 0
    outer loop
      vertex 51.544999999999995 49.855 0
      vertex 51.544999999999995 46.655 2
      vertex 51.544999999999995 49.855 2
    endloop
  endfacet
  facet normal 0 1 0
    outer loop
      vertex 54.74499999999999 49.855 0
      vertex 51.544999999999995 49.855 2
      vertex 54.74499999999999 49.855 2
    endloop
  endfacet
  facet normal 0 0 1
    outer loop
      vertex 51.544999999999995 46.655 2
      vertex 54.74499999999999 46.655 2
      vertex 51.544999999999995 49.855 2
    endloop
  endfacet
  facet normal 0 0 1
    outer loop
      vertex 54.74499999999999 46.655 2
      vertex 54.74499999999999 49.845 2
      vertex 51.544999999999995 49.855 2
    endloop
  endfacet
  facet normal 0 0 1
    outer loop
      vertex 54.74499999999999 49.845 2
      vertex 54.74499999999999 49.855 2
      vertex 51.544999999999995 49.855 2
    endloop
  endfacet
  facet normal 0 0 1
    outer loop
      vertex 54.74499999999999 46.655 2
      vertex 54.75496884735201 49.84503115264798 2
      vertex 54.74499999999999 49.845 2
    endloop
  endfacet
  facet normal 0 0 1
    outer loop
      vertex 54.74499999999999 46.655 2
      vertex 54.754999999999995 49.84499999999999 2
      vertex 54.75496884735201 49.84503115264798 2
    endloop
  endfacet
  facet normal 0 0 -1
    outer loop
      vertex 54.74499999999999 46.644999999999996 0
      vertex 54.754999999999995 46.655 0
      vertex 57.94499999999999 46.644999999999996 0
    endloop
  endfacet
  facet normal 0 0 -1
    outer loop
      vertex 54.754999999999995 46.655 0
      vertex 54.74499999999999 49.84499999999999 0
      vertex 57.94499999999999 49.845 0
    endloop
  endfacet
  facet normal 0 0 -1
    outer loop
      vertex 54.74499999999999 49.84499999999999 0
      vertex 54.75496884735201 49.85496884735202 0
      vertex 57.94499999999999 49.845 0
    endloop
  endfacet
  facet normal 0 0 -1
    outer loop
      vertex 54.754999999999995 46.655 0
      vertex 57.95499999999999 46.645 0
      vertex 57.94499999999999 46.644999999999996 0
    endloop
  endfacet
  facet normal 0 0 -1
    outer loop
      vertex 54.754999999999995 46.655 0
      vertex 57.94500000000227 46.654999999999994 0
      vertex 57.95499999999999 46.645 0
    endloop
  endfacet
  facet normal 0 0 -1
    outer loop
      vertex 57.95499999999999 46.645 0
      vertex 57.94500000000227 46.654999999999994 0
      vertex 57.95499999999999 46.65496875 0
    endloop
  endfacet
  facet normal 0 0 -1
    outer loop
      vertex 54.754999999999995 46.655 0
      vertex 57.94499999999999 49.845 0
      vertex 57.94500000000227 46.654999999999994 0
    endloop
  endfacet
  facet normal 0 0 -1
    outer loop
      vertex 57.94500000000227 46.654999999999994 0
      vertex 57.94499999999999 49.845 0
      vertex 57.955 46.655 0
    endloop
  endfacet
  facet normal 0 0 1
    outer loop
      vertex 54.754999999999995 46.644999999999996 2
      vertex 54.754999999999995 46.645031249999995 2
      vertex 54.74999219968825 46.64501560062402 2
    endloop
  endfacet
  facet normal 0 0 1
    outer loop
      vertex 54.754999999999995 46.644999999999996 2
      vertex 57.94499999927467 46.65499999999773 2
      vertex 54.754999999999995 46.645031249999995 2
    endloop
  endfacet
  facet normal 0 0 1
    outer loop
      vertex 54.74499999999999 46.655 2
      vertex 54.754999999999995 46.655 2
      vertex 54.754999999999995 49.84499999999999 2
    endloop
  endfacet
  facet normal 0 0 1
    outer loop
      vertex 54.754999999999995 46.655 2
      vertex 57.94499999927467 46.65499999999773 2
      vertex 54.754999999999995 49.84499999999999 2
    endloop
  endfacet
  facet normal 0 0 1
    outer loop
      vertex 54.754999999999995 49.84499999999999 2
      vertex 57.94499999999999 49.855 2
      vertex 54.75496884735201 49.84503115264798 2
    endloop
  endfacet
  facet normal 0 0 1
    outer loop
      vertex 54.754999999999995 46.644999999999996 2
      vertex 57.954999999999984 46.645 2
      vertex 57.94499999927467 46.65499999999773 2
    endloop
  endfacet
  facet normal 0 0 1
    outer loop
      vertex 54.754999999999995 49.84499999999999 2
      vertex 57.94499999927467 46.65499999999773 2
      vertex 57.944999999999986 46.655 2
    endloop
  endfacet
  facet normal 0 0 1
    outer loop
      vertex 54.754999999999995 49.84499999999999 2
      vertex 57.944999999999986 46.655 2
      vertex 57.95499999999999 49.845 2
    endloop
  endfacet
  facet normal 0 0 1
    outer loop
      vertex 54.754999999999995 49.84499999999999 2
      vertex 57.95499999999999 49.845 2
      vertex 57.94499999999999 49.855 2
    endloop
  endfacet
  facet normal 0 0 -1
    outer loop
      vertex 57.95499999999999 46.645 0
      vertex 57.95499999999999 46.65496875 0
      vertex 61.144999999274674 46.64500000000227 0
    endloop
  endfacet
  facet normal 0 0 -1
    outer loop
      vertex 57.955 46.655 0
      vertex 57.94499999999999 49.845 0
      vertex 61.144999999999996 49.845 0
    endloop
  endfacet
  facet normal 0 0 -1
    outer loop
      vertex 57.94499999999999 49.845 0
      vertex 57.95499999999999 49.855 0
      vertex 61.144999999999996 49.845 0
    endloop
  endfacet
  facet normal 0 0 -1
    outer loop
      vertex 61.144999999999996 46.644999999999996 0
      vertex 61.144999999274674 46.64500000000227 0
      vertex 61.154999999999994 46.654999999999994 0
    endloop
  endfacet
  facet normal 0 0 -1
    outer loop
      vertex 57.955 46.655 0
      vertex 61.144999999999996 49.845 0
      vertex 61.154999999999994 46.654999999999994 0
    endloop
  endfacet
  facet normal 0 0 1
    outer loop
      vertex 57.954999999999984 46.645 2
      vertex 57.95500000072531 46.64500000000227 2
      vertex 57.944999999999986 46.655 2
    endloop
  endfacet
  facet normal 0 0 1
    outer loop
      vertex 57.944999999999986 46.655 2
      vertex 61.14499999999999 46.655 2
      vertex 57.95499999999999 49.845 2
    endloop
  endfacet
  facet normal 0 0 1
    outer loop
      vertex 57.95499999999999 49.845 2
      vertex 61.14499999999999 46.655 2
      vertex 61.154999999999994 49.845 2
    endloop
  endfacet
  facet normal 0 0 -1
    outer loop
      vertex 61.144999999999996 46.644999999999996 0
      vertex 61.154999999999994 46.654999999999994 0
      vertex 64.34499999999998 46.644999999999996 0
    endloop
  endfacet
  facet normal 0 0 -1
    outer loop
      vertex 61.154999999999994 46.654999999999994 0
      vertex 64.345 46.65499999999999 0
      vertex 64.34499999999998 46.644999999999996 0
    endloop
  endfacet
  facet normal 0 0 -1
    outer loop
      vertex 61.144999999999996 49.845 0
      vertex 61.144999999999996 49.84503125 0
      vertex 61.154968847352016 49.85496884735202 0
    endloop
  endfacet
  facet normal 0 0 -1
    outer loop
      vertex 61.154999999999994 46.654999999999994 0
      vertex 64.345 49.845000000000006 0
      vertex 64.345 46.65499999999999 0
    endloop
  endfacet
  facet normal 0 0 -1
    outer loop
      vertex 61.154999999999994 46.654999999999994 0
      vertex 61.144999999999996 49.845 0
      vertex 64.345 49.845000000000006 0
    endloop
  endfacet
  facet normal 0 0 -1
    outer loop
      vertex 61.144999999999996 49.845 0
      vertex 61.154968847352016 49.85496884735202 0
      vertex 64.345 49.845000000000006 0
    endloop
  endfacet
  facet normal 0 0 -1
    outer loop
      vertex 61.154968847352016 49.85496884735202 0
      vertex 61.154999999999994 49.855 0
      vertex 64.345 49.845000000000006 0
    endloop
  endfacet
  facet normal 0 0 -1
    outer loop
      vertex 61.154999999999994 49.855 0
      vertex 64.35499999999999 49.855 0
      vertex 64.345 49.845000000000006 0
    endloop
  endfacet
  facet normal 0 0 -1
    outer loop
      vertex 64.345 49.845000000000006 0
      vertex 64.35499999999999 46.655 0
      vertex 64.345 46.65499999999999 0
    endloop
  endfacet
  facet normal 0 1 0
    outer loop
      vertex 61.154999999999994 49.855 0
      vertex 64.35499999999999 49.855 2
      vertex 64.35499999999999 49.855 0
    endloop
  endfacet
  facet normal 0 1 0
    outer loop
      vertex 61.154999999999994 49.855 0
      vertex 61.154999999999994 49.855 2
      vertex 64.35499999999999 49.855 2
    endloop
  endfacet
  facet normal 0 0 1
    outer loop
      vertex 61.154999999999994 46.644999999999996 2
      vertex 61.154999999999994 46.645031249999995 2
      vertex 61.14500000000227 46.645 2
    endloop
  endfacet
  facet normal 0 0 1
    outer loop
      vertex 61.154999999999994 46.644999999999996 2
      vertex 64.345 46.65496875 2
      vertex 61.154999999999994 46.645031249999995 2
    endloop
  endfacet
  facet normal 0 0 1
    outer loop
      vertex 61.154999999999994 46.645031249999995 2
      vertex 64.345 46.65496875 2
      vertex 64.345 46.65496875030517 2
    endloop
  endfacet
  facet normal 0 0 1
    outer loop
      vertex 61.15499999999772 46.654999999999994 2
      vertex 61.154999999999994 49.845 2
      vertex 61.14499999999999 46.655 2
    endloop
  endfacet
  facet normal 0 0 1
    outer loop
      vertex 61.154999999999994 49.845 2
      vertex 61.154999999999994 49.855 2
      vertex 61.144999999999996 49.855 2
    endloop
  endfacet
  facet normal 0 0 1
    outer loop
      vertex 61.15499999999772 46.654999999999994 2
      vertex 64.34499999999998 46.655 2
      vertex 61.154999999999994 49.845 2
    endloop
  endfacet
  facet normal 0 0 1
    outer loop
      vertex 61.154999999999994 49.845 2
      vertex 64.35499999999999 49.855 2
      vertex 61.154999999999994 49.855 2
    endloop
  endfacet
  facet normal 0 0 1
    outer loop
      vertex 61.154999999999994 49.845 2
      vertex 64.34499999999998 46.655 2
      vertex 64.35499999999999 49.845000000000006 2
    endloop
  endfacet
  facet normal 0 0 1
    outer loop
      vertex 61.154999999999994 49.845 2
      vertex 64.35499999999999 49.845000000000006 2
      vertex 64.35499999999999 49.855 2
    endloop
  endfacet
  facet normal 0 0 -1
    outer loop
      vertex 64.345 49.845000000000006 0
      vertex 64.35499999999999 49.855 0
      vertex 64.35499999999999 46.655 0
    endloop
  endfacet
  facet normal 0 0 -1
    outer loop
      vertex 67.55499999999999 49.855 0
      vertex 67.55499999999999 46.655 0
      vertex 64.35499999999999 46.655 0
    endloop
  endfacet
  facet normal 0 0 -1
    outer loop
      vertex 64.35499999999999 49.855 0
      vertex 67.55499999999999 49.855 0
      vertex 64.35499999999999 46.655 0
    endloop
  endfacet
  facet normal 1 0 0
    outer loop
      vertex 67.55499999999999 49.855 0
      vertex 67.55499999999999 46.655 2
      vertex 67.55499999999999 46.655 0
    endloop
  endfacet
  facet normal 0 1 0
    outer loop
      vertex 64.35499999999999 49.855 0
      vertex 64.35499999999999 49.855 2
      vertex 67.55499999999999 49.855 0
    endloop
  endfacet
  facet normal 1 0 0
    outer loop
      vertex 67.55499999999999 49.855 0
      vertex 67.55499999999999 49.855 2
      vertex 67.55499999999999 46.655 2
    endloop
  endfacet
  facet normal 0 1 0
    outer loop
      vertex 67.55499999999999 49.855 0
      vertex 64.35499999999999 49.855 2
      vertex 67.55499999999999 49.855 2
    endloop
  endfacet
  facet normal 0 0 1
    outer loop
      vertex 64.34499999999998 46.655 2
      vertex 67.55499999999999 46.655 2
      vertex 64.35499999999999 49.845000000000006 2
    endloop
  endfacet
  facet normal 0 0 1
    outer loop
      vertex 64.35499999999999 49.845000000000006 2
      vertex 67.55499999999999 49.855 2
      vertex 64.35499999999999 49.855 2
    endloop
  endfacet
  facet normal 0 0 1
    outer loop
      vertex 64.35499999999999 49.845000000000006 2
      vertex 67.55499999999999 46.655 2
      vertex 67.55499999999999 49.855 2
    endloop
  endfacet
  facet normal 0 0 -1
    outer loop
      vertex 48.34503115264797 43.44503115264798 0
      vertex 48.35496884735201 43.45496884735202 0
      vertex 51.544999999999995 43.455 0
    endloop
  endfacet
  facet normal 0 0 -1
    outer loop
      vertex 48.34503124999999 43.445 0
      vertex 48.34503115264797 43.44503115264798 0
      vertex 51.544999999999995 43.455 0
    endloop
  endfacet
  facet normal 0 0 -1
    outer loop
      vertex 48.34503124999999 43.445 0
      vertex 51.544999999999995 43.455 0
      vertex 51.544999999999995 43.445 0
    endloop
  endfacet
  facet normal 0 0 -1
    outer loop
      vertex 51.544999999999995 43.445 0
      vertex 51.544999999999995 43.455 0
      vertex 51.55499999999999 43.455 0
    endloop
  endfacet
  facet normal 0 0 -1
    outer loop
      vertex 48.35496884735201 43.45496884735202 0
      vertex 48.34499999999999 43.455 0
      vertex 48.34499999999999 46.655 0
    endloop
  endfacet
  facet normal 0 0 -1
    outer loop
      vertex 48.35496884735201 43.45496884735202 0
      vertex 48.34499999999999 46.655 0
      vertex 51.544999999999995 43.455 0
    endloop
  endfacet
  facet normal 0 0 -1
    outer loop
      vertex 48.34499999999999 46.655 0
      vertex 51.544999999999995 46.655 0
      vertex 51.544999999999995 43.455 0
    endloop
  endfacet
  facet normal 0 0 -1
    outer loop
      vertex 51.545031249999994 46.645 0
      vertex 51.55496884735202 46.65496884735202 0
      vertex 51.55499999999999 46.65496875 0
    endloop
  endfacet
  facet normal 0 0 -1
    outer loop
      vertex 51.545031249999994 46.645 0
      vertex 51.54503115264797 46.64503115264798 0
      vertex 51.55496884735202 46.65496884735202 0
    endloop
  endfacet
  facet normal -1 0 0
    outer loop
      vertex 48.34499999999999 43.445 0
      vertex 48.34499999999999 46.655 2
      vertex 48.34499999999999 43.455 0
    endloop
  endfacet
  facet normal -1 0 0
    outer loop
      vertex 48.34499999999999 43.455 0
      vertex 48.34499999999999 46.655 2
      vertex 48.34499999999999 46.655 0
    endloop
  endfacet
  facet normal 0 1 0
    outer loop
      vertex 48.34499999999999 46.655 0
      vertex 51.544999999999995 46.655 2
      vertex 51.544999999999995 46.655 0
    endloop
  endfacet
  facet normal -1 0 0
    outer loop
      vertex 48.34499999999999 43.445 0
      vertex 48.34499999999999 43.445 2
      vertex 48.34499999999999 46.655 2
    endloop
  endfacet
  facet normal 0 1 0
    outer loop
      vertex 48.34499999999999 46.655 0
      vertex 48.34499999999999 46.655 2
      vertex 51.544999999999995 46.655 2
    endloop
  endfacet
  facet normal 0 0 1
    outer loop
      vertex 48.34499999999999 43.445 2
      vertex 51.544999999999995 43.455 2
      vertex 48.34499999999999 46.655 2
    endloop
  endfacet
  facet normal 0 0 1
    outer loop
      vertex 48.34499999999999 46.655 2
      vertex 51.544999999999995 43.455 2
      vertex 51.544999999999995 46.655 2
    endloop
  endfacet
  facet normal 0 0 -1
    outer loop
      vertex 51.55499999999999 43.455 0
      vertex 51.544999999999995 43.455 0
      vertex 51.545031249999994 46.645 0
    endloop
  endfacet
  facet normal 0 0 -1
    outer loop
      vertex 51.544999999999995 43.455 0
      vertex 51.544999999999995 46.655 0
      vertex 51.54503115264797 46.64503115264798 0
    endloop
  endfacet
  facet normal 0 0 -1
    outer loop
      vertex 51.544999999999995 43.455 0
      vertex 51.54503115264797 46.64503115264798 0
      vertex 51.545031249999994 46.645 0
    endloop
  endfacet
  facet normal 0 0 -1
    outer loop
      vertex 51.55499999999999 43.455 0
      vertex 51.545031249999994 46.645 0
      vertex 54.74499999999999 46.644999999999996 0
    endloop
  endfacet
  facet normal 0 0 -1
    outer loop
      vertex 51.545031249999994 46.645 0
      vertex 51.55499999999999 46.65496875 0
      vertex 54.74499999999999 46.644999999999996 0
    endloop
  endfacet
  facet normal 0 0 -1
    outer loop
      vertex 51.55496884735202 46.65496884735202 0
      vertex 51.544999999999995 46.655 0
      vertex 54.754999999999995 46.655 0
    endloop
  endfacet
  facet normal 0 0 -1
    outer loop
      vertex 51.55496884735202 46.65496884735202 0
      vertex 54.754999999999995 46.655 0
      vertex 51.55499999999999 46.65496875 0
    endloop
  endfacet
  facet normal 0 0 -1
    outer loop
      vertex 53.152496087635726 43.44999217527386 0
      vertex 51.55499999999999 43.455 0
      vertex 54.74499999999999 43.454968750000006 0
    endloop
  endfacet
  facet normal 0 0 -1
    outer loop
      vertex 51.55499999999999 43.455 0
      vertex 54.75500000000226 43.455 0
      vertex 54.74499999999999 43.454968750000006 0
    endloop
  endfacet
  facet normal 0 0 -1
    outer loop
      vertex 51.55499999999999 43.455 0
      vertex 54.74499999999999 46.644999999999996 0
      vertex 54.75500000000226 43.455 0
    endloop
  endfacet
  facet normal 0 0 -1
    outer loop
      vertex 51.55499999999999 46.65496875 0
      vertex 54.754999999999995 46.655 0
      vertex 54.74499999999999 46.644999999999996 0
    endloop
  endfacet
  facet normal 0 0 1
    outer loop
      vertex 51.55499999999999 43.445 2
      vertex 54.74499999999999 43.455000000000005 2
      vertex 51.544999999999995 43.455 2
    endloop
  endfacet
  facet normal 0 0 1
    outer loop
      vertex 51.55499999999999 43.445 2
      vertex 54.75499999999999 43.445 2
      vertex 54.74499999999999 43.455000000000005 2
    endloop
  endfacet
  facet normal 0 0 1
    outer loop
      vertex 51.544999999999995 43.455 2
      vertex 54.74499999999999 43.455000000000005 2
      vertex 51.544999999999995 46.655 2
    endloop
  endfacet
  facet normal 0 0 1
    outer loop
      vertex 51.544999999999995 46.655 2
      vertex 54.74499999999999 43.455000000000005 2
      vertex 54.74999219968825 46.64501560062402 2
    endloop
  endfacet
  facet normal 0 0 1
    outer loop
      vertex 51.544999999999995 46.655 2
      vertex 54.74999219968825 46.64501560062402 2
      vertex 54.74499999999999 46.655 2
    endloop
  endfacet
  facet normal 0 0 1
    outer loop
      vertex 54.74499999999999 43.455000000000005 2
      vertex 54.754999999999995 46.644999999999996 2
      vertex 54.74999219968825 46.64501560062402 2
    endloop
  endfacet
  facet normal 0 0 1
    outer loop
      vertex 54.74999219968825 46.64501560062402 2
      vertex 54.754999999999995 46.645031249999995 2
      vertex 54.754999999999995 46.655 2
    endloop
  endfacet
  facet normal 0 0 1
    outer loop
      vertex 54.74999219968825 46.64501560062402 2
      vertex 54.754999999999995 46.655 2
      vertex 54.74499999999999 46.655 2
    endloop
  endfacet
  facet normal 0 0 -1
    outer loop
      vertex 54.75500000000226 43.455 0
      vertex 57.94499999999999 43.445 0
      vertex 54.754999999999995 43.45496875 0
    endloop
  endfacet
  facet normal 0 0 -1
    outer loop
      vertex 54.75500000000226 43.455 0
      vertex 54.74499999999999 46.644999999999996 0
      vertex 57.94499999999999 46.644999999999996 0
    endloop
  endfacet
  facet normal 0 0 -1
    outer loop
      vertex 54.75500000000226 43.455 0
      vertex 57.94499999999999 46.644999999999996 0
      vertex 57.95499999999999 43.455 0
    endloop
  endfacet
  facet normal 0 0 1
    outer loop
      vertex 54.74499999999999 43.455000000000005 2
      vertex 57.94499999999999 43.455 2
      vertex 54.754999999999995 46.644999999999996 2
    endloop
  endfacet
  facet normal 0 0 1
    outer loop
      vertex 54.754999999999995 46.645031249999995 2
      vertex 57.94499999927467 46.65499999999773 2
      vertex 54.754999999999995 46.655 2
    endloop
  endfacet
  facet normal 0 0 1
    outer loop
      vertex 54.754999999999995 46.644999999999996 2
      vertex 57.94499999999999 43.455 2
      vertex 57.954999999999984 46.645 2
    endloop
  endfacet
  facet normal 0 0 1
    outer loop
      vertex 57.954999999999984 46.645 2
      vertex 57.944999999999986 46.655 2
      vertex 57.94499999927467 46.65499999999773 2
    endloop
  endfacet
  facet normal 0 0 -1
    outer loop
      vertex 57.94499999999999 43.445 0
      vertex 57.95499999999999 43.455 0
      vertex 61.144999999999996 43.445 0
    endloop
  endfacet
  facet normal 0 0 -1
    outer loop
      vertex 61.144999999999996 43.445 0
      vertex 57.95499999999999 43.455 0
      vertex 61.144999999999996 43.44503125 0
    endloop
  endfacet
  facet normal 0 0 -1
    outer loop
      vertex 61.144999999999996 43.44503125 0
      vertex 61.144999999999996 43.455 0
      vertex 61.154999999999994 43.45496875 0
    endloop
  endfacet
  facet normal 0 0 -1
    outer loop
      vertex 57.95499999999999 43.455 0
      vertex 57.94499999999999 46.644999999999996 0
      vertex 57.95499999999999 46.645 0
    endloop
  endfacet
  facet normal 0 0 -1
    outer loop
      vertex 57.95499999999999 43.455 0
      vertex 57.95499999999999 46.645 0
      vertex 61.144999999274674 46.64500000000227 0
    endloop
  endfacet
  facet normal 0 0 -1
    outer loop
      vertex 57.95499999999999 46.65496875 0
      vertex 57.955 46.655 0
      vertex 61.144999999274674 46.64500000000227 0
    endloop
  endfacet
  facet normal 0 0 -1
    outer loop
      vertex 57.95499999999999 46.65496875 0
      vertex 57.94500000000227 46.654999999999994 0
      vertex 57.955 46.655 0
    endloop
  endfacet
  facet normal 0 0 -1
    outer loop
      vertex 57.95499999999999 43.455 0
      vertex 61.144999999999996 46.644999999999996 0
      vertex 61.144999999999996 43.455 0
    endloop
  endfacet
  facet normal 0 0 -1
    outer loop
      vertex 61.144999999999996 43.455 0
      vertex 61.144999999999996 46.644999999999996 0
      vertex 61.154999999999994 43.455 0
    endloop
  endfacet
  facet normal 0 0 -1
    outer loop
      vertex 57.95499999999999 43.455 0
      vertex 61.144999999274674 46.64500000000227 0
      vertex 61.144999999999996 46.644999999999996 0
    endloop
  endfacet
  facet normal 0 0 -1
    outer loop
      vertex 57.955 46.655 0
      vertex 61.154999999999994 46.654999999999994 0
      vertex 61.144999999274674 46.64500000000227 0
    endloop
  endfacet
  facet normal 0 0 1
    outer loop
      vertex 57.95499999999999 43.44503125 2
      vertex 57.95499999999999 43.455 2
      vertex 57.94499999999999 43.45496875 2
    endloop
  endfacet
  facet normal 0 0 1
    outer loop
      vertex 57.95499999999999 43.44503125 2
      vertex 61.144999999999996 43.455 2
      vertex 57.95499999999999 43.455 2
    endloop
  endfacet
  facet normal 0 0 1
    outer loop
      vertex 57.95499999999999 43.44503125 2
      vertex 57.95499999999999 43.445 2
      vertex 61.144999999999996 43.455 2
    endloop
  endfacet
  facet normal 0 0 1
    outer loop
      vertex 57.95499999999999 43.445 2
      vertex 61.154999999999994 43.445 2
      vertex 61.144999999999996 43.455 2
    endloop
  endfacet
  facet normal 0 0 1
    outer loop
      vertex 57.94499999999999 43.455 2
      vertex 57.95499999999999 43.455 2
      vertex 57.954999999999984 46.645 2
    endloop
  endfacet
  facet normal 0 0 1
    outer loop
      vertex 57.95499999999999 43.455 2
      vertex 61.144999999999996 43.455 2
      vertex 57.954999999999984 46.645 2
    endloop
  endfacet
  facet normal 0 0 1
    outer loop
      vertex 57.954999999999984 46.645 2
      vertex 61.144999999999996 43.455 2
      vertex 57.95500000072531 46.64500000000227 2
    endloop
  endfacet
  facet normal 0 0 1
    outer loop
      vertex 57.95500000072531 46.64500000000227 2
      vertex 61.14499999999999 46.655 2
      vertex 57.944999999999986 46.655 2
    endloop
  endfacet
  facet normal 0 0 1
    outer loop
      vertex 57.95500000072531 46.64500000000227 2
      vertex 61.144999999999996 43.455 2
      vertex 61.14500000000227 46.645 2
    endloop
  endfacet
  facet normal 0 0 1
    outer loop
      vertex 57.95500000072531 46.64500000000227 2
      vertex 61.15499999999772 46.654999999999994 2
      vertex 61.14499999999999 46.655 2
    endloop
  endfacet
  facet normal 0 0 1
    outer loop
      vertex 57.95500000072531 46.64500000000227 2
      vertex 61.14500000000227 46.645 2
      vertex 61.15499999999772 46.654999999999994 2
    endloop
  endfacet
  facet normal 0 0 1
    outer loop
      vertex 61.144999999999996 43.455 2
      vertex 61.154999999999994 46.644999999999996 2
      vertex 61.14500000000227 46.645 2
    endloop
  endfacet
  facet normal 0 0 1
    outer loop
      vertex 61.154999999999994 46.645031249999995 2
      vertex 61.15499999999772 46.654999999999994 2
      vertex 61.14500000000227 46.645 2
    endloop
  endfacet
  facet normal 0 0 -1
    outer loop
      vertex 61.154999999999994 43.445 0
      vertex 61.154999999999994 43.45496875 0
      vertex 64.345 43.445 0
    endloop
  endfacet
  facet normal 0 0 -1
    outer loop
      vertex 61.154999999999994 43.45496875 0
      vertex 64.345 43.44503124969483 0
      vertex 64.345 43.445 0
    endloop
  endfacet
  facet normal 0 0 -1
    outer loop
      vertex 61.154999999999994 43.455 0
      vertex 64.34499999999998 46.644999999999996 0
      vertex 64.345 43.44503125 0
    endloop
  endfacet
  facet normal 0 0 -1
    outer loop
      vertex 61.154999999999994 43.455 0
      vertex 61.144999999999996 46.644999999999996 0
      vertex 64.34499999999998 46.644999999999996 0
    endloop
  endfacet
  facet normal 0 0 1
    outer loop
      vertex 61.154999999999994 43.455 2
      vertex 61.154999999999994 46.644999999999996 2
      vertex 61.144999999999996 43.455 2
    endloop
  endfacet
  facet normal 0 0 1
    outer loop
      vertex 61.154999999999994 43.445 2
      vertex 64.345 46.65496875 2
      vertex 61.154999999999994 43.455 2
    endloop
  endfacet
  facet normal 0 0 1
    outer loop
      vertex 61.154999999999994 43.445 2
      vertex 64.345 43.44500000000001 2
      vertex 64.345 46.65496875 2
    endloop
  endfacet
  facet normal 0 0 1
    outer loop
      vertex 61.154999999999994 43.455 2
      vertex 64.345 46.65496875 2
      vertex 61.154999999999994 46.644999999999996 2
    endloop
  endfacet
  facet normal 0 0 1
    outer loop
      vertex 61.154999999999994 46.645031249999995 2
      vertex 64.34499999999998 46.655 2
      vertex 61.15499999999772 46.654999999999994 2
    endloop
  endfacet
  facet normal 0 0 1
    outer loop
      vertex 61.154999999999994 46.645031249999995 2
      vertex 64.345 46.65496875030517 2
      vertex 64.34499999999998 46.655 2
    endloop
  endfacet
  facet normal 0 0 -1
    outer loop
      vertex 67.55499999999999 43.445 0
      vertex 64.345 43.445 0
      vertex 67.55499999999999 43.455 0
    endloop
  endfacet
  facet normal 0 0 -1
    outer loop
      vertex 64.345 43.44503125 0
      vertex 64.34499999999998 46.644999999999996 0
      vertex 64.35499999999999 46.655 0
    endloop
  endfacet
  facet normal 0 0 -1
    outer loop
      vertex 64.345 46.65499999999999 0
      vertex 64.35499999999999 46.655 0
      vertex 64.34499999999998 46.644999999999996 0
    endloop
  endfacet
  facet normal 0 0 -1
    outer loop
      vertex 64.345 43.44503124969483 0
      vertex 67.55499999999999 46.655 0
      vertex 64.345 43.445 0
    endloop
  endfacet
  facet normal 0 0 -1
    outer loop
      vertex 64.345 43.44503124969483 0
      vertex 64.345 43.44503125 0
      vertex 67.55499999999999 46.655 0
    endloop
  endfacet
  facet normal 0 0 -1
    outer loop
      vertex 64.345 43.445 0
      vertex 67.55499999999999 46.655 0
      vertex 67.55499999999999 43.455 0
    endloop
  endfacet
  facet normal 0 0 -1
    outer loop
      vertex 64.345 43.44503125 0
      vertex 64.35499999999999 46.655 0
      vertex 67.55499999999999 46.655 0
    endloop
  endfacet
  facet normal 0 0 1
    outer loop
      vertex 64.345 43.44500000000001 2
      vertex 64.35499999999999 43.445 2
      vertex 64.345 46.65496875 2
    endloop
  endfacet
  facet normal 0 0 1
    outer loop
      vertex 64.35499999999999 43.445 2
      vertex 64.34499999999998 46.655 2
      vertex 64.345 46.65496875 2
    endloop
  endfacet
  facet normal 0 0 1
    outer loop
      vertex 64.34499999999998 46.655 2
      vertex 64.35499999999999 43.445 2
      vertex 67.55499999999999 43.445 2
    endloop
  endfacet
  facet normal 0 0 1
    outer loop
      vertex 64.34499999999998 46.655 2
      vertex 67.55499999999999 43.445 2
      vertex 67.55499999999999 46.655 2
    endloop
  endfacet
  facet normal 0 0 -1
    outer loop
      vertex 64.345 46.65496875 2
      vertex 64.34499999999998 46.655 2
      vertex 64.345 46.65496875030517 2
    endloop
  endfacet
  facet normal 0 0 -1
    outer loop
      vertex 70.755 46.655 0
      vertex 67.55499999999999 43.455 0
      vertex 67.55499999999999 46.655 0
    endloop
  endfacet
  facet normal 0 0 -1
    outer loop
      vertex 70.755 43.455 0
      vertex 67.55499999999999 43.455 0
      vertex 70.755 46.655 0
    endloop
  endfacet
  facet normal 1 0 0
    outer loop
      vertex 70.755 43.455 0
      vertex 70.755 46.655 0
      vertex 70.755 43.455 2
    endloop
  endfacet
  facet normal 0 1 0
    outer loop
      vertex 70.755 46.655 0
      vertex 67.55499999999999 46.655 0
      vertex 67.55499999999999 46.655 2
    endloop
  endfacet
  facet normal 1 0 0
    outer loop
      vertex 70.755 46.655 0
      vertex 70.755 46.655 2
      vertex 70.755 43.455 2
    endloop
  endfacet
  facet normal 0 1 0
    outer loop
      vertex 70.755 46.655 0
      vertex 67.55499999999999 46.655 2
      vertex 70.755 46.655 2
    endloop
  endfacet
  facet normal 0 0 1
    outer loop
      vertex 70.755 46.655 2
      vertex 67.55499999999999 46.655 2
      vertex 67.55499999999999 43.445 2
    endloop
  endfacet
  facet normal 0 0 1
    outer loop
      vertex 70.745 43.455 2
      vertex 70.755 46.655 2
      vertex 67.55499999999999 43.445 2
    endloop
  endfacet
  facet normal 0 0 1
    outer loop
      vertex 70.755 43.455 2
      vertex 70.755 46.655 2
      vertex 70.745 43.455 2
    endloop
  endfacet
  facet normal 0 0 -1
    outer loop
      vertex 48.345 40.245 0
      vertex 48.35499999999999 40.254999999999995 0
      vertex 48.355 40.245 0
    endloop
  endfacet
  facet normal 0 0 -1
    outer loop
      vertex 48.35499999999999 40.254999999999995 0
      vertex 48.34499999999999 40.254999999999995 0
      vertex 48.34503124999999 43.445 0
    endloop
  endfacet
  facet normal 0 0 -1
    outer loop
      vertex 48.34499999999999 40.254999999999995 0
      vertex 48.34503115264797 43.44503115264798 0
      vertex 48.34503124999999 43.445 0
    endloop
  endfacet
  facet normal 0 0 -1
    outer loop
      vertex 48.34499999999999 40.254999999999995 0
      vertex 48.34499999999999 43.445 0
      vertex 48.34503115264797 43.44503115264798 0
    endloop
  endfacet
  facet normal 0 0 -1
    outer loop
      vertex 48.34503115264797 43.44503115264798 0
      vertex 48.34499999999999 43.445 0
      vertex 48.34499999999999 43.455 0
    endloop
  endfacet
  facet normal 0 0 -1
    outer loop
      vertex 48.34503115264797 43.44503115264798 0
      vertex 48.34499999999999 43.455 0
      vertex 48.35496884735201 43.45496884735202 0
    endloop
  endfacet
  facet normal 0 0 -1
    outer loop
      vertex 48.355 40.245 0
      vertex 48.35499999999999 40.254999999999995 0
      vertex 51.544999999999995 40.245 0
    endloop
  endfacet
  facet normal 0 0 -1
    outer loop
      vertex 48.35499999999999 40.254999999999995 0
      vertex 51.544999999999995 43.445 0
      vertex 51.544999999999995 40.245 0
    endloop
  endfacet
  facet normal 0 0 -1
    outer loop
      vertex 48.35499999999999 40.254999999999995 0
      vertex 48.34503124999999 43.445 0
      vertex 51.544999999999995 43.445 0
    endloop
  endfacet
  facet normal -1 0 0
    outer loop
      vertex 48.34499999999999 40.254999999999995 0
      vertex 48.34499999999999 40.254999999999995 2
      vertex 48.34499999999999 43.445 0
    endloop
  endfacet
  facet normal 0 -1 0
    outer loop
      vertex 48.355 40.245 0
      vertex 51.544999999999995 40.245 0
      vertex 51.544999999999995 40.245 2
    endloop
  endfacet
  facet normal -1 0 0
    outer loop
      vertex 48.34499999999999 43.445 0
      vertex 48.34499999999999 40.254999999999995 2
      vertex 48.34499999999999 43.445 2
    endloop
  endfacet
  facet normal 0 -1 0
    outer loop
      vertex 48.355 40.245 0
      vertex 51.544999999999995 40.245 2
      vertex 48.355 40.245 2
    endloop
  endfacet
  facet normal 0 0 1
    outer loop
      vertex 51.554968847352015 40.245031152647975 2
      vertex 51.54503115264797 40.25496884735202 2
      vertex 51.544999999999995 40.245 2
    endloop
  endfacet
  facet normal 0 0 1
    outer loop
      vertex 48.355 40.245 2
      vertex 51.544999999999995 43.445 2
      vertex 48.34499999999999 40.254999999999995 2
    endloop
  endfacet
  facet normal 0 0 1
    outer loop
      vertex 48.355 40.245 2
      vertex 51.544999999999995 40.245 2
      vertex 51.544999999999995 43.445 2
    endloop
  endfacet
  facet normal 0 0 1
    outer loop
      vertex 48.34499999999999 40.254999999999995 2
      vertex 51.544999999999995 43.445 2
      vertex 48.34499999999999 43.445 2
    endloop
  endfacet
  facet normal 0 0 1
    outer loop
      vertex 48.34499999999999 43.445 2
      vertex 51.544999999999995 43.445 2
      vertex 51.544999999999995 43.455 2
    endloop
  endfacet
  facet normal 0 0 1
    outer loop
      vertex 51.544999999999995 43.445 2
      vertex 51.55499999999999 43.445 2
      vertex 51.544999999999995 43.455 2
    endloop
  endfacet
  facet normal 0 0 -1
    outer loop
      vertex 51.544999999999995 40.245 0
      vertex 51.544999999999995 43.445 0
      vertex 54.74499999999999 43.44499999999999 0
    endloop
  endfacet
  facet normal 0 0 -1
    outer loop
      vertex 51.544999999999995 43.445 0
      vertex 51.55499999999999 43.455 0
      vertex 53.152496087635726 43.44999217527386 0
    endloop
  endfacet
  facet normal 0 0 -1
    outer loop
      vertex 51.544999999999995 40.245 0
      vertex 54.74499999999999 40.254999999999995 0
      vertex 54.74499999999999 40.24499999999999 0
    endloop
  endfacet
  facet normal 0 0 -1
    outer loop
      vertex 51.544999999999995 40.245 0
      vertex 54.74499999999999 43.44499999999999 0
      vertex 54.74499999999999 40.254999999999995 0
    endloop
  endfacet
  facet normal 0 0 -1
    outer loop
      vertex 51.544999999999995 43.445 0
      vertex 53.152496087635726 43.44999217527386 0
      vertex 54.74499999999999 43.44499999999999 0
    endloop
  endfacet
  facet normal 0 0 -1
    outer loop
      vertex 53.152496087635726 43.44999217527386 0
      vertex 54.74499999999999 43.454968750000006 0
      vertex 54.74499999999999 43.44499999999999 0
    endloop
  endfacet
  facet normal 0 0 -1
    outer loop
      vertex 54.754999999999995 40.255 0
      vertex 54.74499999999999 40.254999999999995 0
      vertex 54.74499999999999 43.44499999999999 0
    endloop
  endfacet
  facet normal 0 0 1
    outer loop
      vertex 51.55499999999999 40.245 2
      vertex 51.554968847352015 40.245031152647975 2
      vertex 51.544999999999995 40.245 2
    endloop
  endfacet
  facet normal 0 0 1
    outer loop
      vertex 51.55499999999999 40.245 2
      vertex 51.55499999999999 40.24503125 2
      vertex 51.554968847352015 40.245031152647975 2
    endloop
  endfacet
  facet normal 0 0 1
    outer loop
      vertex 51.544999999999995 40.245 2
      vertex 51.54503115264797 40.25496884735202 2
      vertex 51.544999999999995 43.445 2
    endloop
  endfacet
  facet normal 0 0 1
    outer loop
      vertex 51.54503115264797 40.25496884735202 2
      vertex 51.545031249999994 40.254999999999995 2
      vertex 51.544999999999995 43.445 2
    endloop
  endfacet
  facet normal 0 0 1
    outer loop
      vertex 51.55499999999999 40.24503125 2
      vertex 51.55499999999999 43.445 2
      vertex 51.545031249999994 40.254999999999995 2
    endloop
  endfacet
  facet normal 0 0 1
    outer loop
      vertex 51.55499999999999 40.24503125 2
      vertex 54.74499999999999 40.255 2
      vertex 51.55499999999999 43.445 2
    endloop
  endfacet
  facet normal 0 0 1
    outer loop
      vertex 51.545031249999994 40.254999999999995 2
      vertex 51.55499999999999 43.445 2
      vertex 51.544999999999995 43.445 2
    endloop
  endfacet
  facet normal 0 0 1
    outer loop
      vertex 51.55499999999999 43.445 2
      vertex 54.74499999999999 40.255 2
      vertex 54.75499999999999 43.445 2
    endloop
  endfacet
  facet normal 0 0 -1
    outer loop
      vertex 54.74499999999999 40.24499999999999 0
      vertex 54.754999999999995 40.255 0
      vertex 57.94499999999999 40.245 0
    endloop
  endfacet
  facet normal 0 0 -1
    outer loop
      vertex 54.74499999999999 43.44499999999999 0
      vertex 54.74499999999999 43.454968750000006 0
      vertex 54.754999999999995 43.45496875 0
    endloop
  endfacet
  facet normal 0 0 -1
    outer loop
      vertex 54.754999999999995 40.255 0
      vertex 54.74499999999999 43.44499999999999 0
      vertex 57.94499999999999 43.445 0
    endloop
  endfacet
  facet normal 0 0 -1
    outer loop
      vertex 54.74499999999999 43.44499999999999 0
      vertex 54.754999999999995 43.45496875 0
      vertex 57.94499999999999 43.445 0
    endloop
  endfacet
  facet normal 0 0 -1
    outer loop
      vertex 54.75500000000226 43.455 0
      vertex 54.754999999999995 43.45496875 0
      vertex 54.74499999999999 43.454968750000006 0
    endloop
  endfacet
  facet normal 0 0 -1
    outer loop
      vertex 54.754999999999995 40.255 0
      vertex 57.95499999999999 40.245 0
      vertex 57.94499999999999 40.245 0
    endloop
  endfacet
  facet normal 0 0 -1
    outer loop
      vertex 54.754999999999995 40.255 0
      vertex 57.94499999999999 40.254999999999995 0
      vertex 57.95499999999999 40.245 0
    endloop
  endfacet
  facet normal 0 0 -1
    outer loop
      vertex 57.95499999999999 40.245 0
      vertex 57.94499999999999 40.254999999999995 0
      vertex 57.95499999999999 40.254968749999996 0
    endloop
  endfacet
  facet normal 0 0 -1
    outer loop
      vertex 54.754999999999995 40.255 0
      vertex 57.94499999999999 43.445 0
      vertex 57.94499999999999 40.254999999999995 0
    endloop
  endfacet
  facet normal 0 0 -1
    outer loop
      vertex 57.94499999999999 40.254999999999995 0
      vertex 57.94499999999999 43.445 0
      vertex 57.95499999999999 40.254999999999995 0
    endloop
  endfacet
  facet normal 0 0 -1
    outer loop
      vertex 54.75500000000226 43.455 0
      vertex 57.95499999999999 43.455 0
      vertex 57.94499999999999 43.445 0
    endloop
  endfacet
  facet normal 0 0 1
    outer loop
      vertex 54.754999999999995 40.24503125 2
      vertex 57.94499999999999 40.254999999999995 2
      vertex 54.74499999999999 40.255 2
    endloop
  endfacet
  facet normal 0 0 1
    outer loop
      vertex 54.74499999999999 40.255 2
      vertex 57.94499999999999 40.254999999999995 2
      vertex 54.75499999999999 43.445 2
    endloop
  endfacet
  facet normal 0 0 1
    outer loop
      vertex 54.75499999999999 43.445 2
      vertex 57.94499999999999 43.455 2
      vertex 54.74499999999999 43.455000000000005 2
    endloop
  endfacet
  facet normal 0 0 1
    outer loop
      vertex 54.75499999999999 43.445 2
      vertex 57.94499999999999 40.254999999999995 2
      vertex 57.95499999999999 43.445 2
    endloop
  endfacet
  facet normal 0 0 1
    outer loop
      vertex 54.75499999999999 43.445 2
      vertex 57.94499999999999 43.45496875 2
      vertex 57.94499999999999 43.455 2
    endloop
  endfacet
  facet normal 0 0 1
    outer loop
      vertex 54.75499999999999 43.445 2
      vertex 57.95499999999999 43.445 2
      vertex 57.94499999999999 43.45496875 2
    endloop
  endfacet
  facet normal 0 0 1
    outer loop
      vertex 57.95499999999999 43.44503125 2
      vertex 57.94499999999999 43.45496875 2
      vertex 57.95499999999999 43.445 2
    endloop
  endfacet
  facet normal 0 0 1
    outer loop
      vertex 57.94499999999999 43.45496875 2
      vertex 57.95499999999999 43.455 2
      vertex 57.94499999999999 43.455 2
    endloop
  endfacet
  facet normal 0 0 -1
    outer loop
      vertex 57.95499999999999 40.245 0
      vertex 57.95499999999999 40.254968749999996 0
      vertex 61.144999999999996 40.245 0
    endloop
  endfacet
  facet normal 0 0 -1
    outer loop
      vertex 57.95499999999999 40.254999999999995 0
      vertex 57.94499999999999 43.445 0
      vertex 61.144999999999996 43.445 0
    endloop
  endfacet
  facet normal 0 0 -1
    outer loop
      vertex 57.95499999999999 40.254999999999995 0
      vertex 61.144999999999996 43.445 0
      vertex 61.154999999999994 40.254999999999995 0
    endloop
  endfacet
  facet normal 0 0 -1
    outer loop
      vertex 61.144999999999996 43.44503125 0
      vertex 57.95499999999999 43.455 0
      vertex 61.144999999999996 43.455 0
    endloop
  endfacet
  facet normal 0 0 1
    outer loop
      vertex 57.94499999999999 40.254999999999995 2
      vertex 61.144999999999996 40.254999999999995 2
      vertex 57.95499999999999 43.445 2
    endloop
  endfacet
  facet normal 0 0 1
    outer loop
      vertex 57.95499999999999 43.445 2
      vertex 61.144999999999996 40.254999999999995 2
      vertex 61.154999999999994 43.445 2
    endloop
  endfacet
  facet normal 0 0 -1
    outer loop
      vertex 61.144999999999996 40.245 0
      vertex 61.154999999999994 40.254999999999995 0
      vertex 64.345 40.245 0
    endloop
  endfacet
  facet normal 0 0 -1
    outer loop
      vertex 61.154999999999994 40.254999999999995 0
      vertex 64.35499999999999 40.245000000000005 0
      vertex 64.345 40.245 0
    endloop
  endfacet
  facet normal 0 0 -1
    outer loop
      vertex 61.154999999999994 40.254999999999995 0
      vertex 64.345 40.25499999999999 0
      vertex 64.35499999999999 40.245000000000005 0
    endloop
  endfacet
  facet normal 0 0 -1
    outer loop
      vertex 61.154999999999994 40.254999999999995 0
      vertex 61.144999999999996 43.445 0
      vertex 61.154999999999994 43.445 0
    endloop
  endfacet
  facet normal 0 0 -1
    outer loop
      vertex 61.144999999999996 43.445 0
      vertex 61.144999999999996 43.44503125 0
      vertex 61.154999999999994 43.445 0
    endloop
  endfacet
  facet normal 0 0 -1
    outer loop
      vertex 61.154999999999994 43.445 0
      vertex 61.144999999999996 43.44503125 0
      vertex 61.154999999999994 43.45496875 0
    endloop
  endfacet
  facet normal 0 0 -1
    outer loop
      vertex 61.154999999999994 40.254999999999995 0
      vertex 64.345 43.445 0
      vertex 64.345 40.25499999999999 0
    endloop
  endfacet
  facet normal 0 0 -1
    outer loop
      vertex 61.154999999999994 40.254999999999995 0
      vertex 61.154999999999994 43.445 0
      vertex 64.345 43.445 0
    endloop
  endfacet
  facet normal 0 0 -1
    outer loop
      vertex 61.154999999999994 43.455 0
      vertex 64.345 43.44503125 0
      vertex 61.154999999999994 43.45496875 0
    endloop
  endfacet
  facet normal 0 0 -1
    outer loop
      vertex 61.154999999999994 43.45496875 0
      vertex 64.345 43.44503125 0
      vertex 64.345 43.44503124969483 0
    endloop
  endfacet
  facet normal 0 0 -1
    outer loop
      vertex 64.35499999999999 40.245000000000005 0
      vertex 64.345 40.25499999999999 0
      vertex 64.35499999999999 40.245031250000004 0
    endloop
  endfacet
  facet normal 0 0 -1
    outer loop
      vertex 64.345 40.25499999999999 0
      vertex 64.345 43.445 0
      vertex 64.35499999999999 40.254999999999995 0
    endloop
  endfacet
  facet normal 0 0 -1
    outer loop
      vertex 61.144999999999996 43.455 0
      vertex 61.154999999999994 43.455 0
      vertex 61.154999999999994 43.45496875 0
    endloop
  endfacet
  facet normal 0 0 1
    outer loop
      vertex 61.154999999999994 40.245 2
      vertex 61.154999999999994 40.24503125 2
      vertex 61.144999999999996 40.245 2
    endloop
  endfacet
  facet normal 0 0 1
    outer loop
      vertex 61.154999999999994 40.245 2
      vertex 64.34499999927468 40.25499999999772 2
      vertex 61.154999999999994 40.24503125 2
    endloop
  endfacet
  facet normal 0 0 1
    outer loop
      vertex 61.154999999999994 40.254999999999995 2
      vertex 61.154999999999994 43.445 2
      vertex 61.144999999999996 40.254999999999995 2
    endloop
  endfacet
  facet normal 0 0 1
    outer loop
      vertex 61.154999999999994 43.445 2
      vertex 61.154999999999994 43.455 2
      vertex 61.144999999999996 43.455 2
    endloop
  endfacet
  facet normal 0 0 1
    outer loop
      vertex 61.154999999999994 40.254999999999995 2
      vertex 64.34499999927468 40.25499999999772 2
      vertex 61.154999999999994 43.445 2
    endloop
  endfacet
  facet normal 0 0 1
    outer loop
      vertex 61.154999999999994 43.445 2
      vertex 64.34499999927468 40.25499999999772 2
      vertex 64.345 40.254999999999995 2
    endloop
  endfacet
  facet normal 0 0 1
    outer loop
      vertex 61.154999999999994 43.445 2
      vertex 64.345 40.254999999999995 2
      vertex 64.345 43.44500000000001 2
    endloop
  endfacet
  facet normal 0 0 1
    outer loop
      vertex 64.345 40.254999999999995 2
      vertex 64.35499999999999 43.445 2
      vertex 64.345 43.44500000000001 2
    endloop
  endfacet
  facet normal 0 0 -1
    outer loop
      vertex 64.35499999999999 40.245000000000005 0
      vertex 64.35499999999999 40.245031250000004 0
      vertex 65.94999999999885 40.250015624999996 0
    endloop
  endfacet
  facet normal 0 0 -1
    outer loop
      vertex 64.35499999999999 40.245000000000005 0
      vertex 65.94999999999885 40.250015624999996 0
      vertex 67.55499999999999 40.245 0
    endloop
  endfacet
  facet normal 0 0 -1
    outer loop
      vertex 65.94999999999885 40.250015624999996 0
      vertex 64.35499999999999 40.254999999999995 0
      vertex 67.55499999999999 43.445 0
    endloop
  endfacet
  facet normal 0 0 -1
    outer loop
      vertex 65.94999999999885 40.250015624999996 0
      vertex 67.55499999999999 43.445 0
      vertex 67.55499999999999 40.245 0
    endloop
  endfacet
  facet normal 0 0 -1
    outer loop
      vertex 64.35499999999999 40.254999999999995 0
      vertex 64.345 43.445 0
      vertex 67.55499999999999 43.445 0
    endloop
  endfacet
  facet normal 0 0 1
    outer loop
      vertex 64.35499999999999 40.245000000000005 2
      vertex 67.55499999999999 40.245 2
      vertex 64.35499999999999 40.254999999999995 2
    endloop
  endfacet
  facet normal 0 0 1
    outer loop
      vertex 64.345 40.254999999999995 2
      vertex 64.35499999999999 40.254999999999995 2
      vertex 64.35499999999999 43.445 2
    endloop
  endfacet
  facet normal 0 0 1
    outer loop
      vertex 64.35499999999999 40.254999999999995 2
      vertex 67.55499999999999 40.245 2
      vertex 64.35499999999999 43.445 2
    endloop
  endfacet
  facet normal 0 0 1
    outer loop
      vertex 67.55499999999999 40.245 2
      vertex 67.55499999999999 43.445 2
      vertex 64.35499999999999 43.445 2
    endloop
  endfacet
  facet normal 0 0 -1
    outer loop
      vertex 67.55499999999999 40.245 0
      vertex 67.55499999999999 43.445 0
      vertex 70.755 40.245 0
    endloop
  endfacet
  facet normal 0 0 -1
    outer loop
      vertex 67.55499999999999 43.445 0
      vertex 67.55499999999999 43.455 0
      vertex 70.755 40.245 0
    endloop
  endfacet
  facet normal 0 0 -1
    outer loop
      vertex 70.755 40.245 0
      vertex 67.55499999999999 43.455 0
      vertex 70.755 43.455 0
    endloop
  endfacet
  facet normal 0 -1 0
    outer loop
      vertex 67.55499999999999 40.245 0
      vertex 70.755 40.245 0
      vertex 70.755 40.245 2
    endloop
  endfacet
  facet normal 1 0 0
    outer loop
      vertex 70.755 40.245 0
      vertex 70.755 43.455 0
      vertex 70.755 40.245 2
    endloop
  endfacet
  facet normal 0 -1 0
    outer loop
      vertex 67.55499999999999 40.245 0
      vertex 70.755 40.245 2
      vertex 67.55499999999999 40.245 2
    endloop
  endfacet
  facet normal 1 0 0
    outer loop
      vertex 70.755 43.455 0
      vertex 70.755 43.455 2
      vertex 70.755 40.245 2
    endloop
  endfacet
  facet normal 0 0 1
    outer loop
      vertex 67.55499999999999 40.245 2
      vertex 70.755 40.245 2
      vertex 67.55499999999999 43.445 2
    endloop
  endfacet
  facet normal 0 0 1
    outer loop
      vertex 70.755 40.245 2
      vertex 70.745 43.455 2
      vertex 67.55499999999999 43.445 2
    endloop
  endfacet
  facet normal 0 0 1
    outer loop
      vertex 70.755 40.245 2
      vertex 70.755 43.455 2
      vertex 70.745 43.455 2
    endloop
  endfacet
  facet normal 0 0 -1
    outer loop
      vertex 45.154999999999994 37.05499999999999 0
      vertex 45.144999999999996 37.05499999999999 0
      vertex 45.144999999999996 40.254999999999995 0
    endloop
  endfacet
  facet normal 0 0 -1
    outer loop
      vertex 45.154999999999994 37.05499999999999 0
      vertex 48.345 40.245 0
      vertex 48.35496884735202 37.054968847352015 0
    endloop
  endfacet
  facet normal 0 0 -1
    outer loop
      vertex 45.154999999999994 37.05499999999999 0
      vertex 45.144999999999996 40.254999999999995 0
      vertex 48.345 40.245 0
    endloop
  endfacet
  facet normal 0 0 -1
    outer loop
      vertex 45.144999999999996 40.254999999999995 0
      vertex 48.34499999999999 40.254999999999995 0
      vertex 48.345 40.245 0
    endloop
  endfacet
  facet normal 0 0 -1
    outer loop
      vertex 48.355 37.044999999999995 0
      vertex 48.35496884735202 37.054968847352015 0
      vertex 48.355 37.05499999999999 0
    endloop
  endfacet
  facet normal 0 0 -1
    outer loop
      vertex 48.35496884735202 37.054968847352015 0
      vertex 48.345 40.245 0
      vertex 48.355 37.05499999999999 0
    endloop
  endfacet
  facet normal 0 0 -1
    outer loop
      vertex 48.355 37.05499999999999 0
      vertex 48.345 40.245 0
      vertex 48.355 40.245 0
    endloop
  endfacet
  facet normal 0 0 -1
    outer loop
      vertex 48.345 40.245 0
      vertex 48.34499999999999 40.254999999999995 0
      vertex 48.35499999999999 40.254999999999995 0
    endloop
  endfacet
  facet normal -1 0 0
    outer loop
      vertex 45.144999999999996 37.05499999999999 0
      vertex 45.144999999999996 40.254999999999995 2
      vertex 45.144999999999996 40.254999999999995 0
    endloop
  endfacet
  facet normal 1 0 0
    outer loop
      vertex 48.355 37.05499999999999 0
      vertex 48.355 40.245 0
      vertex 48.355 40.245 2
    endloop
  endfacet
  facet normal 0 1 0
    outer loop
      vertex 45.144999999999996 40.254999999999995 0
      vertex 48.34499999999999 40.254999999999995 2
      vertex 48.34499999999999 40.254999999999995 0
    endloop
  endfacet
  facet normal -1 0 0
    outer loop
      vertex 45.144999999999996 37.05499999999999 0
      vertex 45.144999999999996 37.05499999999999 2
      vertex 45.144999999999996 40.254999999999995 2
    endloop
  endfacet
  facet normal 1 0 0
    outer loop
      vertex 48.355 37.05499999999999 0
      vertex 48.355 40.245 2
      vertex 48.355 37.05499999999999 2
    endloop
  endfacet
  facet normal 0 1 0
    outer loop
      vertex 45.144999999999996 40.254999999999995 0
      vertex 45.144999999999996 40.254999999999995 2
      vertex 48.34499999999999 40.254999999999995 2
    endloop
  endfacet
  facet normal 0 0 1
    outer loop
      vertex 48.355 37.044999999999995 2
      vertex 45.144999999999996 40.254999999999995 2
      vertex 45.144999999999996 37.05499999999999 2
    endloop
  endfacet
  facet normal 0 0 1
    outer loop
      vertex 48.355 37.044999999999995 2
      vertex 48.34499999999999 40.254999999999995 2
      vertex 45.144999999999996 40.254999999999995 2
    endloop
  endfacet
  facet normal 0 0 1
    outer loop
      vertex 48.355 37.044999999999995 2
      vertex 48.355 37.05499999999999 2
      vertex 48.34499999999999 40.254999999999995 2
    endloop
  endfacet
  facet normal 0 0 1
    outer loop
      vertex 48.355 37.05499999999999 2
      vertex 48.355 40.245 2
      vertex 48.34499999999999 40.254999999999995 2
    endloop
  endfacet
  facet normal 0 0 -1
    outer loop
      vertex 51.544999999999995 37.044999999999995 0
      vertex 51.55499999999999 37.05499999999999 0
      vertex 51.55499999999999 37.044999999999995 0
    endloop
  endfacet
  facet normal 0 0 -1
    outer loop
      vertex 51.55499999999999 37.044999999999995 0
      vertex 51.55499999999999 37.05499999999999 0
      vertex 54.754999999999995 37.044999999999995 0
    endloop
  endfacet
  facet normal 0 0 -1
    outer loop
      vertex 51.544999999999995 37.05499999999999 0
      vertex 51.544999999999995 40.245 0
      vertex 51.55499999999999 37.05499999999999 0
    endloop
  endfacet
  facet normal 0 0 -1
    outer loop
      vertex 51.55499999999999 37.05499999999999 0
      vertex 51.544999999999995 40.245 0
      vertex 54.74499999999999 40.24499999999999 0
    endloop
  endfacet
  facet normal 0 0 -1
    outer loop
      vertex 54.754999999999995 37.044999999999995 0
      vertex 51.55499999999999 37.05499999999999 0
      vertex 54.74499999999999 40.24499999999999 0
    endloop
  endfacet
  facet normal 0 0 -1
    outer loop
      vertex 54.754999999999995 37.044999999999995 0
      vertex 54.74499999999999 40.24499999999999 0
      vertex 54.754999999999995 37.055 0
    endloop
  endfacet
  facet normal 0 0 -1
    outer loop
      vertex 54.74499999999999 40.24499999999999 0
      vertex 54.74499999999999 40.254999999999995 0
      vertex 54.754999999999995 40.255 0
    endloop
  endfacet
  facet normal 0 -1 0
    outer loop
      vertex 51.55499999999999 37.044999999999995 0
      vertex 54.754999999999995 37.044999999999995 0
      vertex 54.754999999999995 37.044999999999995 2
    endloop
  endfacet
  facet normal -1 0 0
    outer loop
      vertex 51.544999999999995 37.05499999999999 0
      vertex 51.544999999999995 37.05499999999999 2
      vertex 51.544999999999995 40.245 0
    endloop
  endfacet
  facet normal 0 -1 0
    outer loop
      vertex 51.55499999999999 37.044999999999995 0
      vertex 54.754999999999995 37.044999999999995 2
      vertex 51.55499999999999 37.044999999999995 2
    endloop
  endfacet
  facet normal -1 0 0
    outer loop
      vertex 51.544999999999995 40.245 0
      vertex 51.544999999999995 37.05499999999999 2
      vertex 51.544999999999995 40.245 2
    endloop
  endfacet
  facet normal 0 0 1
    outer loop
      vertex 51.55499999999999 37.045031249999994 2
      vertex 51.55499999999999 37.044999999999995 2
      vertex 54.74499999999999 37.055 2
    endloop
  endfacet
  facet normal 0 0 1
    outer loop
      vertex 51.55499999999999 37.044999999999995 2
      vertex 54.754999999999995 37.044999999999995 2
      vertex 54.74499999999999 37.055 2
    endloop
  endfacet
  facet normal 0 0 1
    outer loop
      vertex 51.54503115264797 37.054968847352015 2
      vertex 51.544999999999995 37.05499999999999 2
      vertex 51.544999999999995 37.05496874999999 2
    endloop
  endfacet
  facet normal 0 0 1
    outer loop
      vertex 51.54503115264797 37.054968847352015 2
      vertex 51.544999999999995 40.245 2
      vertex 51.544999999999995 37.05499999999999 2
    endloop
  endfacet
  facet normal 0 0 1
    outer loop
      vertex 51.55499999999999 37.045031249999994 2
      vertex 51.55499999999999 40.245 2
      vertex 51.54503115264797 37.054968847352015 2
    endloop
  endfacet
  facet normal 0 0 1
    outer loop
      vertex 51.55499999999999 37.045031249999994 2
      vertex 54.74499999999999 37.055 2
      vertex 51.55499999999999 40.245 2
    endloop
  endfacet
  facet normal 0 0 1
    outer loop
      vertex 51.54503115264797 37.054968847352015 2
      vertex 51.55499999999999 40.245 2
      vertex 51.544999999999995 40.245 2
    endloop
  endfacet
  facet normal 0 0 1
    outer loop
      vertex 51.554968847352015 40.245031152647975 2
      vertex 51.55499999999999 40.24503125 2
      vertex 51.545031249999994 40.254999999999995 2
    endloop
  endfacet
  facet normal 0 0 1
    outer loop
      vertex 51.554968847352015 40.245031152647975 2
      vertex 51.545031249999994 40.254999999999995 2
      vertex 51.54503115264797 40.25496884735202 2
    endloop
  endfacet
  facet normal 0 0 1
    outer loop
      vertex 51.55499999999999 40.245 2
      vertex 54.754999999999995 40.24499999999999 2
      vertex 51.55499999999999 40.24503125 2
    endloop
  endfacet
  facet normal 0 0 1
    outer loop
      vertex 51.55499999999999 40.245 2
      vertex 54.74499999999999 37.055 2
      vertex 54.754999999999995 40.24499999999999 2
    endloop
  endfacet
  facet normal 0 0 1
    outer loop
      vertex 51.55499999999999 40.24503125 2
      vertex 54.754999999999995 40.24499999999999 2
      vertex 54.74499999999999 40.255 2
    endloop
  endfacet
  facet normal 0 0 1
    outer loop
      vertex 54.754999999999995 40.24499999999999 2
      vertex 54.754999999999995 40.24503125 2
      vertex 54.74499999999999 40.255 2
    endloop
  endfacet
  facet normal 0 0 -1
    outer loop
      vertex 54.754999999999995 37.044999999999995 0
      vertex 54.754999999999995 37.055 0
      vertex 57.94499999999999 37.044999999999995 0
    endloop
  endfacet
  facet normal 0 0 -1
    outer loop
      vertex 54.754999999999995 37.055 0
      vertex 54.74499999999999 40.24499999999999 0
      vertex 57.94499999999999 40.245 0
    endloop
  endfacet
  facet normal 0 0 -1
    outer loop
      vertex 54.754999999999995 37.055 0
      vertex 57.95499999999999 37.05499999999999 0
      vertex 57.94499999999999 37.044999999999995 0
    endloop
  endfacet
  facet normal 0 0 -1
    outer loop
      vertex 54.754999999999995 37.055 0
      vertex 57.94499999999999 40.245 0
      vertex 57.95499999999999 37.05499999999999 0
    endloop
  endfacet
  facet normal 0 -1 0
    outer loop
      vertex 54.754999999999995 37.044999999999995 0
      vertex 57.94499999999999 37.044999999999995 0
      vertex 57.94499999999999 37.044999999999995 2
    endloop
  endfacet
  facet normal 0 -1 0
    outer loop
      vertex 54.754999999999995 37.044999999999995 0
      vertex 57.94499999999999 37.044999999999995 2
      vertex 54.754999999999995 37.044999999999995 2
    endloop
  endfacet
  facet normal 0 0 1
    outer loop
      vertex 54.754999999999995 37.044999999999995 2
      vertex 54.754999999999995 40.24499999999999 2
      vertex 54.74499999999999 37.055 2
    endloop
  endfacet
  facet normal 0 0 1
    outer loop
      vertex 54.754999999999995 37.044999999999995 2
      vertex 57.94499999999999 37.05499999999999 2
      vertex 54.754999999999995 40.24499999999999 2
    endloop
  endfacet
  facet normal 0 0 1
    outer loop
      vertex 54.754999999999995 40.24499999999999 2
      vertex 57.94499999999999 40.254999999999995 2
      vertex 54.754999999999995 40.24503125 2
    endloop
  endfacet
  facet normal 0 0 1
    outer loop
      vertex 54.754999999999995 37.044999999999995 2
      vertex 57.94499999999999 37.044999999999995 2
      vertex 57.94499999999999 37.05499999999999 2
    endloop
  endfacet
  facet normal 0 0 1
    outer loop
      vertex 54.754999999999995 40.24499999999999 2
      vertex 57.94499999999999 37.05499999999999 2
      vertex 57.95499999999999 40.245 2
    endloop
  endfacet
  facet normal 0 0 1
    outer loop
      vertex 54.754999999999995 40.24499999999999 2
      vertex 57.95499999999999 40.245 2
      vertex 57.94499999999999 40.254999999999995 2
    endloop
  endfacet
  facet normal 0 0 -1
    outer loop
      vertex 57.94499999999999 37.044999999999995 0
      vertex 57.95499999999999 37.05499999999999 0
      vertex 61.154999999999994 37.044999999999995 0
    endloop
  endfacet
  facet normal 0 0 -1
    outer loop
      vertex 57.95499999999999 37.05499999999999 0
      vertex 57.94499999999999 40.245 0
      vertex 57.95499999999999 40.245 0
    endloop
  endfacet
  facet normal 0 0 -1
    outer loop
      vertex 57.95499999999999 37.05499999999999 0
      vertex 57.95499999999999 40.245 0
      vertex 61.144999999999996 40.245 0
    endloop
  endfacet
  facet normal 0 0 -1
    outer loop
      vertex 57.95499999999999 40.254968749999996 0
      vertex 57.95499999999999 40.254999999999995 0
      vertex 61.144999999999996 40.245 0
    endloop
  endfacet
  facet normal 0 0 -1
    outer loop
      vertex 57.95499999999999 40.254968749999996 0
      vertex 57.94499999999999 40.254999999999995 0
      vertex 57.95499999999999 40.254999999999995 0
    endloop
  endfacet
  facet normal 0 0 -1
    outer loop
      vertex 61.154999999999994 37.044999999999995 0
      vertex 57.95499999999999 37.05499999999999 0
      vertex 61.154999999999994 37.05499999999999 0
    endloop
  endfacet
  facet normal 0 0 -1
    outer loop
      vertex 57.95499999999999 37.05499999999999 0
      vertex 61.144999999999996 40.245 0
      vertex 61.154999999999994 37.05499999999999 0
    endloop
  endfacet
  facet normal 0 0 -1
    outer loop
      vertex 57.95499999999999 40.254999999999995 0
      vertex 61.154999999999994 40.254999999999995 0
      vertex 61.144999999999996 40.245 0
    endloop
  endfacet
  facet normal 0 -1 0
    outer loop
      vertex 57.94499999999999 37.044999999999995 0
      vertex 61.154999999999994 37.044999999999995 0
      vertex 61.154999999999994 37.044999999999995 2
    endloop
  endfacet
  facet normal 0 -1 0
    outer loop
      vertex 57.94499999999999 37.044999999999995 0
      vertex 61.154999999999994 37.044999999999995 2
      vertex 57.94499999999999 37.044999999999995 2
    endloop
  endfacet
  facet normal 0 0 1
    outer loop
      vertex 57.94499999999999 37.044999999999995 2
      vertex 61.154999999999994 37.044999999999995 2
      vertex 61.144999999999996 37.05499999999999 2
    endloop
  endfacet
  facet normal 0 0 1
    outer loop
      vertex 57.94499999999999 37.044999999999995 2
      vertex 61.144999999999996 37.05499999999999 2
      vertex 57.94499999999999 37.05499999999999 2
    endloop
  endfacet
  facet normal 0 0 1
    outer loop
      vertex 57.94499999999999 37.05499999999999 2
      vertex 61.144999999999996 37.05499999999999 2
      vertex 57.95499999999999 40.245 2
    endloop
  endfacet
  facet normal 0 0 1
    outer loop
      vertex 57.95499999999999 40.245 2
      vertex 61.144999999999996 40.254999999999995 2
      vertex 57.94499999999999 40.254999999999995 2
    endloop
  endfacet
  facet normal 0 0 1
    outer loop
      vertex 57.95499999999999 40.245 2
      vertex 61.144999999999996 37.05499999999999 2
      vertex 61.144999999999996 40.245 2
    endloop
  endfacet
  facet normal 0 0 1
    outer loop
      vertex 57.95499999999999 40.245 2
      vertex 61.154999999999994 40.254999999999995 2
      vertex 61.144999999999996 40.254999999999995 2
    endloop
  endfacet
  facet normal 0 0 1
    outer loop
      vertex 57.95499999999999 40.245 2
      vertex 61.144999999999996 40.245 2
      vertex 61.154999999999994 40.254999999999995 2
    endloop
  endfacet
  facet normal 0 0 1
    outer loop
      vertex 61.144999999999996 37.05499999999999 2
      vertex 61.154999999999994 40.245 2
      vertex 61.144999999999996 40.245 2
    endloop
  endfacet
  facet normal 0 0 1
    outer loop
      vertex 61.154999999999994 40.24503125 2
      vertex 61.154999999999994 40.254999999999995 2
      vertex 61.144999999999996 40.245 2
    endloop
  endfacet
  facet normal 0 0 -1
    outer loop
      vertex 61.154999999999994 37.044999999999995 0
      vertex 61.154999999999994 37.05499999999999 0
      vertex 64.345 37.044999999999995 0
    endloop
  endfacet
  facet normal 0 0 -1
    outer loop
      vertex 61.154999999999994 37.05499999999999 0
      vertex 64.345 40.245 0
      vertex 64.345 37.044999999999995 0
    endloop
  endfacet
  facet normal 0 0 -1
    outer loop
      vertex 61.154999999999994 37.05499999999999 0
      vertex 61.144999999999996 40.245 0
      vertex 64.345 40.245 0
    endloop
  endfacet
  facet normal 0 0 -1
    outer loop
      vertex 64.345 37.044999999999995 0
      vertex 64.345 40.245 0
      vertex 64.35499999999999 37.054999999999986 0
    endloop
  endfacet
  facet normal 0 -1 0
    outer loop
      vertex 61.154999999999994 37.044999999999995 0
      vertex 64.345 37.044999999999995 0
      vertex 64.345 37.044999999999995 2
    endloop
  endfacet
  facet normal 0 -1 0
    outer loop
      vertex 61.154999999999994 37.044999999999995 0
      vertex 64.345 37.044999999999995 2
      vertex 61.154999999999994 37.044999999999995 2
    endloop
  endfacet
  facet normal 0 0 1
    outer loop
      vertex 61.154999999999994 37.044999999999995 2
      vertex 64.345 37.044999999999995 2
      vertex 64.345 37.054999999999986 2
    endloop
  endfacet
  facet normal 0 0 1
    outer loop
      vertex 61.154999999999994 37.044999999999995 2
      vertex 64.345 37.054999999999986 2
      vertex 61.144999999999996 37.05499999999999 2
    endloop
  endfacet
  facet normal 0 0 1
    outer loop
      vertex 61.144999999999996 37.05499999999999 2
      vertex 64.345 37.054999999999986 2
      vertex 61.154999999999994 40.245 2
    endloop
  endfacet
  facet normal 0 0 1
    outer loop
      vertex 61.154999999999994 40.24503125 2
      vertex 64.34499999927468 40.25499999999772 2
      vertex 61.154999999999994 40.254999999999995 2
    endloop
  endfacet
  facet normal 0 0 1
    outer loop
      vertex 61.154999999999994 40.245 2
      vertex 64.345 37.054999999999986 2
      vertex 64.34499999927468 40.25499999999772 2
    endloop
  endfacet
  facet normal 0 0 1
    outer loop
      vertex 64.345 37.054999999999986 2
      vertex 64.345 40.254999999999995 2
      vertex 64.34499999927468 40.25499999999772 2
    endloop
  endfacet
  facet normal 0 0 1
    outer loop
      vertex 64.345 37.054999999999986 2
      vertex 64.35499999999999 40.245000000000005 2
      vertex 64.345 40.254999999999995 2
    endloop
  endfacet
  facet normal 0 0 -1
    outer loop
      vertex 64.345 37.044999999999995 0
      vertex 64.35499999999999 37.054999999999986 0
      vertex 67.545 37.044999999999995 0
    endloop
  endfacet
  facet normal 0 0 -1
    outer loop
      vertex 64.35499999999999 37.054999999999986 0
      vertex 64.345 40.245 0
      vertex 64.35499999999999 40.245000000000005 0
    endloop
  endfacet
  facet normal 0 0 -1
    outer loop
      vertex 64.35499999999999 40.245031250000004 0
      vertex 64.345 40.25499999999999 0
      vertex 64.35499999999999 40.254999999999995 0
    endloop
  endfacet
  facet normal 0 0 -1
    outer loop
      vertex 64.35499999999999 40.245031250000004 0
      vertex 64.35499999999999 40.254999999999995 0
      vertex 65.94999999999885 40.250015624999996 0
    endloop
  endfacet
  facet normal 0 0 -1
    outer loop
      vertex 67.545 37.044999999999995 0
      vertex 64.35499999999999 37.054999999999986 0
      vertex 67.55499999999999 37.05499999999999 0
    endloop
  endfacet
  facet normal 0 0 -1
    outer loop
      vertex 64.35499999999999 37.054999999999986 0
      vertex 67.55499999999999 40.245 0
      vertex 67.55499999999999 37.05499999999999 0
    endloop
  endfacet
  facet normal 0 0 -1
    outer loop
      vertex 64.35499999999999 37.054999999999986 0
      vertex 64.35499999999999 40.245000000000005 0
      vertex 67.55499999999999 40.245 0
    endloop
  endfacet
  facet normal 0 -1 0
    outer loop
      vertex 64.345 37.044999999999995 0
      vertex 67.545 37.044999999999995 0
      vertex 64.345 37.044999999999995 2
    endloop
  endfacet
  facet normal 1 0 0
    outer loop
      vertex 67.55499999999999 37.05499999999999 0
      vertex 67.55499999999999 40.245 0
      vertex 67.55499999999999 37.05499999999999 2
    endloop
  endfacet
  facet normal 0 -1 0
    outer loop
      vertex 67.545 37.044999999999995 0
      vertex 67.545 37.044999999999995 2
      vertex 64.345 37.044999999999995 2
    endloop
  endfacet
  facet normal 1 0 0
    outer loop
      vertex 67.55499999999999 40.245 0
      vertex 67.55499999999999 40.245 2
      vertex 67.55499999999999 37.05499999999999 2
    endloop
  endfacet
  facet normal 0 0 1
    outer loop
      vertex 64.345 37.044999999999995 2
      vertex 67.545 37.044999999999995 2
      vertex 64.345 37.054999999999986 2
    endloop
  endfacet
  facet normal 0 0 1
    outer loop
      vertex 64.35499999999999 40.245000000000005 2
      vertex 64.35499999999999 40.254999999999995 2
      vertex 64.345 40.254999999999995 2
    endloop
  endfacet
  facet normal 0 0 1
    outer loop
      vertex 64.345 37.054999999999986 2
      vertex 67.545 37.054999999999986 2
      vertex 64.35499999999999 40.245000000000005 2
    endloop
  endfacet
  facet normal 0 0 1
    outer loop
      vertex 67.545 37.044999999999995 2
      vertex 67.545 37.054999999999986 2
      vertex 64.345 37.054999999999986 2
    endloop
  endfacet
  facet normal 0 0 1
    outer loop
      vertex 64.35499999999999 40.245000000000005 2
      vertex 67.545 37.054999999999986 2
      vertex 67.55499999999999 40.245 2
    endloop
  endfacet
  facet normal 0 0 1
    outer loop
      vertex 67.55499999999999 37.045 2
      vertex 67.55499999999999 37.05499999999999 2
      vertex 67.545 37.054999999999986 2
    endloop
  endfacet
  facet normal 0 0 1
    outer loop
      vertex 67.545 37.054999999999986 2
      vertex 67.55499999999999 37.05499999999999 2
      vertex 67.55499999999999 40.245 2
    endloop
  endfacet
  facet normal -1 0 0
    outer loop
      vertex 41.94499999999999 33.855 0
      vertex 41.94499999999999 33.855 2
      vertex 41.94499999999999 37.05499999999999 0
    endloop
  endfacet
  facet normal -1 0 0
    outer loop
      vertex 41.94499999999999 37.05499999999999 0
      vertex 41.94499999999999 33.855 2
      vertex 41.94499999999999 37.05499999999999 2
    endloop
  endfacet
  facet normal 0 0 -1
    outer loop
      vertex 45.14499999999999 33.84499999999999 0
      vertex 45.144999999999996 33.855 0
      vertex 45.14999999999999 33.849999999999994 0
    endloop
  endfacet
  facet normal 0 0 -1
    outer loop
      vertex 45.14499999999999 33.84499999999999 0
      vertex 45.144999999274674 33.845000000002265 0
      vertex 45.144999999999996 33.855 0
    endloop
  endfacet
  facet normal 0 0 -1
    outer loop
      vertex 41.94499999999999 33.855 0
      vertex 41.94499999999999 37.05499999999999 0
      vertex 45.144999999999996 33.855 0
    endloop
  endfacet
  facet normal 0 0 -1
    outer loop
      vertex 45.14999999999999 33.849999999999994 0
      vertex 45.144999999999996 33.855 0
      vertex 45.15500000000226 33.85499999999999 0
    endloop
  endfacet
  facet normal 0 0 -1
    outer loop
      vertex 41.94499999999999 37.05499999999999 0
      vertex 45.144999999999996 37.05499999999999 0
      vertex 45.144999999999996 33.855 0
    endloop
  endfacet
  facet normal 0 1 0
    outer loop
      vertex 41.94499999999999 37.05499999999999 0
      vertex 41.94499999999999 37.05499999999999 2
      vertex 45.144999999999996 37.05499999999999 0
    endloop
  endfacet
  facet normal 0 1 0
    outer loop
      vertex 41.94499999999999 37.05499999999999 2
      vertex 45.144999999999996 37.05499999999999 2
      vertex 45.144999999999996 37.05499999999999 0
    endloop
  endfacet
  facet normal 0 0 1
    outer loop
      vertex 41.94499999999999 33.855 2
      vertex 45.144999999999996 33.85499999999999 2
      vertex 41.94499999999999 37.05499999999999 2
    endloop
  endfacet
  facet normal 0 0 1
    outer loop
      vertex 45.14999999999999 33.849999999999994 2
      vertex 45.154999999999994 33.855 2
      vertex 45.144999999999996 33.85499999999999 2
    endloop
  endfacet
  facet normal 0 0 1
    outer loop
      vertex 45.144999999999996 33.85499999999999 2
      vertex 45.154999999999994 33.855 2
      vertex 45.154999999999994 37.044999999999995 2
    endloop
  endfacet
  facet normal 0 0 1
    outer loop
      vertex 41.94499999999999 37.05499999999999 2
      vertex 45.144999999999996 33.85499999999999 2
      vertex 45.144999999999996 37.05499999999999 2
    endloop
  endfacet
  facet normal 0 0 1
    outer loop
      vertex 45.144999999999996 33.85499999999999 2
      vertex 45.154999999999994 37.044999999999995 2
      vertex 45.144999999999996 37.05499999999999 2
    endloop
  endfacet
  facet normal 0 0 -1
    outer loop
      vertex 45.144999999999996 33.855 0
      vertex 45.144999999999996 37.05499999999999 0
      vertex 45.15500000000226 33.85499999999999 0
    endloop
  endfacet
  facet normal 0 0 -1
    outer loop
      vertex 45.154999999999994 33.84499999999999 0
      vertex 48.355 33.855 0
      vertex 48.34499999999999 33.84499999999999 0
    endloop
  endfacet
  facet normal 0 0 -1
    outer loop
      vertex 45.154999999999994 33.84499999999999 0
      vertex 45.15500000000226 33.85499999999999 0
      vertex 48.355 33.855 0
    endloop
  endfacet
  facet normal 0 0 -1
    outer loop
      vertex 45.15500000000226 33.85499999999999 0
      vertex 48.34499999999999 37.04499999999999 0
      vertex 48.355 33.855 0
    endloop
  endfacet
  facet normal 0 0 -1
    outer loop
      vertex 45.15500000000226 33.85499999999999 0
      vertex 45.144999999999996 37.05499999999999 0
      vertex 48.34499999999999 37.04499999999999 0
    endloop
  endfacet
  facet normal 0 0 -1
    outer loop
      vertex 48.34499999999999 37.04499999999999 0
      vertex 45.144999999999996 37.05499999999999 0
      vertex 45.154999999999994 37.05499999999999 0
    endloop
  endfacet
  facet normal 0 0 -1
    outer loop
      vertex 48.34499999999999 37.04499999999999 0
      vertex 45.154999999999994 37.05499999999999 0
      vertex 48.35496884735202 37.054968847352015 0
    endloop
  endfacet
  facet normal 0 0 1
    outer loop
      vertex 45.15499999999999 33.845 2
      vertex 45.154999999999994 33.855 2
      vertex 45.14999999999999 33.849999999999994 2
    endloop
  endfacet
  facet normal 0 0 1
    outer loop
      vertex 45.154999999999994 33.855 2
      vertex 48.34499999999999 33.855 2
      vertex 45.154999999999994 37.044999999999995 2
    endloop
  endfacet
  facet normal 0 0 1
    outer loop
      vertex 45.154999999999994 37.044999999999995 2
      vertex 48.355 37.044999999999995 2
      vertex 45.144999999999996 37.05499999999999 2
    endloop
  endfacet
  facet normal 0 0 1
    outer loop
      vertex 45.154999999999994 37.044999999999995 2
      vertex 48.34499999999999 33.855 2
      vertex 48.355 37.044999999999995 2
    endloop
  endfacet
  facet normal 0 0 -1
    outer loop
      vertex 48.355 33.855 0
      vertex 48.34499999999999 37.04499999999999 0
      vertex 48.355 37.044999999999995 0
    endloop
  endfacet
  facet normal 0 0 -1
    outer loop
      vertex 48.34499999999999 37.04499999999999 0
      vertex 48.35496884735202 37.054968847352015 0
      vertex 48.355 37.044999999999995 0
    endloop
  endfacet
  facet normal 1 0 0
    outer loop
      vertex 51.55499999999999 33.84499999999999 0
      vertex 51.55499999999999 33.855 0
      vertex 51.55499999999999 33.84499999999999 0.006230529595018769
    endloop
  endfacet
  facet normal 0 0 -1
    outer loop
      vertex 48.355 33.855 0
      vertex 51.544999999999995 37.044999999999995 0
      vertex 51.55499999999999 33.84499999999999 0
    endloop
  endfacet
  facet normal 0 0 -1
    outer loop
      vertex 48.355 33.855 0
      vertex 48.355 37.044999999999995 0
      vertex 51.544999999999995 37.044999999999995 0
    endloop
  endfacet
  facet normal 0 0 -1
    outer loop
      vertex 48.355 37.044999999999995 0
      vertex 48.355 37.05499999999999 0
      vertex 51.544999999999995 37.044999999999995 0
    endloop
  endfacet
  facet normal 0 0 -1
    outer loop
      vertex 51.55499999999999 33.84499999999999 0
      vertex 51.544999999999995 37.044999999999995 0
      vertex 51.55499999999999 33.855 0
    endloop
  endfacet
  facet normal 0 0 -1
    outer loop
      vertex 51.55499999999999 33.855 0
      vertex 51.544999999999995 37.044999999999995 0
      vertex 51.55499999999999 37.044999999999995 0
    endloop
  endfacet
  facet normal 0 0 -1
    outer loop
      vertex 48.355 37.05499999999999 0
      vertex 51.544999999999995 37.05499999999999 0
      vertex 51.544999999999995 37.044999999999995 0
    endloop
  endfacet
  facet normal 0 0 -1
    outer loop
      vertex 51.544999999999995 37.044999999999995 0
      vertex 51.544999999999995 37.05499999999999 0
      vertex 51.55499999999999 37.05499999999999 0
    endloop
  endfacet
  facet normal 1 0 0
    outer loop
      vertex 51.55499999999999 33.855 0
      vertex 51.55499999999999 37.044999999999995 0
      vertex 51.55499999999999 33.855 2
    endloop
  endfacet
  facet normal 0 1 0
    outer loop
      vertex 48.355 37.05499999999999 0
      vertex 51.544999999999995 37.05499999999999 2
      vertex 51.544999999999995 37.05499999999999 0
    endloop
  endfacet
  facet normal 1 0 0
    outer loop
      vertex 51.55499999999999 37.044999999999995 0
      vertex 51.55499999999999 37.044999999999995 2
      vertex 51.55499999999999 33.855 2
    endloop
  endfacet
  facet normal 0 1 0
    outer loop
      vertex 48.355 37.05499999999999 0
      vertex 48.355 37.05499999999999 2
      vertex 51.544999999999995 37.05499999999999 2
    endloop
  endfacet
  facet normal 0 0 1
    outer loop
      vertex 48.355 33.855 2
      vertex 48.355 37.044999999999995 2
      vertex 48.34499999999999 33.855 2
    endloop
  endfacet
  facet normal 0 0 1
    outer loop
      vertex 48.355 33.84499999999999 2
      vertex 51.545031152647965 33.85496884735202 2
      vertex 48.355 33.855 2
    endloop
  endfacet
  facet normal 0 0 1
    outer loop
      vertex 48.355 33.855 2
      vertex 51.54499999999999 33.855 2
      vertex 48.355 37.044999999999995 2
    endloop
  endfacet
  facet normal 0 0 1
    outer loop
      vertex 48.355 33.855 2
      vertex 51.545031152647965 33.85496884735202 2
      vertex 51.54499999999999 33.855 2
    endloop
  endfacet
  facet normal 0 0 1
    outer loop
      vertex 48.355 37.044999999999995 2
      vertex 51.54499999999999 33.855 2
      vertex 51.544999999999995 37.05496874999999 2
    endloop
  endfacet
  facet normal 0 0 1
    outer loop
      vertex 51.55499999999999 33.855 2
      vertex 51.55499999999999 37.044999999999995 2
      vertex 51.54499999999999 33.855 2
    endloop
  endfacet
  facet normal 0 0 1
    outer loop
      vertex 51.54499999999999 33.855 2
      vertex 51.55499999999999 37.044999999999995 2
      vertex 51.544999999999995 37.05496874999999 2
    endloop
  endfacet
  facet normal 0 0 1
    outer loop
      vertex 51.55499999999999 37.045031249999994 2
      vertex 51.544999999999995 37.05496874999999 2
      vertex 51.55499999999999 37.044999999999995 2
    endloop
  endfacet
  facet normal 0 0 1
    outer loop
      vertex 48.355 37.044999999999995 2
      vertex 51.544999999999995 37.05496874999999 2
      vertex 48.355 37.05499999999999 2
    endloop
  endfacet
  facet normal 0 0 1
    outer loop
      vertex 48.355 37.05499999999999 2
      vertex 51.544999999999995 37.05496874999999 2
      vertex 51.544999999999995 37.05499999999999 2
    endloop
  endfacet
  facet normal 0 0 1
    outer loop
      vertex 51.55499999999999 37.045031249999994 2
      vertex 51.54503115264797 37.054968847352015 2
      vertex 51.544999999999995 37.05496874999999 2
    endloop
  endfacet
  facet normal 0 0 -1
    outer loop
      vertex 67.545 33.84499999999999 0
      vertex 67.545 37.044999999999995 0
      vertex 70.755 37.05499999999999 0
    endloop
  endfacet
  facet normal 0 0 -1
    outer loop
      vertex 67.545 33.84499999999999 0
      vertex 70.755 37.05499999999999 0
      vertex 70.755 33.84499999999999 0
    endloop
  endfacet
  facet normal 0 0 -1
    outer loop
      vertex 67.545 37.044999999999995 0
      vertex 67.55499999999999 37.05499999999999 0
      vertex 70.755 37.05499999999999 0
    endloop
  endfacet
  facet normal 0 -1 0
    outer loop
      vertex 67.545 33.84499999999999 0
      vertex 70.755 33.84499999999999 0
      vertex 70.755 33.84499999999999 2
    endloop
  endfacet
  facet normal -1 0 0
    outer loop
      vertex 67.545 33.84499999999999 0
      vertex 67.545 33.84499999999999 2
      vertex 67.545 37.044999999999995 0
    endloop
  endfacet
  facet normal 1 0 0
    outer loop
      vertex 70.755 33.84499999999999 0
      vertex 70.755 37.05499999999999 0
      vertex 70.755 33.84499999999999 2
    endloop
  endfacet
  facet normal 0 1 0
    outer loop
      vertex 67.55499999999999 37.05499999999999 0
      vertex 67.55499999999999 37.05499999999999 2
      vertex 70.755 37.05499999999999 0
    endloop
  endfacet
  facet normal 0 -1 0
    outer loop
      vertex 67.545 33.84499999999999 0
      vertex 70.755 33.84499999999999 2
      vertex 67.545 33.84499999999999 2
    endloop
  endfacet
  facet normal -1 0 0
    outer loop
      vertex 67.545 37.044999999999995 0
      vertex 67.545 33.84499999999999 2
      vertex 67.545 37.044999999999995 2
    endloop
  endfacet
  facet normal 1 0 0
    outer loop
      vertex 70.755 37.05499999999999 0
      vertex 70.755 37.05499999999999 2
      vertex 70.755 33.84499999999999 2
    endloop
  endfacet
  facet normal 0 1 0
    outer loop
      vertex 70.755 37.05499999999999 0
      vertex 67.55499999999999 37.05499999999999 2
      vertex 70.755 37.05499999999999 2
    endloop
  endfacet
  facet normal 0 0 1
    outer loop
      vertex 67.545 33.84499999999999 2
      vertex 70.755 33.84499999999999 2
      vertex 67.55499999999999 37.045 2
    endloop
  endfacet
  facet normal 0 0 1
    outer loop
      vertex 67.545 33.84499999999999 2
      vertex 67.55499999999999 37.045 2
      vertex 67.545 37.044999999999995 2
    endloop
  endfacet
  facet normal 0 0 1
    outer loop
      vertex 67.545 37.044999999999995 2
      vertex 67.55499999999999 37.045 2
      vertex 67.545 37.054999999999986 2
    endloop
  endfacet
  facet normal 0 0 1
    outer loop
      vertex 70.755 33.84499999999999 2
      vertex 70.755 37.05499999999999 2
      vertex 67.55499999999999 37.045 2
    endloop
  endfacet
  facet normal 0 0 1
    outer loop
      vertex 67.55499999999999 37.045 2
      vertex 70.755 37.05499999999999 2
      vertex 67.55499999999999 37.05499999999999 2
    endloop
  endfacet
  facet normal 0 0 -1
    outer loop
      vertex 41.94499999963733 30.645000000001136 0
      vertex 41.94499999999999 30.655 0
      vertex 41.94499999999999 30.645 0
    endloop
  endfacet
  facet normal 0 0 -1
    outer loop
      vertex 41.94499999999999 30.645 0
      vertex 41.94499999999999 30.655 0
      vertex 41.94999999999999 30.65 0
    endloop
  endfacet
  facet normal 0 0 -1
    outer loop
      vertex 38.74499999999999 30.655 0
      vertex 38.74499999999999 33.855 0
      vertex 41.94499999999999 30.655 0
    endloop
  endfacet
  facet normal 0 0 -1
    outer loop
      vertex 41.94499999999999 30.655 0
      vertex 41.95499999999999 30.655 0
      vertex 41.94999999999999 30.65 0
    endloop
  endfacet
  facet normal 0 0 -1
    outer loop
      vertex 41.94499999999999 30.655 0
      vertex 38.74499999999999 33.855 0
      vertex 41.94499999999999 33.855 0
    endloop
  endfacet
  facet normal -1 0 0
    outer loop
      vertex 38.74499999999999 30.655 0
      vertex 38.74499999999999 33.855 2
      vertex 38.74499999999999 33.855 0
    endloop
  endfacet
  facet normal 0 1 0
    outer loop
      vertex 38.74499999999999 33.855 0
      vertex 41.94499999999999 33.855 2
      vertex 41.94499999999999 33.855 0
    endloop
  endfacet
  facet normal -1 0 0
    outer loop
      vertex 38.74499999999999 30.655 0
      vertex 38.74499999999999 30.655 2
      vertex 38.74499999999999 33.855 2
    endloop
  endfacet
  facet normal 0 1 0
    outer loop
      vertex 38.74499999999999 33.855 0
      vertex 38.74499999999999 33.855 2
      vertex 41.94499999999999 33.855 2
    endloop
  endfacet
  facet normal 0 0 1
    outer loop
      vertex 38.74499999999999 30.655 2
      vertex 41.94499999999999 30.654999999999998 2
      vertex 38.74499999999999 33.855 2
    endloop
  endfacet
  facet normal 0 0 1
    outer loop
      vertex 41.94499999999999 30.654999999999998 2
      vertex 41.95499999999999 30.645000000000003 2
      vertex 41.94499999999999 33.855 2
    endloop
  endfacet
  facet normal 0 0 1
    outer loop
      vertex 41.94499999999999 30.654999999999998 2
      vertex 41.94499999999999 33.855 2
      vertex 38.74499999999999 33.855 2
    endloop
  endfacet
  facet normal 0 0 -1
    outer loop
      vertex 41.94499999999999 30.655 0
      vertex 41.94499999999999 33.855 0
      vertex 41.95499999999999 30.655 0
    endloop
  endfacet
  facet normal 0 0 -1
    outer loop
      vertex 41.95499999999999 30.645 0
      vertex 41.95500000036265 30.654999999998864 0
      vertex 45.154999999999994 30.645 0
    endloop
  endfacet
  facet normal 0 0 -1
    outer loop
      vertex 41.95500000036265 30.654999999998864 0
      vertex 41.95499999999999 30.655 0
      vertex 45.14499999999999 33.84499999999999 0
    endloop
  endfacet
  facet normal 0 0 -1
    outer loop
      vertex 41.94499999999999 33.855 0
      vertex 45.144999999274674 33.845000000002265 0
      vertex 41.95499999999999 30.655 0
    endloop
  endfacet
  facet normal 0 0 -1
    outer loop
      vertex 45.154999999999994 30.645 0
      vertex 41.95500000036265 30.654999999998864 0
      vertex 45.14499999999999 33.84499999999999 0
    endloop
  endfacet
  facet normal 0 0 -1
    outer loop
      vertex 41.95499999999999 30.655 0
      vertex 45.144999999274674 33.845000000002265 0
      vertex 45.14499999999999 33.84499999999999 0
    endloop
  endfacet
  facet normal 0 0 -1
    outer loop
      vertex 45.154999999999994 30.645 0
      vertex 45.14499999999999 33.84499999999999 0
      vertex 45.154999999999994 33.84499999999999 0
    endloop
  endfacet
  facet normal 0 0 -1
    outer loop
      vertex 45.14499999999999 33.84499999999999 0
      vertex 45.14999999999999 33.849999999999994 0
      vertex 45.154999999999994 33.84499999999999 0
    endloop
  endfacet
  facet normal 0 0 -1
    outer loop
      vertex 41.94499999999999 33.855 0
      vertex 45.144999999999996 33.855 0
      vertex 45.144999999274674 33.845000000002265 0
    endloop
  endfacet
  facet normal 0 0 1
    outer loop
      vertex 41.94499999999999 33.855 2
      vertex 41.95499999999999 30.645000000000003 2
      vertex 45.154999999999994 30.645 2
    endloop
  endfacet
  facet normal 0 0 1
    outer loop
      vertex 41.94499999999999 33.855 2
      vertex 45.154999999999994 30.645 2
      vertex 45.144999999999996 33.85499999999999 2
    endloop
  endfacet
  facet normal 0 0 -1
    outer loop
      vertex 45.154999999999994 30.645 0
      vertex 48.355 30.655000000000005 0
      vertex 48.355 30.645 0
    endloop
  endfacet
  facet normal 0 -1 0
    outer loop
      vertex 45.154999999999994 30.645 0
      vertex 48.355 30.645 0
      vertex 45.154999999999994 30.645 2
    endloop
  endfacet
  facet normal 0 -1 0
    outer loop
      vertex 48.355 30.645 0
      vertex 48.355 30.645 2
      vertex 45.154999999999994 30.645 2
    endloop
  endfacet
  facet normal 0 0 1
    outer loop
      vertex 45.154999999999994 30.645 2
      vertex 48.355 30.645 2
      vertex 48.34499999999999 30.655000000000005 2
    endloop
  endfacet
  facet normal 0 0 -1
    outer loop
      vertex 45.14999999999999 33.849999999999994 0
      vertex 45.15500000000226 33.85499999999999 0
      vertex 45.154999999999994 33.84499999999999 0
    endloop
  endfacet
  facet normal 0 0 -1
    outer loop
      vertex 45.154999999999994 30.645 0
      vertex 45.154999999999994 33.84499999999999 0
      vertex 48.355 30.655000000000005 0
    endloop
  endfacet
  facet normal 0 0 -1
    outer loop
      vertex 45.154999999999994 33.84499999999999 0
      vertex 48.34499999999999 33.84499999999999 0
      vertex 48.355 30.655000000000005 0
    endloop
  endfacet
  facet normal 0 0 1
    outer loop
      vertex 45.154999999999994 30.645 2
      vertex 45.15499999999999 33.845 2
      vertex 45.14999999999999 33.849999999999994 2
    endloop
  endfacet
  facet normal 0 0 1
    outer loop
      vertex 45.154999999999994 30.645 2
      vertex 45.14999999999999 33.849999999999994 2
      vertex 45.144999999999996 33.85499999999999 2
    endloop
  endfacet
  facet normal 0 0 1
    outer loop
      vertex 45.154999999999994 30.645 2
      vertex 48.34499999999999 30.655000000000005 2
      vertex 45.15499999999999 33.845 2
    endloop
  endfacet
  facet normal 0 0 1
    outer loop
      vertex 45.15499999999999 33.845 2
      vertex 48.355 33.84499999999999 2
      vertex 45.154999999999994 33.855 2
    endloop
  endfacet
  facet normal 0 0 1
    outer loop
      vertex 45.15499999999999 33.845 2
      vertex 48.34499999999999 30.655000000000005 2
      vertex 48.355 33.84499999999999 2
    endloop
  endfacet
  facet normal 0 0 1
    outer loop
      vertex 45.154999999999994 33.855 2
      vertex 48.355 33.84499999999999 2
      vertex 48.34499999999999 33.855 2
    endloop
  endfacet
  facet normal 0 0 1
    outer loop
      vertex 48.355 33.84499999999999 2
      vertex 48.355 33.855 2
      vertex 48.34499999999999 33.855 2
    endloop
  endfacet
  facet normal 0 0 -1
    outer loop
      vertex 48.355 30.645 0
      vertex 48.355 30.655000000000005 0
      vertex 51.55499999999999 30.645 0
    endloop
  endfacet
  facet normal 0 -1 0
    outer loop
      vertex 48.355 30.645 0
      vertex 51.55499999999999 30.645 0
      vertex 51.55499999999999 30.645 2
    endloop
  endfacet
  facet normal 0 -1 0
    outer loop
      vertex 48.355 30.645 0
      vertex 51.55499999999999 30.645 2
      vertex 48.355 30.645 2
    endloop
  endfacet
  facet normal 0 0 -1
    outer loop
      vertex 48.355 30.655000000000005 0
      vertex 48.34499999999999 33.84499999999999 0
      vertex 48.355 33.855 0
    endloop
  endfacet
  facet normal 0 0 -1
    outer loop
      vertex 51.55499999999999 30.645 0
      vertex 48.355 30.655000000000005 0
      vertex 51.55499999999999 33.84499999999999 0
    endloop
  endfacet
  facet normal 0 0 -1
    outer loop
      vertex 48.355 30.655000000000005 0
      vertex 48.355 33.855 0
      vertex 51.55499999999999 33.84499999999999 0
    endloop
  endfacet
  facet normal 1 0 0
    outer loop
      vertex 51.55499999999999 30.645 0
      vertex 51.55499999999999 33.84499999999999 0
      vertex 51.55499999999999 33.84499999999999 0.006230529595018769
    endloop
  endfacet
  facet normal 1 0 0
    outer loop
      vertex 51.55499999999999 30.645 0
      vertex 51.55499999999999 33.84499999999999 0.006230529595018769
      vertex 51.55499999999999 30.645 2
    endloop
  endfacet
  facet normal 1 0 0
    outer loop
      vertex 51.55499999999999 33.84499999999999 0.006230529595018769
      vertex 51.55499999999999 33.855 0
      vertex 51.55499999999999 33.855 2
    endloop
  endfacet
  facet normal 1 0 0
    outer loop
      vertex 51.55499999999999 30.645 2
      vertex 51.55499999999999 33.84499999999999 0.006230529595018769
      vertex 51.55499999999999 33.855 2
    endloop
  endfacet
  facet normal 0 0 1
    outer loop
      vertex 48.355 30.645 2
      vertex 48.355 33.84499999999999 2
      vertex 48.34499999999999 30.655000000000005 2
    endloop
  endfacet
  facet normal 0 0 1
    outer loop
      vertex 48.355 30.645 2
      vertex 51.55499999999999 30.645 2
      vertex 48.355 33.84499999999999 2
    endloop
  endfacet
  facet normal 0 0 1
    outer loop
      vertex 51.55499999999999 30.645 2
      vertex 51.545031152647965 33.85496884735202 2
      vertex 48.355 33.84499999999999 2
    endloop
  endfacet
  facet normal 0 0 1
    outer loop
      vertex 51.55499999999999 30.645 2
      vertex 51.55499999999999 33.855 2
      vertex 51.545031152647965 33.85496884735202 2
    endloop
  endfacet
  facet normal 0 0 1
    outer loop
      vertex 51.55499999999999 33.855 2
      vertex 51.54499999999999 33.855 2
      vertex 51.545031152647965 33.85496884735202 2
    endloop
  endfacet
  facet normal 0 0 -1
    outer loop
      vertex 35.544999999999995 27.445000000000004 0
      vertex 35.544999999999995 27.455000000000002 0
      vertex 35.55499999999999 27.455000000000002 0
    endloop
  endfacet
  facet normal 0 0 -1
    outer loop
      vertex 35.544999999999995 27.455000000000002 0
      vertex 35.544999999999995 30.655 0
      vertex 35.55499999999999 27.455000000000002 0
    endloop
  endfacet
  facet normal 0 0 -1
    outer loop
      vertex 35.55499999999999 27.455000000000002 0
      vertex 35.544999999999995 30.655 0
      vertex 38.74499999999999 27.455000000000002 0
    endloop
  endfacet
  facet normal 0 0 -1
    outer loop
      vertex 35.55499999999999 27.455000000000002 0
      vertex 38.74499999999999 27.455000000000002 0
      vertex 38.74499999999999 27.445 0
    endloop
  endfacet
  facet normal 0 0 -1
    outer loop
      vertex 38.74499999999999 27.455000000000002 0
      vertex 35.544999999999995 30.655 0
      vertex 38.74499999999999 30.655 0
    endloop
  endfacet
  facet normal -1 0 0
    outer loop
      vertex 35.544999999999995 27.455000000000002 0
      vertex 35.544999999999995 27.455000000000002 2
      vertex 35.544999999999995 30.655 0
    endloop
  endfacet
  facet normal -1 0 0
    outer loop
      vertex 35.544999999999995 27.455000000000002 2
      vertex 35.544999999999995 30.655 2
      vertex 35.544999999999995 30.655 0
    endloop
  endfacet
  facet normal 0 0 1
    outer loop
      vertex 35.55499999999999 27.445 2
      vertex 35.544999999999995 27.455000000000002 2
      vertex 35.544999999999995 27.445031152647978 2
    endloop
  endfacet
  facet normal 0 0 1
    outer loop
      vertex 35.55499999999999 27.445 2
      vertex 38.74499999999999 27.445 2
      vertex 38.74499999999999 27.455000000000002 2
    endloop
  endfacet
  facet normal 0 0 1
    outer loop
      vertex 35.55499999999999 27.445 2
      vertex 38.74499999999999 27.455000000000002 2
      vertex 35.544999999999995 27.455000000000002 2
    endloop
  endfacet
  facet normal 0 0 1
    outer loop
      vertex 35.544999999999995 27.455000000000002 2
      vertex 38.74499999999999 27.455000000000002 2
      vertex 35.544999999999995 30.655 2
    endloop
  endfacet
  facet normal 0 0 1
    outer loop
      vertex 38.74499999999999 27.455000000000002 2
      vertex 38.74499999999999 30.655 2
      vertex 35.544999999999995 30.655 2
    endloop
  endfacet
  facet normal 0 1 0
    outer loop
      vertex 35.544999999999995 30.655 0
      vertex 35.544999999999995 30.655 2
      vertex 38.74499999999999 30.655 0
    endloop
  endfacet
  facet normal 0 1 0
    outer loop
      vertex 38.74499999999999 30.655 0
      vertex 35.544999999999995 30.655 2
      vertex 38.74499999999999 30.655 2
    endloop
  endfacet
  facet normal 0 0 -1
    outer loop
      vertex 38.754999999999995 27.445 0
      vertex 38.74499999999999 27.445 0
      vertex 38.754999999999995 27.455000000000002 0
    endloop
  endfacet
  facet normal 0 0 -1
    outer loop
      vertex 41.94499999999999 27.445 0
      vertex 38.754999999999995 27.455000000000002 0
      vertex 41.95499999999999 27.445 0
    endloop
  endfacet
  facet normal 0 0 -1
    outer loop
      vertex 38.74499999999999 27.455000000000002 0
      vertex 38.74499999999999 30.655 0
      vertex 38.754999999999995 27.455000000000002 0
    endloop
  endfacet
  facet normal 0 0 -1
    outer loop
      vertex 38.754999999999995 27.455000000000002 0
      vertex 38.74499999999999 30.655 0
      vertex 41.94499999963733 30.645000000001136 0
    endloop
  endfacet
  facet normal 0 0 -1
    outer loop
      vertex 38.754999999999995 27.455000000000002 0
      vertex 41.94499999999999 30.645 0
      vertex 41.95499999999999 27.445 0
    endloop
  endfacet
  facet normal 0 0 -1
    outer loop
      vertex 38.754999999999995 27.455000000000002 0
      vertex 41.94499999963733 30.645000000001136 0
      vertex 41.94499999999999 30.645 0
    endloop
  endfacet
  facet normal 0 0 -1
    outer loop
      vertex 41.94499999999999 30.645 0
      vertex 41.94999999999999 30.65 0
      vertex 41.95499999999999 30.645 0
    endloop
  endfacet
  facet normal 0 0 1
    outer loop
      vertex 38.754999999999995 27.445 2
      vertex 41.95499999999999 27.445 2
      vertex 38.754999999999995 27.454968847352028 2
    endloop
  endfacet
  facet normal 0 0 1
    outer loop
      vertex 38.754999999999995 27.445 2
      vertex 38.754999999999995 27.454968847352028 2
      vertex 38.74499999999999 27.455000000000002 2
    endloop
  endfacet
  facet normal 0 0 1
    outer loop
      vertex 38.74499999999999 27.455000000000002 2
      vertex 38.754999999999995 27.454968847352028 2
      vertex 38.74499999999999 30.655 2
    endloop
  endfacet
  facet normal 0 0 1
    outer loop
      vertex 38.754999999999995 27.454968847352028 2
      vertex 41.94499999999999 27.455000000000002 2
      vertex 38.74499999999999 30.655 2
    endloop
  endfacet
  facet normal 0 0 1
    outer loop
      vertex 41.94499999999999 27.455000000000002 2
      vertex 41.95499999999999 27.445 2
      vertex 41.94499999999999 30.654999999999998 2
    endloop
  endfacet
  facet normal 0 0 1
    outer loop
      vertex 41.94499999999999 27.455000000000002 2
      vertex 41.94499999999999 30.654999999999998 2
      vertex 38.74499999999999 30.655 2
    endloop
  endfacet
  facet normal 0 0 -1
    outer loop
      vertex 41.94499999963733 30.645000000001136 0
      vertex 38.74499999999999 30.655 0
      vertex 41.94499999999999 30.655 0
    endloop
  endfacet
  facet normal 0 0 -1
    outer loop
      vertex 41.94499999999999 30.645 0
      vertex 41.95499999999999 30.645 0
      vertex 41.95499999999999 27.445 0
    endloop
  endfacet
  facet normal 0 0 -1
    outer loop
      vertex 41.95499999999999 27.445 0
      vertex 41.95499999999999 30.645 0
      vertex 45.154999999999994 27.445 0
    endloop
  endfacet
  facet normal 0 0 -1
    outer loop
      vertex 45.154999999999994 27.445 0
      vertex 41.95499999999999 30.645 0
      vertex 45.154999999999994 30.645 0
    endloop
  endfacet
  facet normal 0 -1 0
    outer loop
      vertex 41.95499999999999 27.445 0
      vertex 45.154999999999994 27.445 0
      vertex 45.154999999999994 27.445 2
    endloop
  endfacet
  facet normal 1 0 0
    outer loop
      vertex 45.154999999999994 27.445 0
      vertex 45.154999999999994 30.645 0
      vertex 45.154999999999994 30.645 2
    endloop
  endfacet
  facet normal 0 -1 0
    outer loop
      vertex 41.95499999999999 27.445 0
      vertex 45.154999999999994 27.445 2
      vertex 41.95499999999999 27.445 2
    endloop
  endfacet
  facet normal 1 0 0
    outer loop
      vertex 45.154999999999994 27.445 0
      vertex 45.154999999999994 30.645 2
      vertex 45.154999999999994 27.445 2
    endloop
  endfacet
  facet normal 0 0 1
    outer loop
      vertex 41.95499999999999 27.445 2
      vertex 45.154999999999994 27.445 2
      vertex 41.95499999999999 30.645000000000003 2
    endloop
  endfacet
  facet normal 0 0 1
    outer loop
      vertex 41.94499999999999 30.654999999999998 2
      vertex 41.95499999999999 27.445 2
      vertex 41.95499999999999 30.645000000000003 2
    endloop
  endfacet
  facet normal 0 0 1
    outer loop
      vertex 45.154999999999994 27.445 2
      vertex 45.154999999999994 30.645 2
      vertex 41.95499999999999 30.645000000000003 2
    endloop
  endfacet
  facet normal 0 0 -1
    outer loop
      vertex 41.94999999999999 30.65 0
      vertex 41.95499999999999 30.655 0
      vertex 41.95499999999999 30.645 0
    endloop
  endfacet
  facet normal 0 0 -1
    outer loop
      vertex 41.95499999999999 30.645 0
      vertex 41.95499999999999 30.655 0
      vertex 41.95500000036265 30.654999999998864 0
    endloop
  endfacet
  facet normal 0 0 -1
    outer loop
      vertex 32.34503124999999 24.245 0
      vertex 32.34503115264797 24.245031152647968 0
      vertex 32.35496884735201 24.254968847352025 0
    endloop
  endfacet
  facet normal 0 0 -1
    outer loop
      vertex 32.34503124999999 24.245 0
      vertex 32.35496884735201 24.254968847352025 0
      vertex 32.35499999999999 24.25496875 0
    endloop
  endfacet
  facet normal 0 0 -1
    outer loop
      vertex 32.34499999999999 24.255 0
      vertex 32.34499999999999 27.455000000000002 0
      vertex 35.55499999999999 24.255 0
    endloop
  endfacet
  facet normal 0 0 -1
    outer loop
      vertex 32.35499999999999 24.25496875 0
      vertex 35.55499999999999 24.255 0
      vertex 35.544999999999995 24.245 0
    endloop
  endfacet
  facet normal 0 0 -1
    outer loop
      vertex 32.34499999999999 27.455000000000002 0
      vertex 35.544999999999995 27.445000000000004 0
      vertex 35.55499999999999 24.255 0
    endloop
  endfacet
  facet normal 0 0 -1
    outer loop
      vertex 32.34499999999999 27.455000000000002 0
      vertex 35.544999999999995 27.455000000000002 0
      vertex 35.544999999999995 27.445000000000004 0
    endloop
  endfacet
  facet normal 0 0 -1
    outer loop
      vertex 35.544999999999995 24.245 0
      vertex 35.55499999999999 24.255 0
      vertex 35.55499999999999 24.245 0
    endloop
  endfacet
  facet normal -1 0 0
    outer loop
      vertex 32.34499999999999 24.255 0
      vertex 32.34499999999999 27.455000000000002 2
      vertex 32.34499999999999 27.455000000000002 0
    endloop
  endfacet
  facet normal 0 1 0
    outer loop
      vertex 32.34499999999999 27.455000000000002 0
      vertex 35.544999999999995 27.455000000000002 2
      vertex 35.544999999999995 27.455000000000002 0
    endloop
  endfacet
  facet normal -1 0 0
    outer loop
      vertex 32.34499999999999 24.255 0
      vertex 32.34499999999999 24.255 2
      vertex 32.34499999999999 27.455000000000002 2
    endloop
  endfacet
  facet normal 0 1 0
    outer loop
      vertex 32.34499999999999 27.455000000000002 0
      vertex 32.34499999999999 27.455000000000002 2
      vertex 35.544999999999995 27.455000000000002 2
    endloop
  endfacet
  facet normal 0 0 1
    outer loop
      vertex 32.34499999999999 24.255 2
      vertex 35.544999999999995 24.255 2
      vertex 32.34499999999999 27.455000000000002 2
    endloop
  endfacet
  facet normal 0 0 1
    outer loop
      vertex 32.34499999999999 27.455000000000002 2
      vertex 35.544999999999995 24.255 2
      vertex 35.544999999999995 27.445031152647978 2
    endloop
  endfacet
  facet normal 0 0 1
    outer loop
      vertex 32.34499999999999 27.455000000000002 2
      vertex 35.544999999999995 27.445031152647978 2
      vertex 35.544999999999995 27.455000000000002 2
    endloop
  endfacet
  facet normal 0 0 1
    outer loop
      vertex 35.544999999999995 24.255 2
      vertex 35.55499999999999 27.445 2
      vertex 35.544999999999995 27.445031152647978 2
    endloop
  endfacet
  facet normal 0 0 -1
    outer loop
      vertex 35.55499999999999 24.245 0
      vertex 35.55499999999999 24.255 0
      vertex 38.754999999999995 24.245 0
    endloop
  endfacet
  facet normal 0 0 -1
    outer loop
      vertex 38.754999999999995 24.245 0
      vertex 35.55499999999999 24.255 0
      vertex 38.754999999999995 27.445 0
    endloop
  endfacet
  facet normal 0 0 -1
    outer loop
      vertex 35.55499999999999 24.255 0
      vertex 35.544999999999995 27.445000000000004 0
      vertex 38.74499999999999 27.445 0
    endloop
  endfacet
  facet normal 0 0 -1
    outer loop
      vertex 35.544999999999995 27.445000000000004 0
      vertex 35.55499999999999 27.455000000000002 0
      vertex 38.74499999999999 27.445 0
    endloop
  endfacet
  facet normal 0 0 -1
    outer loop
      vertex 35.55499999999999 24.255 0
      vertex 38.74499999999999 27.445 0
      vertex 38.754999999999995 27.445 0
    endloop
  endfacet
  facet normal 0 0 -1
    outer loop
      vertex 38.74499999999999 27.445 0
      vertex 38.74499999999999 27.455000000000002 0
      vertex 38.754999999999995 27.455000000000002 0
    endloop
  endfacet
  facet normal 0 0 1
    outer loop
      vertex 35.55499999999999 24.245 2
      vertex 38.754999999999995 24.245 2
      vertex 38.74499999999999 24.255000000000006 2
    endloop
  endfacet
  facet normal 0 0 1
    outer loop
      vertex 35.55499999999999 24.255 2
      vertex 35.55499999999999 27.445 2
      vertex 35.544999999999995 24.255 2
    endloop
  endfacet
  facet normal 0 0 1
    outer loop
      vertex 35.55499999999999 24.245 2
      vertex 38.74499999999999 24.255000000000006 2
      vertex 35.55499999999999 24.255 2
    endloop
  endfacet
  facet normal 0 0 1
    outer loop
      vertex 35.55499999999999 24.255 2
      vertex 38.74499999999999 24.255000000000006 2
      vertex 35.55499999999999 27.445 2
    endloop
  endfacet
  facet normal 0 0 1
    outer loop
      vertex 35.55499999999999 27.445 2
      vertex 38.74499999999999 24.255000000000006 2
      vertex 38.74499999999999 27.445 2
    endloop
  endfacet
  facet normal 0 0 1
    outer loop
      vertex 38.754999999999995 27.445 2
      vertex 38.74499999999999 27.455000000000002 2
      vertex 38.74499999999999 27.445 2
    endloop
  endfacet
  facet normal 0 0 -1
    outer loop
      vertex 38.754999999999995 24.245 0
      vertex 38.754999999999995 27.445 0
      vertex 41.95499999999999 24.245 0
    endloop
  endfacet
  facet normal 0 0 -1
    outer loop
      vertex 38.754999999999995 27.445 0
      vertex 38.754999999999995 27.455000000000002 0
      vertex 41.94499999999999 27.445 0
    endloop
  endfacet
  facet normal 0 0 -1
    outer loop
      vertex 38.754999999999995 27.445 0
      vertex 41.94499999999999 27.445 0
      vertex 41.95499999999999 24.245 0
    endloop
  endfacet
  facet normal 0 -1 0
    outer loop
      vertex 38.754999999999995 24.245 0
      vertex 41.95499999999999 24.245 0
      vertex 38.754999999999995 24.245 2
    endloop
  endfacet
  facet normal 0 -1 0
    outer loop
      vertex 38.754999999999995 24.245 2
      vertex 41.95499999999999 24.245 0
      vertex 41.95499999999999 24.245 2
    endloop
  endfacet
  facet normal 0 0 1
    outer loop
      vertex 38.754999999999995 24.245 2
      vertex 38.754999999999995 27.445 2
      vertex 38.74499999999999 24.255000000000006 2
    endloop
  endfacet
  facet normal 0 0 1
    outer loop
      vertex 38.754999999999995 24.245 2
      vertex 41.95499999999999 24.245 2
      vertex 38.754999999999995 27.445 2
    endloop
  endfacet
  facet normal 0 0 1
    outer loop
      vertex 38.74499999999999 24.255000000000006 2
      vertex 38.754999999999995 27.445 2
      vertex 38.74499999999999 27.445 2
    endloop
  endfacet
  facet normal 0 0 1
    outer loop
      vertex 38.754999999999995 27.445 2
      vertex 41.95499999999999 24.245 2
      vertex 41.95499999999999 27.445 2
    endloop
  endfacet
  facet normal 0 0 1
    outer loop
      vertex 38.754999999999995 27.454968847352028 2
      vertex 41.95499999999999 27.445 2
      vertex 41.94499999999999 27.455000000000002 2
    endloop
  endfacet
  facet normal 0 0 -1
    outer loop
      vertex 41.94499999999999 27.445 0
      vertex 41.95499999999999 27.445 0
      vertex 41.95499999999999 24.245 0
    endloop
  endfacet
  facet normal 1 0 0
    outer loop
      vertex 41.95499999999999 24.245 0
      vertex 41.95499999999999 27.445 0
      vertex 41.95499999999999 24.245 2
    endloop
  endfacet
  facet normal 1 0 0
    outer loop
      vertex 41.95499999999999 27.445 0
      vertex 41.95499999999999 27.445 2
      vertex 41.95499999999999 24.245 2
    endloop
  endfacet
  facet normal 0 0 -1
    outer loop
      vertex 25.944999999999997 21.044999999999998 0
      vertex 25.944999999999997 21.055 0
      vertex 29.144999999999996 24.244999999999997 0
    endloop
  endfacet
  facet normal 0 0 -1
    outer loop
      vertex 25.944999999999997 21.055 0
      vertex 25.944999999999997 24.255 0
      vertex 29.144999999999996 24.244999999999997 0
    endloop
  endfacet
  facet normal -1 0 0
    outer loop
      vertex 25.944999999999997 21.055 0
      vertex 25.944999999999997 24.255 2
      vertex 25.944999999999997 24.255 0
    endloop
  endfacet
  facet normal 0 1 0
    outer loop
      vertex 25.944999999999997 24.255 0
      vertex 25.944999999999997 24.255 2
      vertex 29.154999999999998 24.255 0
    endloop
  endfacet
  facet normal 0 0 -1
    outer loop
      vertex 25.944999999999997 21.044999999999998 0
      vertex 29.144999999999996 24.244999999999997 0
      vertex 29.144999999999996 21.044999999999998 0
    endloop
  endfacet
  facet normal 0 0 -1
    outer loop
      vertex 29.144999999999996 21.044999999999998 0
      vertex 29.144999999999996 24.244999999999997 0
      vertex 29.154999999999998 21.055 0
    endloop
  endfacet
  facet normal 0 0 -1
    outer loop
      vertex 25.944999999999997 24.255 0
      vertex 29.154999999999998 24.255 0
      vertex 29.144999999999996 24.244999999999997 0
    endloop
  endfacet
  facet normal -1 0 0
    outer loop
      vertex 25.944999999999997 21.055 0
      vertex 25.944999999999997 21.055 2
      vertex 25.944999999999997 24.255 2
    endloop
  endfacet
  facet normal 0 0 1
    outer loop
      vertex 25.944999999999997 21.044999999999998 2
      vertex 25.954968847352024 21.045031152647972 2
      vertex 25.944999999999997 21.055 2
    endloop
  endfacet
  facet normal 0 0 1
    outer loop
      vertex 25.954999999999995 21.044999999999998 2
      vertex 29.14503115264797 21.054968847352026 2
      vertex 25.954968847352024 21.045031152647972 2
    endloop
  endfacet
  facet normal 0 0 1
    outer loop
      vertex 25.954968847352024 21.045031152647972 2
      vertex 29.144999999999996 21.055 2
      vertex 25.944999999999997 21.055 2
    endloop
  endfacet
  facet normal 0 0 1
    outer loop
      vertex 25.944999999999997 21.055 2
      vertex 29.144999999999996 21.055 2
      vertex 25.944999999999997 24.255 2
    endloop
  endfacet
  facet normal 0 1 0
    outer loop
      vertex 29.154999999999998 24.255 0
      vertex 25.944999999999997 24.255 2
      vertex 29.154999999999998 24.255 2
    endloop
  endfacet
  facet normal 0 0 1
    outer loop
      vertex 25.954999999999995 21.044999999999998 2
      vertex 29.154999999999998 21.044999999999998 2
      vertex 29.14503115264797 21.054968847352026 2
    endloop
  endfacet
  facet normal 0 0 1
    outer loop
      vertex 25.944999999999997 24.255 2
      vertex 29.144999999999996 21.055 2
      vertex 29.154999999999998 24.244999999999997 2
    endloop
  endfacet
  facet normal 0 0 1
    outer loop
      vertex 25.944999999999997 24.255 2
      vertex 29.154999999999998 24.244999999999997 2
      vertex 29.154999999999998 24.255 2
    endloop
  endfacet
  facet normal 0 0 -1
    outer loop
      vertex 29.154999999999998 21.055 0
      vertex 29.144999999999996 24.244999999999997 0
      vertex 32.34499999999999 24.245 0
    endloop
  endfacet
  facet normal 0 0 -1
    outer loop
      vertex 29.144999999999996 24.244999999999997 0
      vertex 29.154999999999998 24.255 0
      vertex 32.34499999999999 24.245 0
    endloop
  endfacet
  facet normal 0 0 -1
    outer loop
      vertex 29.154999999999998 21.055 0
      vertex 32.355 21.044999999999998 0
      vertex 32.345 21.044999999999998 0
    endloop
  endfacet
  facet normal 0 0 -1
    outer loop
      vertex 29.154999999999998 21.055 0
      vertex 32.35496875 21.055 0
      vertex 32.355 21.044999999999998 0
    endloop
  endfacet
  facet normal 0 0 -1
    outer loop
      vertex 29.154999999999998 21.055 0
      vertex 32.34499999999999 24.245 0
      vertex 32.35496875 21.055 0
    endloop
  endfacet
  facet normal 0 0 -1
    outer loop
      vertex 32.355 21.044999999999998 0
      vertex 32.35496875 21.055 0
      vertex 32.355 21.055000000000007 0
    endloop
  endfacet
  facet normal 0 0 -1
    outer loop
      vertex 32.355 21.055000000000007 0
      vertex 32.35496875 21.055 0
      vertex 32.34503124999999 24.245 0
    endloop
  endfacet
  facet normal 0 0 -1
    outer loop
      vertex 32.34499999999999 24.245 0
      vertex 29.154999999999998 24.255 0
      vertex 32.34499999999999 24.255 0
    endloop
  endfacet
  facet normal 0 0 -1
    outer loop
      vertex 32.34503115264797 24.245031152647968 0
      vertex 32.34499999999999 24.255 0
      vertex 32.35496884735201 24.254968847352025 0
    endloop
  endfacet
  facet normal 0 1 0
    outer loop
      vertex 29.154999999999998 24.255 0
      vertex 29.154999999999998 24.255 2
      vertex 32.34499999999999 24.255 0
    endloop
  endfacet
  facet normal 0 1 0
    outer loop
      vertex 32.34499999999999 24.255 0
      vertex 29.154999999999998 24.255 2
      vertex 32.34499999999999 24.255 2
    endloop
  endfacet
  facet normal 0 0 1
    outer loop
      vertex 29.144999999999996 21.055 2
      vertex 29.154999999999998 21.055 2
      vertex 29.154999999999998 24.244999999999997 2
    endloop
  endfacet
  facet normal 0 0 1
    outer loop
      vertex 29.154999999999998 21.044999999999998 2
      vertex 32.345 21.055 2
      vertex 29.154999999999998 21.055 2
    endloop
  endfacet
  facet normal 0 0 1
    outer loop
      vertex 29.154999999999998 21.055 2
      vertex 32.345 21.055 2
      vertex 29.154999999999998 24.244999999999997 2
    endloop
  endfacet
  facet normal 0 0 1
    outer loop
      vertex 29.154999999999998 21.044999999999998 2
      vertex 32.355 21.044999999999998 2
      vertex 32.345 21.055 2
    endloop
  endfacet
  facet normal 0 0 1
    outer loop
      vertex 29.154999999999998 24.244999999999997 2
      vertex 32.345 21.055 2
      vertex 32.35499999999999 24.245 2
    endloop
  endfacet
  facet normal 0 0 1
    outer loop
      vertex 29.154999999999998 24.244999999999997 2
      vertex 32.35499999999999 24.245 2
      vertex 32.34499999999999 24.255 2
    endloop
  endfacet
  facet normal 0 0 1
    outer loop
      vertex 29.154999999999998 24.244999999999997 2
      vertex 32.34499999999999 24.255 2
      vertex 29.154999999999998 24.255 2
    endloop
  endfacet
  facet normal 0 0 -1
    outer loop
      vertex 32.35496875 21.055 0
      vertex 32.34499999999999 24.245 0
      vertex 32.34503124999999 24.245 0
    endloop
  endfacet
  facet normal 0 0 -1
    outer loop
      vertex 32.355 21.055000000000007 0
      vertex 32.34503124999999 24.245 0
      vertex 32.35499999999999 24.25496875 0
    endloop
  endfacet
  facet normal 0 0 -1
    outer loop
      vertex 32.34499999999999 24.245 0
      vertex 32.34499999999999 24.255 0
      vertex 32.34503115264797 24.245031152647968 0
    endloop
  endfacet
  facet normal 0 0 -1
    outer loop
      vertex 32.34503124999999 24.245 0
      vertex 32.34499999999999 24.245 0
      vertex 32.34503115264797 24.245031152647968 0
    endloop
  endfacet
  facet normal 0 0 -1
    outer loop
      vertex 32.355 21.044999999999998 0
      vertex 32.355 21.055000000000007 0
      vertex 35.55499999999999 21.054999999999996 0
    endloop
  endfacet
  facet normal 0 0 -1
    outer loop
      vertex 32.355 21.044999999999998 0
      vertex 35.55499999999999 21.054999999999996 0
      vertex 35.55499999999999 21.044999999999998 0
    endloop
  endfacet
  facet normal 0 0 -1
    outer loop
      vertex 32.355 21.055000000000007 0
      vertex 35.544999999999995 24.245 0
      vertex 35.55499999999999 21.054999999999996 0
    endloop
  endfacet
  facet normal 0 0 -1
    outer loop
      vertex 32.355 21.055000000000007 0
      vertex 32.35499999999999 24.25496875 0
      vertex 35.544999999999995 24.245 0
    endloop
  endfacet
  facet normal 0 0 -1
    outer loop
      vertex 32.34499999999999 24.255 0
      vertex 35.55499999999999 24.255 0
      vertex 32.35496884735201 24.254968847352025 0
    endloop
  endfacet
  facet normal 0 0 -1
    outer loop
      vertex 32.35496884735201 24.254968847352025 0
      vertex 35.55499999999999 24.255 0
      vertex 32.35499999999999 24.25496875 0
    endloop
  endfacet
  facet normal 0 -1 0
    outer loop
      vertex 32.355 21.044999999999998 0
      vertex 35.55499999999999 21.044999999999998 0
      vertex 32.355 21.044999999999998 2
    endloop
  endfacet
  facet normal 0 -1 0
    outer loop
      vertex 35.55499999999999 21.044999999999998 0
      vertex 35.55499999999999 21.044999999999998 2
      vertex 32.355 21.044999999999998 2
    endloop
  endfacet
  facet normal 0 0 1
    outer loop
      vertex 32.355 21.044999999999998 2
      vertex 35.544999999999995 21.054999999999996 2
      vertex 32.345 21.055 2
    endloop
  endfacet
  facet normal 0 0 1
    outer loop
      vertex 32.345 21.055 2
      vertex 35.544999999999995 21.054999999999996 2
      vertex 32.35499999999999 24.245 2
    endloop
  endfacet
  facet normal 0 0 1
    outer loop
      vertex 32.355 21.044999999999998 2
      vertex 35.55499999999999 21.044999999999998 2
      vertex 35.544999999999995 21.054999999999996 2
    endloop
  endfacet
  facet normal 0 0 1
    outer loop
      vertex 32.35499999999999 24.245 2
      vertex 35.55499999999999 24.245 2
      vertex 32.34499999999999 24.255 2
    endloop
  endfacet
  facet normal 0 0 1
    outer loop
      vertex 32.35499999999999 24.245 2
      vertex 35.544999999999995 21.054999999999996 2
      vertex 35.55499999999999 24.245 2
    endloop
  endfacet
  facet normal 0 0 1
    outer loop
      vertex 32.34499999999999 24.255 2
      vertex 35.55499999999999 24.245 2
      vertex 35.544999999999995 24.255 2
    endloop
  endfacet
  facet normal 0 0 1
    outer loop
      vertex 35.55499999999999 24.245 2
      vertex 35.55499999999999 24.255 2
      vertex 35.544999999999995 24.255 2
    endloop
  endfacet
  facet normal 0 0 -1
    outer loop
      vertex 35.55499999999999 21.054999999999996 0
      vertex 35.544999999999995 24.245 0
      vertex 35.55499999999999 24.245 0
    endloop
  endfacet
  facet normal 0 0 -1
    outer loop
      vertex 35.55499999999999 21.044999999999998 0
      vertex 35.55499999999999 21.054999999999996 0
      vertex 38.754999999999995 21.044999999999998 0
    endloop
  endfacet
  facet normal 0 0 -1
    outer loop
      vertex 35.55499999999999 21.054999999999996 0
      vertex 38.754999999999995 24.245 0
      vertex 38.754999999999995 21.044999999999998 0
    endloop
  endfacet
  facet normal 0 0 -1
    outer loop
      vertex 35.55499999999999 21.054999999999996 0
      vertex 35.55499999999999 24.245 0
      vertex 38.754999999999995 24.245 0
    endloop
  endfacet
  facet normal 0 -1 0
    outer loop
      vertex 35.55499999999999 21.044999999999998 0
      vertex 38.754999999999995 21.044999999999998 0
      vertex 38.754999999999995 21.044999999999998 2
    endloop
  endfacet
  facet normal 1 0 0
    outer loop
      vertex 38.754999999999995 21.044999999999998 0
      vertex 38.754999999999995 24.245 0
      vertex 38.754999999999995 24.245 2
    endloop
  endfacet
  facet normal 0 -1 0
    outer loop
      vertex 35.55499999999999 21.044999999999998 0
      vertex 38.754999999999995 21.044999999999998 2
      vertex 35.55499999999999 21.044999999999998 2
    endloop
  endfacet
  facet normal 1 0 0
    outer loop
      vertex 38.754999999999995 21.044999999999998 0
      vertex 38.754999999999995 24.245 2
      vertex 38.754999999999995 21.044999999999998 2
    endloop
  endfacet
  facet normal 0 0 1
    outer loop
      vertex 35.55499999999999 21.044999999999998 2
      vertex 35.55499999999999 24.245 2
      vertex 35.544999999999995 21.054999999999996 2
    endloop
  endfacet
  facet normal 0 0 1
    outer loop
      vertex 35.55499999999999 21.044999999999998 2
      vertex 38.754999999999995 21.044999999999998 2
      vertex 35.55499999999999 24.245 2
    endloop
  endfacet
  facet normal 0 0 1
    outer loop
      vertex 35.55499999999999 24.245 2
      vertex 38.754999999999995 21.044999999999998 2
      vertex 38.754999999999995 24.245 2
    endloop
  endfacet
  facet normal 0 0 -1
    outer loop
      vertex 22.744999999999994 17.844999999999995 0
      vertex 22.744999999999994 17.854999999999997 0
      vertex 22.754968847352018 17.854968847352023 0
    endloop
  endfacet
  facet normal 0 0 -1
    outer loop
      vertex 22.754968847352018 17.854968847352023 0
      vertex 22.744999999999994 17.854999999999997 0
      vertex 22.744999999999994 21.055 0
    endloop
  endfacet
  facet normal 0 0 -1
    outer loop
      vertex 25.944999999999997 17.845 0
      vertex 22.754968847352018 17.854968847352023 0
      vertex 22.744999999999994 21.055 0
    endloop
  endfacet
  facet normal 0 0 -1
    outer loop
      vertex 25.944999999999997 17.845 0
      vertex 22.744999999999994 21.055 0
      vertex 25.944999999999997 17.854999999999997 0
    endloop
  endfacet
  facet normal 0 0 -1
    outer loop
      vertex 22.744999999999994 21.055 0
      vertex 25.944999999999997 21.044999999999998 0
      vertex 25.944999999999997 17.854999999999997 0
    endloop
  endfacet
  facet normal 0 0 -1
    outer loop
      vertex 25.944999999999997 17.854999999999997 0
      vertex 25.944999999999997 21.044999999999998 0
      vertex 25.954999999999995 17.854999999999997 0
    endloop
  endfacet
  facet normal 0 0 -1
    outer loop
      vertex 22.744999999999994 21.055 0
      vertex 25.944999999999997 21.055 0
      vertex 25.944999999999997 21.044999999999998 0
    endloop
  endfacet
  facet normal -1 0 0
    outer loop
      vertex 22.744999999999994 17.854999999999997 0
      vertex 22.744999999999994 17.854999999999997 2
      vertex 22.744999999999994 21.055 0
    endloop
  endfacet
  facet normal 0 1 0
    outer loop
      vertex 22.744999999999994 21.055 0
      vertex 22.744999999999994 21.055 2
      vertex 25.944999999999997 21.055 0
    endloop
  endfacet
  facet normal -1 0 0
    outer loop
      vertex 22.744999999999994 21.055 0
      vertex 22.744999999999994 17.854999999999997 2
      vertex 22.744999999999994 21.055 2
    endloop
  endfacet
  facet normal 0 1 0
    outer loop
      vertex 25.944999999999997 21.055 0
      vertex 22.744999999999994 21.055 2
      vertex 25.944999999999997 21.055 2
    endloop
  endfacet
  facet normal 0 0 1
    outer loop
      vertex 22.754968847352018 17.845031152647973 2
      vertex 22.744999999999994 17.854999999999997 2
      vertex 22.744999999999994 17.845 2
    endloop
  endfacet
  facet normal 0 0 1
    outer loop
      vertex 22.754968847352018 17.845031152647973 2
      vertex 25.944999999999997 17.854999999999997 2
      vertex 22.744999999999994 17.854999999999997 2
    endloop
  endfacet
  facet normal 0 0 1
    outer loop
      vertex 22.744999999999994 17.854999999999997 2
      vertex 25.944999999999997 17.854999999999997 2
      vertex 22.744999999999994 21.055 2
    endloop
  endfacet
  facet normal 0 0 1
    outer loop
      vertex 22.744999999999994 21.055 2
      vertex 25.944999999999997 17.854999999999997 2
      vertex 25.944999999999997 21.044999999999998 2
    endloop
  endfacet
  facet normal 0 0 1
    outer loop
      vertex 25.944999999999997 17.854999999999997 2
      vertex 25.954968847352024 21.045031152647972 2
      vertex 25.944999999999997 21.044999999999998 2
    endloop
  endfacet
  facet normal 0 0 1
    outer loop
      vertex 25.944999999999997 17.854999999999997 2
      vertex 25.954999999999995 21.044999999999998 2
      vertex 25.954968847352024 21.045031152647972 2
    endloop
  endfacet
  facet normal 0 0 1
    outer loop
      vertex 22.744999999999994 21.055 2
      vertex 25.944999999999997 21.044999999999998 2
      vertex 25.944999999999997 21.055 2
    endloop
  endfacet
  facet normal 0 0 -1
    outer loop
      vertex 25.944999999999997 17.845 0
      vertex 25.954999999999995 17.854999999999997 0
      vertex 25.954999999999995 17.845 0
    endloop
  endfacet
  facet normal 0 0 -1
    outer loop
      vertex 25.954999999999995 17.854999999999997 0
      vertex 25.944999999999997 21.044999999999998 0
      vertex 29.144999999999996 21.044999999999998 0
    endloop
  endfacet
  facet normal 0 0 -1
    outer loop
      vertex 25.954999999999995 17.854999999999997 0
      vertex 29.144999999999996 21.044999999999998 0
      vertex 29.154999999999998 17.854999999999997 0
    endloop
  endfacet
  facet normal 0 0 1
    outer loop
      vertex 25.954999999999995 17.845031249999998 2
      vertex 25.954999999999995 17.854999999999997 2
      vertex 25.944999999999997 17.854968749999998 2
    endloop
  endfacet
  facet normal 0 0 1
    outer loop
      vertex 25.954999999999995 17.854999999999997 2
      vertex 25.954999999999995 21.044999999999998 2
      vertex 25.944999999999997 17.854999999999997 2
    endloop
  endfacet
  facet normal 0 0 1
    outer loop
      vertex 25.954999999999995 17.845031249999998 2
      vertex 29.144999999999996 17.855 2
      vertex 25.954999999999995 17.854999999999997 2
    endloop
  endfacet
  facet normal 0 0 1
    outer loop
      vertex 25.954999999999995 17.845031249999998 2
      vertex 25.954999999999995 17.845 2
      vertex 29.144999999999996 17.855 2
    endloop
  endfacet
  facet normal 0 0 1
    outer loop
      vertex 25.954999999999995 17.854999999999997 2
      vertex 29.144999999999996 17.855 2
      vertex 25.954999999999995 21.044999999999998 2
    endloop
  endfacet
  facet normal 0 0 1
    outer loop
      vertex 25.954999999999995 17.845 2
      vertex 29.145031152647974 17.854968847352023 2
      vertex 29.144999999999996 17.855 2
    endloop
  endfacet
  facet normal 0 0 1
    outer loop
      vertex 25.954999999999995 21.044999999999998 2
      vertex 29.144999999999996 17.855 2
      vertex 29.154999999999998 21.044999999999998 2
    endloop
  endfacet
  facet normal 0 0 1
    outer loop
      vertex 25.954968847352024 21.045031152647972 2
      vertex 29.14503115264797 21.054968847352026 2
      vertex 29.144999999999996 21.055 2
    endloop
  endfacet
  facet normal 0 0 1
    outer loop
      vertex 29.14503115264797 21.054968847352026 2
      vertex 29.154999999999998 21.055 2
      vertex 29.144999999999996 21.055 2
    endloop
  endfacet
  facet normal 0 0 1
    outer loop
      vertex 29.154999999999998 21.044999999999998 2
      vertex 29.154999999999998 21.055 2
      vertex 29.14503115264797 21.054968847352026 2
    endloop
  endfacet
  facet normal 0 -1 0
    outer loop
      vertex 29.154999999999998 17.845 0
      vertex 32.355 17.845 0
      vertex 32.355 17.845 2
    endloop
  endfacet
  facet normal 0 0 -1
    outer loop
      vertex 29.154999999999998 17.854999999999997 0
      vertex 29.144999999999996 21.044999999999998 0
      vertex 29.154999999999998 21.055 0
    endloop
  endfacet
  facet normal 0 0 -1
    outer loop
      vertex 29.154999999999998 17.845 0
      vertex 29.154999999999998 17.854999999999997 0
      vertex 32.355 17.845 0
    endloop
  endfacet
  facet normal 0 0 -1
    outer loop
      vertex 29.154999999999998 17.854999999999997 0
      vertex 29.154999999999998 21.055 0
      vertex 32.345 21.044999999999998 0
    endloop
  endfacet
  facet normal 0 0 -1
    outer loop
      vertex 32.355 17.845 0
      vertex 29.154999999999998 17.854999999999997 0
      vertex 32.345 21.044999999999998 0
    endloop
  endfacet
  facet normal 0 0 -1
    outer loop
      vertex 32.355 17.845 0
      vertex 32.345 21.044999999999998 0
      vertex 32.355 21.044999999999998 0
    endloop
  endfacet
  facet normal 1 0 0
    outer loop
      vertex 32.355 17.845 0
      vertex 32.355 21.044999999999998 0
      vertex 32.355 21.044999999999998 2
    endloop
  endfacet
  facet normal 0 -1 0
    outer loop
      vertex 29.154999999999998 17.845 0
      vertex 32.355 17.845 2
      vertex 29.154999999999998 17.845 2
    endloop
  endfacet
  facet normal 1 0 0
    outer loop
      vertex 32.355 17.845 0
      vertex 32.355 21.044999999999998 2
      vertex 32.355 17.845 2
    endloop
  endfacet
  facet normal 0 0 1
    outer loop
      vertex 29.145031152647974 17.854968847352023 2
      vertex 29.154999999999998 17.854999999999997 2
      vertex 29.154999999999998 21.044999999999998 2
    endloop
  endfacet
  facet normal 0 0 1
    outer loop
      vertex 29.144999999999996 17.855 2
      vertex 29.145031152647974 17.854968847352023 2
      vertex 29.154999999999998 21.044999999999998 2
    endloop
  endfacet
  facet normal 0 0 1
    outer loop
      vertex 29.154999999999998 17.845 2
      vertex 32.355 17.845 2
      vertex 29.154999999999998 17.854999999999997 2
    endloop
  endfacet
  facet normal 0 0 1
    outer loop
      vertex 32.355 17.845 2
      vertex 29.154999999999998 21.044999999999998 2
      vertex 29.154999999999998 17.854999999999997 2
    endloop
  endfacet
  facet normal 0 0 1
    outer loop
      vertex 32.355 17.845 2
      vertex 32.355 21.044999999999998 2
      vertex 29.154999999999998 21.044999999999998 2
    endloop
  endfacet
  facet normal 0 0 -1
    outer loop
      vertex 19.544999999999995 14.644999999999996 0
      vertex 19.544999999999995 14.654999999999998 0
      vertex 22.744999999999994 17.844999999999995 0
    endloop
  endfacet
  facet normal 0 0 -1
    outer loop
      vertex 19.544999999999995 14.644999999999996 0
      vertex 22.744999999999994 14.654999999999998 0
      vertex 22.744999999999997 14.644999999999998 0
    endloop
  endfacet
  facet normal 0 0 -1
    outer loop
      vertex 19.544999999999995 14.644999999999996 0
      vertex 22.744999999999994 17.844999999999995 0
      vertex 22.744999999999994 14.654999999999998 0
    endloop
  endfacet
  facet normal 0 0 -1
    outer loop
      vertex 19.544999999999995 14.654999999999998 0
      vertex 19.544999999999995 17.854999999999997 0
      vertex 22.744999999999994 17.844999999999995 0
    endloop
  endfacet
  facet normal 0 0 -1
    outer loop
      vertex 22.754999999999995 14.654999999999998 0
      vertex 22.744999999999994 14.654999999999998 0
      vertex 22.744999999999994 17.844999999999995 0
    endloop
  endfacet
  facet normal -1 0 0
    outer loop
      vertex 19.544999999999995 14.654999999999998 0
      vertex 19.544999999999995 17.854999999999997 2
      vertex 19.544999999999995 17.854999999999997 0
    endloop
  endfacet
  facet normal 0 0 -1
    outer loop
      vertex 22.744999999999994 17.844999999999995 0
      vertex 19.544999999999995 17.854999999999997 0
      vertex 22.744999999999994 17.854999999999997 0
    endloop
  endfacet
  facet normal 0 1 0
    outer loop
      vertex 19.544999999999995 17.854999999999997 0
      vertex 19.544999999999995 17.854999999999997 2
      vertex 22.744999999999994 17.854999999999997 0
    endloop
  endfacet
  facet normal -1 0 0
    outer loop
      vertex 19.544999999999995 14.654999999999998 0
      vertex 19.544999999999995 14.654999999999998 2
      vertex 19.544999999999995 17.854999999999997 2
    endloop
  endfacet
  facet normal 0 0 1
    outer loop
      vertex 19.544999999999995 14.644999999999998 2
      vertex 19.55496884735202 14.645031152647972 2
      vertex 19.544999999999995 14.654999999999998 2
    endloop
  endfacet
  facet normal 0 0 1
    outer loop
      vertex 19.55496884735202 14.645031152647972 2
      vertex 22.744999999999994 14.655 2
      vertex 19.544999999999995 14.654999999999998 2
    endloop
  endfacet
  facet normal 0 0 1
    outer loop
      vertex 19.544999999999995 14.654999999999998 2
      vertex 22.744999999999994 14.655 2
      vertex 19.544999999999995 17.854999999999997 2
    endloop
  endfacet
  facet normal 0 0 1
    outer loop
      vertex 22.744999999999994 14.655 2
      vertex 22.744999999999994 17.845 2
      vertex 19.544999999999995 17.854999999999997 2
    endloop
  endfacet
  facet normal 0 0 1
    outer loop
      vertex 22.744999999999994 14.655 2
      vertex 22.754999999999995 17.844999999999995 2
      vertex 22.744999999999994 17.845 2
    endloop
  endfacet
  facet normal 0 0 1
    outer loop
      vertex 22.754999999999995 17.844999999999995 2
      vertex 22.754968847352018 17.845031152647973 2
      vertex 22.744999999999994 17.845 2
    endloop
  endfacet
  facet normal 0 1 0
    outer loop
      vertex 22.744999999999994 17.854999999999997 0
      vertex 19.544999999999995 17.854999999999997 2
      vertex 22.744999999999994 17.854999999999997 2
    endloop
  endfacet
  facet normal 0 0 1
    outer loop
      vertex 22.744999999999994 17.845 2
      vertex 22.744999999999994 17.854999999999997 2
      vertex 19.544999999999995 17.854999999999997 2
    endloop
  endfacet
  facet normal 0 0 -1
    outer loop
      vertex 22.744999999999997 14.644999999999998 0
      vertex 22.754999999999995 14.654999999999998 0
      vertex 25.944999999999997 14.644999999999998 0
    endloop
  endfacet
  facet normal 0 0 -1
    outer loop
      vertex 22.754999999999995 14.654999999999998 0
      vertex 22.744999999999994 17.844999999999995 0
      vertex 25.944999999999997 17.845 0
    endloop
  endfacet
  facet normal 0 0 -1
    outer loop
      vertex 22.754999999999995 14.654999999999998 0
      vertex 25.954999999999995 14.645 0
      vertex 25.944999999999997 14.644999999999998 0
    endloop
  endfacet
  facet normal 0 0 -1
    outer loop
      vertex 22.754999999999995 14.654999999999998 0
      vertex 25.945000000000565 14.654999999999996 0
      vertex 25.954999999999995 14.645 0
    endloop
  endfacet
  facet normal 0 0 -1
    outer loop
      vertex 22.754999999999995 14.654999999999998 0
      vertex 25.944999999999997 17.845 0
      vertex 25.945000000000565 14.654999999999996 0
    endloop
  endfacet
  facet normal 0 0 -1
    outer loop
      vertex 25.954999999999995 14.645 0
      vertex 25.945000000000565 14.654999999999996 0
      vertex 25.954999999999995 14.654968749999998 0
    endloop
  endfacet
  facet normal 0 0 -1
    outer loop
      vertex 25.945000000000565 14.654999999999996 0
      vertex 25.944999999999997 17.845 0
      vertex 25.955 14.654999999999998 0
    endloop
  endfacet
  facet normal 0 0 -1
    outer loop
      vertex 22.744999999999994 17.844999999999995 0
      vertex 22.754968847352018 17.854968847352023 0
      vertex 25.944999999999997 17.845 0
    endloop
  endfacet
  facet normal 0 0 -1
    outer loop
      vertex 25.944999999999997 17.845 0
      vertex 25.944999999999997 17.854999999999997 0
      vertex 25.954999999999995 17.854999999999997 0
    endloop
  endfacet
  facet normal 0 0 1
    outer loop
      vertex 22.754999999999995 14.645031249999997 2
      vertex 22.744999999999994 14.655 2
      vertex 22.744999999999994 14.654968749999998 2
    endloop
  endfacet
  facet normal 0 0 1
    outer loop
      vertex 22.754999999999995 14.645031249999997 2
      vertex 24.349999999999994 14.654999999999998 2
      vertex 22.744999999999994 14.655 2
    endloop
  endfacet
  facet normal 0 0 1
    outer loop
      vertex 22.744999999999994 14.655 2
      vertex 24.349999999999994 14.654999999999998 2
      vertex 22.754999999999995 17.844999999999995 2
    endloop
  endfacet
  facet normal 0 0 1
    outer loop
      vertex 22.754999999999995 17.844999999999995 2
      vertex 24.349999999999994 14.654999999999998 2
      vertex 25.944999999999993 14.654999999999998 2
    endloop
  endfacet
  facet normal 0 0 1
    outer loop
      vertex 22.754999999999995 17.844999999999995 2
      vertex 25.944999999999993 14.654999999999998 2
      vertex 25.954999999999995 17.845 2
    endloop
  endfacet
  facet normal 0 0 1
    outer loop
      vertex 22.754999999999995 17.844999999999995 2
      vertex 25.944999999999997 17.854999999999997 2
      vertex 22.754968847352018 17.845031152647973 2
    endloop
  endfacet
  facet normal 0 0 1
    outer loop
      vertex 22.754999999999995 17.844999999999995 2
      vertex 25.944999999999997 17.854968749999998 2
      vertex 25.944999999999997 17.854999999999997 2
    endloop
  endfacet
  facet normal 0 0 1
    outer loop
      vertex 22.754999999999995 17.844999999999995 2
      vertex 25.954999999999995 17.845 2
      vertex 25.944999999999997 17.854968749999998 2
    endloop
  endfacet
  facet normal 0 0 1
    outer loop
      vertex 25.944999999999997 17.854968749999998 2
      vertex 25.954999999999995 17.854999999999997 2
      vertex 25.944999999999997 17.854999999999997 2
    endloop
  endfacet
  facet normal 0 0 1
    outer loop
      vertex 25.954999999999995 17.845031249999998 2
      vertex 25.944999999999997 17.854968749999998 2
      vertex 25.954999999999995 17.845 2
    endloop
  endfacet
  facet normal 0 0 -1
    outer loop
      vertex 25.955 14.654999999999998 0
      vertex 25.944999999999997 17.845 0
      vertex 25.954999999999995 17.845 0
    endloop
  endfacet
  facet normal 0 0 -1
    outer loop
      vertex 25.955 14.654999999999998 0
      vertex 25.954999999999995 17.845 0
      vertex 29.154999999999998 17.854999999999997 0
    endloop
  endfacet
  facet normal 0 0 -1
    outer loop
      vertex 25.954999999999995 17.845 0
      vertex 25.954999999999995 17.854999999999997 0
      vertex 29.154999999999998 17.854999999999997 0
    endloop
  endfacet
  facet normal 0 0 -1
    outer loop
      vertex 25.955 14.654999999999998 0
      vertex 29.154999999999998 14.654999999999998 0
      vertex 29.145031152647974 14.645031152647972 0
    endloop
  endfacet
  facet normal 0 0 -1
    outer loop
      vertex 25.955 14.654999999999998 0
      vertex 29.154999999999998 17.845 0
      vertex 29.154999999999998 14.654999999999998 0
    endloop
  endfacet
  facet normal 0 0 -1
    outer loop
      vertex 29.145031152647974 14.645031152647972 0
      vertex 29.154999999999998 14.654999999999998 0
      vertex 29.154999999999998 14.644999999999998 0
    endloop
  endfacet
  facet normal 0 0 -1
    outer loop
      vertex 25.955 14.654999999999998 0
      vertex 29.154999999999998 17.854999999999997 0
      vertex 29.154999999999998 17.845 0
    endloop
  endfacet
  facet normal 1 0 0
    outer loop
      vertex 29.154999999999998 14.654999999999998 0
      vertex 29.154999999999998 17.845 0
      vertex 29.154999999999998 14.654999999999998 2
    endloop
  endfacet
  facet normal 0 0 1
    outer loop
      vertex 25.954999999999995 14.645 2
      vertex 27.554999999999996 14.644999999999998 2
      vertex 25.954999999999995 14.654999999999998 2
    endloop
  endfacet
  facet normal 0 0 1
    outer loop
      vertex 25.944999999999993 14.654999999999998 2
      vertex 25.954999999999995 14.654999999999998 2
      vertex 25.954999999999995 17.845 2
    endloop
  endfacet
  facet normal 0 0 1
    outer loop
      vertex 25.954999999999995 14.654999999999998 2
      vertex 27.554999999999996 14.644999999999998 2
      vertex 25.954999999999995 17.845 2
    endloop
  endfacet
  facet normal 1 0 0
    outer loop
      vertex 29.154999999999998 17.845 0
      vertex 29.154999999999998 17.845 2
      vertex 29.154999999999998 14.654999999999998 2
    endloop
  endfacet
  facet normal 0 0 1
    outer loop
      vertex 29.154999999999998 14.644999999999998 2
      vertex 29.154999999999998 14.654999999999998 2
      vertex 29.145031152647974 14.654968847352022 2
    endloop
  endfacet
  facet normal 0 0 1
    outer loop
      vertex 27.554999999999996 14.644999999999998 2
      vertex 29.145031152647974 14.654968847352022 2
      vertex 29.154999999999998 17.845 2
    endloop
  endfacet
  facet normal 0 0 1
    outer loop
      vertex 29.145031152647974 14.654968847352022 2
      vertex 29.154999999999998 14.654999999999998 2
      vertex 29.154999999999998 17.845 2
    endloop
  endfacet
  facet normal 0 0 1
    outer loop
      vertex 25.954999999999995 17.845 2
      vertex 27.554999999999996 14.644999999999998 2
      vertex 29.145031152647974 17.854968847352023 2
    endloop
  endfacet
  facet normal 0 0 1
    outer loop
      vertex 27.554999999999996 14.644999999999998 2
      vertex 29.154999999999998 17.845 2
      vertex 29.145031152647974 17.854968847352023 2
    endloop
  endfacet
  facet normal 0 0 1
    outer loop
      vertex 29.154999999999998 17.845 2
      vertex 29.154999999999998 17.854999999999997 2
      vertex 29.145031152647974 17.854968847352023 2
    endloop
  endfacet
  facet normal 0 0 -1
    outer loop
      vertex 16.344999999999995 11.444999999999997 0
      vertex 16.344999999999995 11.454999999999995 0
      vertex 16.35496884735202 11.454968847352019 0
    endloop
  endfacet
  facet normal 0 0 -1
    outer loop
      vertex 16.344999999999995 11.454999999999995 0
      vertex 16.344999999999995 14.654999999999998 0
      vertex 16.35496884735202 11.454968847352019 0
    endloop
  endfacet
  facet normal 0 0 -1
    outer loop
      vertex 16.35496884735202 11.454968847352019 0
      vertex 19.544999999999995 14.644999999999996 0
      vertex 19.544999999999995 11.454999999999995 0
    endloop
  endfacet
  facet normal 0 0 -1
    outer loop
      vertex 16.35496884735202 11.454968847352019 0
      vertex 16.344999999999995 14.654999999999998 0
      vertex 19.544999999999995 14.644999999999996 0
    endloop
  endfacet
  facet normal 0 0 -1
    outer loop
      vertex 19.544999999999995 11.454999999999995 0
      vertex 19.544999999999995 14.644999999999996 0
      vertex 19.554999999999993 11.454999999999995 0
    endloop
  endfacet
  facet normal 0 0 -1
    outer loop
      vertex 16.344999999999995 14.654999999999998 0
      vertex 19.544999999999995 14.654999999999998 0
      vertex 19.544999999999995 14.644999999999996 0
    endloop
  endfacet
  facet normal -1 0 0
    outer loop
      vertex 16.344999999999995 11.454999999999995 0
      vertex 16.344999999999995 11.454999999999995 2
      vertex 16.344999999999995 14.654999999999998 0
    endloop
  endfacet
  facet normal 0 1 0
    outer loop
      vertex 16.344999999999995 14.654999999999998 0
      vertex 16.344999999999995 14.654999999999998 2
      vertex 19.544999999999995 14.654999999999998 0
    endloop
  endfacet
  facet normal -1 0 0
    outer loop
      vertex 16.344999999999995 14.654999999999998 0
      vertex 16.344999999999995 11.454999999999995 2
      vertex 16.344999999999995 14.654999999999998 2
    endloop
  endfacet
  facet normal 0 1 0
    outer loop
      vertex 19.544999999999995 14.654999999999998 0
      vertex 16.344999999999995 14.654999999999998 2
      vertex 19.544999999999995 14.654999999999998 2
    endloop
  endfacet
  facet normal 0 0 1
    outer loop
      vertex 16.344999999999995 11.444999999999997 2
      vertex 19.544999999999995 11.454999999999998 2
      vertex 16.344999999999995 11.454999999999995 2
    endloop
  endfacet
  facet normal 0 0 1
    outer loop
      vertex 16.344999999999995 11.444999999999997 2
      vertex 16.354999999999993 11.444999999999997 2
      vertex 19.544999999999995 11.454999999999998 2
    endloop
  endfacet
  facet normal 0 0 1
    outer loop
      vertex 16.344999999999995 11.454999999999995 2
      vertex 19.544999999999995 11.454999999999998 2
      vertex 16.344999999999995 14.654999999999998 2
    endloop
  endfacet
  facet normal 0 0 1
    outer loop
      vertex 16.354999999999993 11.444999999999997 2
      vertex 19.544999999999995 11.454968749999995 2
      vertex 19.544999999999995 11.454999999999998 2
    endloop
  endfacet
  facet normal 0 0 1
    outer loop
      vertex 16.344999999999995 14.654999999999998 2
      vertex 19.544999999999995 11.454999999999998 2
      vertex 19.544999999999995 14.644999999999998 2
    endloop
  endfacet
  facet normal 0 0 1
    outer loop
      vertex 19.544999999999995 11.454999999999998 2
      vertex 19.554999999999996 14.644999999999996 2
      vertex 19.544999999999995 14.644999999999998 2
    endloop
  endfacet
  facet normal 0 0 1
    outer loop
      vertex 19.554999999999996 14.644999999999996 2
      vertex 19.55496884735202 14.645031152647972 2
      vertex 19.544999999999995 14.644999999999998 2
    endloop
  endfacet
  facet normal 0 0 1
    outer loop
      vertex 16.344999999999995 14.654999999999998 2
      vertex 19.544999999999995 14.644999999999998 2
      vertex 19.544999999999995 14.654999999999998 2
    endloop
  endfacet
  facet normal 0 0 -1
    outer loop
      vertex 19.544999999999995 11.444999999999993 0
      vertex 19.554999999999993 11.454999999999995 0
      vertex 22.744999999999994 11.444999999999993 0
    endloop
  endfacet
  facet normal 0 0 -1
    outer loop
      vertex 19.554999999999993 11.454999999999995 0
      vertex 22.744999999999994 11.445031249999996 0
      vertex 22.744999999999994 11.444999999999993 0
    endloop
  endfacet
  facet normal 0 0 -1
    outer loop
      vertex 19.554999999999993 11.454999999999995 0
      vertex 22.75500000000113 11.454999999999995 0
      vertex 22.744999999999994 11.445031249999996 0
    endloop
  endfacet
  facet normal 0 0 -1
    outer loop
      vertex 19.554999999999993 11.454999999999995 0
      vertex 22.744999999999997 14.644999999999998 0
      vertex 22.75500000000113 11.454999999999995 0
    endloop
  endfacet
  facet normal 0 0 -1
    outer loop
      vertex 19.554999999999993 11.454999999999995 0
      vertex 19.544999999999995 14.644999999999996 0
      vertex 22.744999999999997 14.644999999999998 0
    endloop
  endfacet
  facet normal 0 0 -1
    outer loop
      vertex 22.744999999999994 11.445031249999996 0
      vertex 22.75500000000113 11.454999999999995 0
      vertex 22.754999999999995 11.454968749999995 0
    endloop
  endfacet
  facet normal 0 0 -1
    outer loop
      vertex 22.744999999999997 14.644999999999998 0
      vertex 22.744999999999994 14.654999999999998 0
      vertex 22.754999999999995 14.654999999999998 0
    endloop
  endfacet
  facet normal 0 0 1
    outer loop
      vertex 19.554999999999996 11.445031249999996 2
      vertex 19.544999999999995 11.454999999999998 2
      vertex 19.544999999999995 11.454968749999995 2
    endloop
  endfacet
  facet normal 0 0 1
    outer loop
      vertex 19.554999999999996 11.445031249999996 2
      vertex 22.744999999999994 11.454999999999998 2
      vertex 19.544999999999995 11.454999999999998 2
    endloop
  endfacet
  facet normal 0 0 1
    outer loop
      vertex 19.554999999999996 11.445031249999996 2
      vertex 19.55500000000113 11.444999999999997 2
      vertex 22.744999999999994 11.454999999999998 2
    endloop
  endfacet
  facet normal 0 0 1
    outer loop
      vertex 19.544999999999995 11.454999999999998 2
      vertex 22.744999999999994 11.454999999999998 2
      vertex 19.554999999999996 14.644999999999996 2
    endloop
  endfacet
  facet normal 0 0 1
    outer loop
      vertex 19.55500000000113 11.444999999999997 2
      vertex 22.754999999999992 11.444999999999997 2
      vertex 22.744999999999994 11.454999999999998 2
    endloop
  endfacet
  facet normal 0 0 1
    outer loop
      vertex 19.554999999999996 14.644999999999996 2
      vertex 22.744999999999994 11.454999999999998 2
      vertex 22.754999999999995 14.644999999999996 2
    endloop
  endfacet
  facet normal 0 0 1
    outer loop
      vertex 19.554999999999996 14.644999999999996 2
      vertex 22.744999999999994 14.655 2
      vertex 19.55496884735202 14.645031152647972 2
    endloop
  endfacet
  facet normal 0 0 1
    outer loop
      vertex 19.554999999999996 14.644999999999996 2
      vertex 22.744999999999994 14.654968749999998 2
      vertex 22.744999999999994 14.655 2
    endloop
  endfacet
  facet normal 0 0 1
    outer loop
      vertex 19.554999999999996 14.644999999999996 2
      vertex 22.754999999999995 14.644999999999996 2
      vertex 22.744999999999994 14.654968749999998 2
    endloop
  endfacet
  facet normal 0 0 1
    outer loop
      vertex 22.754999999999995 14.644999999999996 2
      vertex 22.754999999999995 14.645031249999997 2
      vertex 22.744999999999994 14.654968749999998 2
    endloop
  endfacet
  facet normal 0 0 -1
    outer loop
      vertex 25.944999999999997 11.444999999999997 0
      vertex 22.754999999999995 11.454968749999995 0
      vertex 22.75500000000113 11.454999999999995 0
    endloop
  endfacet
  facet normal 0 0 -1
    outer loop
      vertex 22.75500000000113 11.454999999999995 0
      vertex 22.744999999999997 14.644999999999998 0
      vertex 25.944999999999997 14.644999999999998 0
    endloop
  endfacet
  facet normal 0 0 -1
    outer loop
      vertex 22.75500000000113 11.454999999999995 0
      vertex 25.944999999999997 14.644999999999998 0
      vertex 25.954999999999995 11.454999999999995 0
    endloop
  endfacet
  facet normal 0 0 1
    outer loop
      vertex 22.744999999999994 11.454999999999998 2
      vertex 25.944999999999997 11.454999999999995 2
      vertex 22.754999999999995 14.644999999999996 2
    endloop
  endfacet
  facet normal 0 0 1
    outer loop
      vertex 22.754999999999995 14.644999999999996 2
      vertex 24.349999999999994 14.654999999999998 2
      vertex 22.754999999999995 14.645031249999997 2
    endloop
  endfacet
  facet normal 0 0 1
    outer loop
      vertex 22.754999999999995 14.644999999999996 2
      vertex 25.944999999999997 11.454999999999995 2
      vertex 25.944999999999993 14.654999999999998 2
    endloop
  endfacet
  facet normal 0 0 1
    outer loop
      vertex 25.944999999999997 11.454999999999995 2
      vertex 25.954999999999995 14.645 2
      vertex 25.944999999999993 14.654999999999998 2
    endloop
  endfacet
  facet normal 0 0 1
    outer loop
      vertex 22.754999999999995 14.644999999999996 2
      vertex 25.944999999999993 14.654999999999998 2
      vertex 24.349999999999994 14.654999999999998 2
    endloop
  endfacet
  facet normal 0 0 -1
    outer loop
      vertex 25.944999999999997 11.444999999999997 0
      vertex 25.954999999999995 11.454999999999995 0
      vertex 29.144999999999996 11.444999999999993 0
    endloop
  endfacet
  facet normal 0 0 -1
    outer loop
      vertex 25.954999999999995 11.454999999999995 0
      vertex 25.944999999999997 14.644999999999998 0
      vertex 25.954999999999995 14.645 0
    endloop
  endfacet
  facet normal 0 0 -1
    outer loop
      vertex 25.954999999999995 11.454999999999995 0
      vertex 25.954999999999995 14.645 0
      vertex 29.144999999999996 14.644999999999996 0
    endloop
  endfacet
  facet normal 0 0 -1
    outer loop
      vertex 25.954999999999995 14.654968749999998 0
      vertex 25.945000000000565 14.654999999999996 0
      vertex 25.955 14.654999999999998 0
    endloop
  endfacet
  facet normal 0 0 -1
    outer loop
      vertex 25.954999999999995 14.645 0
      vertex 25.954999999999995 14.654968749999998 0
      vertex 29.144999999999996 14.644999999999996 0
    endloop
  endfacet
  facet normal 0 0 -1
    outer loop
      vertex 25.954999999999995 14.654968749999998 0
      vertex 25.955 14.654999999999998 0
      vertex 29.144999999999996 14.644999999999996 0
    endloop
  endfacet
  facet normal 0 0 -1
    outer loop
      vertex 25.954999999999995 11.454999999999995 0
      vertex 29.154999999999998 11.454999999999995 0
      vertex 29.144999999999996 11.445031249999996 0
    endloop
  endfacet
  facet normal 0 0 -1
    outer loop
      vertex 25.954999999999995 11.454999999999995 0
      vertex 29.144999999999996 14.644999999999996 0
      vertex 29.154999999999998 11.454999999999995 0
    endloop
  endfacet
  facet normal 0 0 -1
    outer loop
      vertex 29.144999999999996 11.445031249999996 0
      vertex 29.154999999999998 11.454999999999995 0
      vertex 29.154999999999998 11.454968749999995 0
    endloop
  endfacet
  facet normal 0 0 -1
    outer loop
      vertex 25.955 14.654999999999998 0
      vertex 29.145031152647974 14.645031152647972 0
      vertex 29.144999999999996 14.644999999999996 0
    endloop
  endfacet
  facet normal 0 0 1
    outer loop
      vertex 25.954999999999995 11.445031249999996 2
      vertex 25.954999999999995 11.454999999999995 2
      vertex 25.944999999999997 11.454968749999995 2
    endloop
  endfacet
  facet normal 0 0 1
    outer loop
      vertex 25.954999999999995 11.454999999999995 2
      vertex 25.954999999999995 14.645 2
      vertex 25.944999999999997 11.454999999999995 2
    endloop
  endfacet
  facet normal 0 0 1
    outer loop
      vertex 25.954999999999995 11.445031249999996 2
      vertex 29.144999999999996 11.454999999999998 2
      vertex 25.954999999999995 11.454999999999995 2
    endloop
  endfacet
  facet normal 0 0 1
    outer loop
      vertex 25.954999999999995 11.445031249999996 2
      vertex 25.954999999999995 11.444999999999997 2
      vertex 29.144999999999996 11.454999999999998 2
    endloop
  endfacet
  facet normal 0 0 1
    outer loop
      vertex 25.954999999999995 11.454999999999995 2
      vertex 29.144999999999996 11.454999999999998 2
      vertex 25.954999999999995 14.645 2
    endloop
  endfacet
  facet normal 0 0 1
    outer loop
      vertex 25.954999999999995 14.645 2
      vertex 25.954999999999995 14.654999999999998 2
      vertex 25.944999999999993 14.654999999999998 2
    endloop
  endfacet
  facet normal 0 0 1
    outer loop
      vertex 25.954999999999995 11.444999999999997 2
      vertex 29.154999999999994 11.444999999999997 2
      vertex 29.144999999999996 11.454999999999998 2
    endloop
  endfacet
  facet normal 0 0 1
    outer loop
      vertex 25.954999999999995 14.645 2
      vertex 29.144999999999996 11.454999999999998 2
      vertex 27.554999999999996 14.644999999999998 2
    endloop
  endfacet
  facet normal 0 0 1
    outer loop
      vertex 29.144999999999996 11.454999999999998 2
      vertex 29.154999999999998 14.644999999999998 2
      vertex 27.554999999999996 14.644999999999998 2
    endloop
  endfacet
  facet normal 0 0 1
    outer loop
      vertex 27.554999999999996 14.644999999999998 2
      vertex 29.154999999999998 14.644999999999998 2
      vertex 29.145031152647974 14.654968847352022 2
    endloop
  endfacet
  facet normal 0 0 -1
    outer loop
      vertex 29.154999999999998 11.454999999999995 0
      vertex 29.144999999999996 14.644999999999996 0
      vertex 29.154999999999998 14.644999999999998 0
    endloop
  endfacet
  facet normal 0 0 -1
    outer loop
      vertex 29.144999999999996 14.644999999999996 0
      vertex 29.145031152647974 14.645031152647972 0
      vertex 29.154999999999998 14.644999999999998 0
    endloop
  endfacet
  facet normal 0 0 -1
    outer loop
      vertex 29.154999999999998 11.454999999999995 0
      vertex 29.154999999999998 14.644999999999998 0
      vertex 32.34499999999999 14.644999999999992 0
    endloop
  endfacet
  facet normal 0 0 -1
    outer loop
      vertex 29.154999999999998 14.644999999999998 0
      vertex 29.154999999999998 14.654999999999998 0
      vertex 32.34499999999999 14.644999999999992 0
    endloop
  endfacet
  facet normal 0 0 -1
    outer loop
      vertex 29.154999999999998 11.454999999999995 0
      vertex 32.34499999999999 14.644999999999992 0
      vertex 32.35499999999999 11.454999999999995 0
    endloop
  endfacet
  facet normal 0 0 -1
    outer loop
      vertex 29.154999999999998 14.654999999999998 0
      vertex 32.34499999999999 14.654999999999998 0
      vertex 32.34499999999999 14.644999999999992 0
    endloop
  endfacet
  facet normal 0 1 0
    outer loop
      vertex 29.154999999999998 14.654999999999998 0
      vertex 29.154999999999998 14.654999999999998 2
      vertex 32.34499999999999 14.654999999999998 0
    endloop
  endfacet
  facet normal 0 1 0
    outer loop
      vertex 32.34499999999999 14.654999999999998 0
      vertex 29.154999999999998 14.654999999999998 2
      vertex 32.34499999999999 14.654999999999998 2
    endloop
  endfacet
  facet normal 0 0 1
    outer loop
      vertex 29.144999999999996 11.454999999999998 2
      vertex 32.34499999999999 11.455000000000002 2
      vertex 29.154999999999998 14.644999999999998 2
    endloop
  endfacet
  facet normal 0 0 1
    outer loop
      vertex 29.154999999999998 14.644999999999998 2
      vertex 32.34499999999999 14.654999999999998 2
      vertex 29.154999999999998 14.654999999999998 2
    endloop
  endfacet
  facet normal 0 0 1
    outer loop
      vertex 29.154999999999998 14.644999999999998 2
      vertex 32.34499999999999 11.455000000000002 2
      vertex 32.355 14.644999999999992 2
    endloop
  endfacet
  facet normal 0 0 1
    outer loop
      vertex 29.154999999999998 14.644999999999998 2
      vertex 32.355 14.644999999999992 2
      vertex 32.34499999999999 14.654999999999998 2
    endloop
  endfacet
  facet normal 0 0 -1
    outer loop
      vertex 32.345 11.444999999999997 0
      vertex 35.544999999999995 11.445031249999996 0
      vertex 35.544999999999995 11.444999999999997 0
    endloop
  endfacet
  facet normal 0 0 -1
    outer loop
      vertex 32.345 11.444999999999997 0
      vertex 32.35499999999999 11.454999999999995 0
      vertex 35.544999999999995 11.445031249999996 0
    endloop
  endfacet
  facet normal 0 0 -1
    outer loop
      vertex 32.35499999999999 11.454999999999995 0
      vertex 35.544999999999995 11.454999999999995 0
      vertex 35.544999999999995 11.445031249999996 0
    endloop
  endfacet
  facet normal 0 0 -1
    outer loop
      vertex 32.35499999999999 11.454999999999995 0
      vertex 35.544999999999995 14.645 0
      vertex 35.544999999999995 11.454999999999995 0
    endloop
  endfacet
  facet normal 0 0 -1
    outer loop
      vertex 32.35499999999999 11.454999999999995 0
      vertex 32.34499999999999 14.644999999999992 0
      vertex 35.544999999999995 14.645 0
    endloop
  endfacet
  facet normal 0 0 -1
    outer loop
      vertex 32.34499999999999 14.644999999999992 0
      vertex 32.34499999999999 14.654999999999998 0
      vertex 35.544999999999995 14.645 0
    endloop
  endfacet
  facet normal 0 0 -1
    outer loop
      vertex 32.34499999999999 14.654999999999998 0
      vertex 35.55499999999999 14.654999999999998 0
      vertex 35.544999999999995 14.645 0
    endloop
  endfacet
  facet normal 0 0 -1
    outer loop
      vertex 35.544999999999995 11.445031249999996 0
      vertex 35.544999999999995 11.454999999999995 0
      vertex 35.55499999999999 11.454968749999995 0
    endloop
  endfacet
  facet normal 0 0 -1
    outer loop
      vertex 35.544999999999995 11.454999999999995 0
      vertex 35.544999999999995 14.645 0
      vertex 35.55499999999999 11.454999999999995 0
    endloop
  endfacet
  facet normal 0 1 0
    outer loop
      vertex 32.34499999999999 14.654999999999998 0
      vertex 32.34499999999999 14.654999999999998 2
      vertex 35.55499999999999 14.654999999999998 0
    endloop
  endfacet
  facet normal 0 1 0
    outer loop
      vertex 35.55499999999999 14.654999999999998 0
      vertex 32.34499999999999 14.654999999999998 2
      vertex 35.55499999999999 14.654999999999998 2
    endloop
  endfacet
  facet normal 0 0 1
    outer loop
      vertex 32.355 11.445031249999996 2
      vertex 32.35500000000226 11.444999999999997 2
      vertex 35.55499999999999 11.444999999999997 2
    endloop
  endfacet
  facet normal 0 0 1
    outer loop
      vertex 32.355 11.445031249999996 2
      vertex 32.34499999999999 11.455000000000002 2
      vertex 32.34499999999999 11.454968749999995 2
    endloop
  endfacet
  facet normal 0 0 1
    outer loop
      vertex 32.355 11.445031249999996 2
      vertex 35.544999999999995 11.454999999999995 2
      vertex 32.34499999999999 11.455000000000002 2
    endloop
  endfacet
  facet normal 0 0 1
    outer loop
      vertex 32.34499999999999 11.455000000000002 2
      vertex 35.544999999999995 11.454999999999995 2
      vertex 32.355 14.644999999999992 2
    endloop
  endfacet
  facet normal 0 0 1
    outer loop
      vertex 32.355 11.445031249999996 2
      vertex 35.55499999999999 11.444999999999997 2
      vertex 35.544999999999995 11.454999999999995 2
    endloop
  endfacet
  facet normal 0 0 1
    outer loop
      vertex 32.355 14.644999999999992 2
      vertex 35.544999999999995 11.454999999999995 2
      vertex 35.55499999999999 14.645 2
    endloop
  endfacet
  facet normal 0 0 1
    outer loop
      vertex 32.355 14.644999999999992 2
      vertex 35.55499999999999 14.654999999999998 2
      vertex 32.34499999999999 14.654999999999998 2
    endloop
  endfacet
  facet normal 0 0 1
    outer loop
      vertex 32.355 14.644999999999992 2
      vertex 35.55499999999999 14.645 2
      vertex 35.55499999999999 14.654999999999998 2
    endloop
  endfacet
  facet normal 0 0 -1
    outer loop
      vertex 35.55499999999999 11.454999999999995 0
      vertex 35.544999999999995 14.645 0
      vertex 35.55499999999999 14.654999999999998 0
    endloop
  endfacet
  facet normal 0 0 -1
    outer loop
      vertex 38.745031152647975 11.44503115264797 0
      vertex 35.55499999999999 11.454999999999995 0
      vertex 38.754999999999995 11.454999999999995 0
    endloop
  endfacet
  facet normal 0 0 -1
    outer loop
      vertex 35.55499999999999 11.454999999999995 0
      vertex 38.754999999999995 14.654999999999998 0
      vertex 38.754999999999995 11.454999999999995 0
    endloop
  endfacet
  facet normal 0 0 -1
    outer loop
      vertex 35.55499999999999 11.454999999999995 0
      vertex 35.55499999999999 14.654999999999998 0
      vertex 38.754999999999995 14.654999999999998 0
    endloop
  endfacet
  facet normal 0 0 -1
    outer loop
      vertex 38.745031152647975 11.44503115264797 0
      vertex 38.754999999999995 11.454999999999995 0
      vertex 38.754999999999995 11.444999999999997 0
    endloop
  endfacet
  facet normal 0 1 0
    outer loop
      vertex 35.55499999999999 14.654999999999998 0
      vertex 35.55499999999999 14.654999999999998 2
      vertex 38.754999999999995 14.654999999999998 0
    endloop
  endfacet
  facet normal 1 0 0
    outer loop
      vertex 38.754999999999995 11.454999999999995 0
      vertex 38.754999999999995 14.654999999999998 0
      vertex 38.754999999999995 14.654999999999998 2
    endloop
  endfacet
  facet normal 0 1 0
    outer loop
      vertex 38.754999999999995 14.654999999999998 0
      vertex 35.55499999999999 14.654999999999998 2
      vertex 38.754999999999995 14.654999999999998 2
    endloop
  endfacet
  facet normal 1 0 0
    outer loop
      vertex 38.754999999999995 11.454999999999995 0
      vertex 38.754999999999995 14.654999999999998 2
      vertex 38.754999999999995 11.454999999999995 2
    endloop
  endfacet
  facet normal 0 0 1
    outer loop
      vertex 35.544999999999995 11.454999999999995 2
      vertex 35.55499999999999 11.454999999999995 2
      vertex 35.55499999999999 14.645 2
    endloop
  endfacet
  facet normal 0 0 1
    outer loop
      vertex 35.55499999999999 11.444999999999997 2
      vertex 38.754999999999995 11.444999999999997 2
      vertex 35.55499999999999 11.454999999999995 2
    endloop
  endfacet
  facet normal 0 0 1
    outer loop
      vertex 38.754999999999995 11.444999999999997 2
      vertex 35.55499999999999 14.645 2
      vertex 35.55499999999999 11.454999999999995 2
    endloop
  endfacet
  facet normal 0 0 1
    outer loop
      vertex 38.754999999999995 11.444999999999997 2
      vertex 38.754999999999995 11.454999999999995 2
      vertex 35.55499999999999 14.645 2
    endloop
  endfacet
  facet normal 0 0 1
    outer loop
      vertex 35.55499999999999 14.645 2
      vertex 38.754999999999995 11.454999999999995 2
      vertex 38.754999999999995 14.654999999999998 2
    endloop
  endfacet
  facet normal 0 0 1
    outer loop
      vertex 35.55499999999999 14.645 2
      vertex 38.754999999999995 14.654999999999998 2
      vertex 35.55499999999999 14.654999999999998 2
    endloop
  endfacet
  facet normal 0 0 -1
    outer loop
      vertex 13.144999999999992 8.244999999999996 0
      vertex 13.144999999999992 8.254999999999997 0
      vertex 13.154968847352018 8.254968847352021 0
    endloop
  endfacet
  facet normal 0 0 -1
    outer loop
      vertex 13.144999999999992 8.254999999999997 0
      vertex 13.144999999999992 11.454999999999995 0
      vertex 13.154968847352018 8.254968847352021 0
    endloop
  endfacet
  facet normal 0 0 -1
    outer loop
      vertex 13.154968847352018 8.254968847352021 0
      vertex 13.144999999999992 11.454999999999995 0
      vertex 16.344999999999995 11.444999999999997 0
    endloop
  endfacet
  facet normal 0 0 -1
    outer loop
      vertex 16.344999999999995 8.244999999999996 0
      vertex 13.154968847352018 8.254968847352021 0
      vertex 16.344999999999995 11.444999999999997 0
    endloop
  endfacet
  facet normal 0 0 -1
    outer loop
      vertex 16.344999999999995 8.244999999999996 0
      vertex 16.344999999999995 11.444999999999997 0
      vertex 16.354968847352023 8.254968847352023 0
    endloop
  endfacet
  facet normal 0 0 -1
    outer loop
      vertex 16.354968847352023 8.254968847352023 0
      vertex 16.344999999999995 11.444999999999997 0
      vertex 16.354999999999997 8.254999999999997 0
    endloop
  endfacet
  facet normal 0 0 -1
    outer loop
      vertex 16.344999999999995 11.444999999999997 0
      vertex 13.144999999999992 11.454999999999995 0
      vertex 16.344999999999995 11.454999999999995 0
    endloop
  endfacet
  facet normal -1 0 0
    outer loop
      vertex 13.144999999999992 8.244999999999996 0
      vertex 13.144999999999992 11.454999999999995 2
      vertex 13.144999999999992 8.254999999999997 0
    endloop
  endfacet
  facet normal -1 0 0
    outer loop
      vertex 13.144999999999992 8.254999999999997 0
      vertex 13.144999999999992 11.454999999999995 2
      vertex 13.144999999999992 11.454999999999995 0
    endloop
  endfacet
  facet normal 0 1 0
    outer loop
      vertex 13.144999999999992 11.454999999999995 0
      vertex 13.144999999999992 11.454999999999995 2
      vertex 16.344999999999995 11.454999999999995 0
    endloop
  endfacet
  facet normal -1 0 0
    outer loop
      vertex 13.144999999999992 8.244999999999996 0
      vertex 13.144999999999992 8.244999999999996 2
      vertex 13.144999999999992 11.454999999999995 2
    endloop
  endfacet
  facet normal 0 1 0
    outer loop
      vertex 16.344999999999995 11.454999999999995 0
      vertex 13.144999999999992 11.454999999999995 2
      vertex 16.344999999999995 11.454999999999995 2
    endloop
  endfacet
  facet normal 0 0 1
    outer loop
      vertex 13.144999999999992 8.244999999999996 2
      vertex 16.34499999999999 8.254999999999997 2
      vertex 13.144999999999992 11.454999999999995 2
    endloop
  endfacet
  facet normal 0 0 1
    outer loop
      vertex 16.34499999999999 8.254999999999997 2
      vertex 16.344999999999995 11.444999999999997 2
      vertex 13.144999999999992 11.454999999999995 2
    endloop
  endfacet
  facet normal 0 0 1
    outer loop
      vertex 16.34499999999999 8.254999999999997 2
      vertex 16.354999999999993 11.444999999999997 2
      vertex 16.344999999999995 11.444999999999997 2
    endloop
  endfacet
  facet normal 0 0 1
    outer loop
      vertex 16.344999999999995 11.444999999999997 2
      vertex 16.344999999999995 11.454999999999995 2
      vertex 13.144999999999992 11.454999999999995 2
    endloop
  endfacet
  facet normal 0 0 -1
    outer loop
      vertex 19.544999999999995 8.244999999999996 0
      vertex 19.54503115264797 8.24503115264797 0
      vertex 19.554999999999996 8.244999999999996 0
    endloop
  endfacet
  facet normal 0 0 -1
    outer loop
      vertex 16.344999999999995 8.244999999999996 0
      vertex 16.354968847352023 8.254968847352023 0
      vertex 19.544999999999995 8.244999999999996 0
    endloop
  endfacet
  facet normal 0 0 -1
    outer loop
      vertex 16.354968847352023 8.254968847352023 0
      vertex 19.54503115264797 8.24503115264797 0
      vertex 19.544999999999995 8.244999999999996 0
    endloop
  endfacet
  facet normal 0 0 -1
    outer loop
      vertex 16.354999999999997 8.254999999999997 0
      vertex 19.544999999999995 11.444999999999993 0
      vertex 19.554999999999996 8.254999999999997 0
    endloop
  endfacet
  facet normal 0 0 -1
    outer loop
      vertex 16.354999999999997 8.254999999999997 0
      vertex 16.344999999999995 11.444999999999997 0
      vertex 19.544999999999995 11.444999999999993 0
    endloop
  endfacet
  facet normal 0 0 -1
    outer loop
      vertex 19.54503115264797 8.24503115264797 0
      vertex 19.554999999999996 8.254999999999997 0
      vertex 19.554999999999996 8.244999999999996 0
    endloop
  endfacet
  facet normal 0 0 -1
    outer loop
      vertex 16.344999999999995 11.444999999999997 0
      vertex 16.35496884735202 11.454968847352019 0
      vertex 19.544999999999995 11.444999999999993 0
    endloop
  endfacet
  facet normal 0 0 -1
    outer loop
      vertex 19.544999999999995 11.444999999999993 0
      vertex 16.35496884735202 11.454968847352019 0
      vertex 19.544999999999995 11.454999999999995 0
    endloop
  endfacet
  facet normal 0 0 -1
    outer loop
      vertex 19.544999999999995 11.444999999999993 0
      vertex 19.544999999999995 11.454999999999995 0
      vertex 19.554999999999993 11.454999999999995 0
    endloop
  endfacet
  facet normal 0 0 1
    outer loop
      vertex 16.354999999999993 8.244999999999996 2
      vertex 19.54503115264797 8.254968847352023 2
      vertex 16.354968847352023 8.24503115264797 2
    endloop
  endfacet
  facet normal 0 0 1
    outer loop
      vertex 16.34499999999999 8.254999999999997 2
      vertex 19.544999999999995 8.254999999999997 2
      vertex 16.354999999999993 11.444999999999997 2
    endloop
  endfacet
  facet normal 0 0 1
    outer loop
      vertex 16.354999999999993 8.244999999999996 2
      vertex 19.554999999999996 8.244999999999996 2
      vertex 19.54503115264797 8.254968847352023 2
    endloop
  endfacet
  facet normal 0 0 1
    outer loop
      vertex 16.354999999999993 11.444999999999997 2
      vertex 19.544999999999995 8.254999999999997 2
      vertex 19.55500000000113 11.444999999999997 2
    endloop
  endfacet
  facet normal 0 0 1
    outer loop
      vertex 16.354999999999993 11.444999999999997 2
      vertex 19.55500000000113 11.444999999999997 2
      vertex 19.544999999999995 11.454968749999995 2
    endloop
  endfacet
  facet normal 0 0 1
    outer loop
      vertex 19.554999999999996 11.445031249999996 2
      vertex 19.544999999999995 11.454968749999995 2
      vertex 19.55500000000113 11.444999999999997 2
    endloop
  endfacet
  facet normal 0 0 -1
    outer loop
      vertex 19.554999999999996 8.254999999999997 0
      vertex 22.744999999999994 8.254999999999997 0
      vertex 22.744999999999994 8.244999999999996 0
    endloop
  endfacet
  facet normal 0 0 -1
    outer loop
      vertex 19.554999999999996 8.254999999999997 0
      vertex 22.744999999999994 11.444999999999993 0
      vertex 22.744999999999994 8.254999999999997 0
    endloop
  endfacet
  facet normal 0 0 -1
    outer loop
      vertex 19.554999999999996 8.254999999999997 0
      vertex 19.544999999999995 11.444999999999993 0
      vertex 22.744999999999994 11.444999999999993 0
    endloop
  endfacet
  facet normal 0 0 -1
    outer loop
      vertex 22.744999999999994 8.244999999999996 0
      vertex 22.744999999999994 8.254999999999997 0
      vertex 22.75496884735202 8.254968847352023 0
    endloop
  endfacet
  facet normal 0 0 -1
    outer loop
      vertex 22.744999999999994 8.254999999999997 0
      vertex 22.744999999999994 11.444999999999993 0
      vertex 22.754999999999995 8.254999999999997 0
    endloop
  endfacet
  facet normal 0 0 1
    outer loop
      vertex 19.554999999999996 8.254999999999997 2
      vertex 19.55500000000113 11.444999999999997 2
      vertex 19.544999999999995 8.254999999999997 2
    endloop
  endfacet
  facet normal 0 0 1
    outer loop
      vertex 19.554999999999996 8.244999999999996 2
      vertex 22.744999999999994 8.254999999999997 2
      vertex 19.554999999999996 8.254999999999997 2
    endloop
  endfacet
  facet normal 0 0 1
    outer loop
      vertex 19.554999999999996 8.254999999999997 2
      vertex 22.744999999999994 8.254999999999997 2
      vertex 19.55500000000113 11.444999999999997 2
    endloop
  endfacet
  facet normal 0 0 1
    outer loop
      vertex 19.55500000000113 11.444999999999997 2
      vertex 22.744999999999994 8.254999999999997 2
      vertex 22.754999999999992 11.444999999999997 2
    endloop
  endfacet
  facet normal 0 0 -1
    outer loop
      vertex 22.744999999999994 8.244999999999996 0
      vertex 22.75496884735202 8.254968847352023 0
      vertex 25.944999999999997 8.244999999999996 0
    endloop
  endfacet
  facet normal 0 0 -1
    outer loop
      vertex 22.754999999999995 8.254999999999997 0
      vertex 22.744999999999994 11.444999999999993 0
      vertex 25.944999999999997 11.444999999999997 0
    endloop
  endfacet
  facet normal 0 0 -1
    outer loop
      vertex 22.75496884735202 8.254968847352023 0
      vertex 25.945031152647967 8.24503115264797 0
      vertex 25.944999999999997 8.244999999999996 0
    endloop
  endfacet
  facet normal 0 0 -1
    outer loop
      vertex 22.754999999999995 8.254999999999997 0
      vertex 25.944999999999997 11.444999999999997 0
      vertex 25.954999999999995 8.254999999999994 0
    endloop
  endfacet
  facet normal 0 0 -1
    outer loop
      vertex 22.744999999999994 11.444999999999993 0
      vertex 22.744999999999994 11.445031249999996 0
      vertex 22.754999999999995 11.454968749999995 0
    endloop
  endfacet
  facet normal 0 0 -1
    outer loop
      vertex 22.744999999999994 11.444999999999993 0
      vertex 22.754999999999995 11.454968749999995 0
      vertex 25.944999999999997 11.444999999999997 0
    endloop
  endfacet
  facet normal 0 0 -1
    outer loop
      vertex 25.944999999999997 11.444999999999997 0
      vertex 22.75500000000113 11.454999999999995 0
      vertex 25.954999999999995 11.454999999999995 0
    endloop
  endfacet
  facet normal 0 0 1
    outer loop
      vertex 22.754999999999995 8.244999999999996 2
      vertex 22.75496884735202 8.24503115264797 2
      vertex 22.744999999999994 8.244999999999996 2
    endloop
  endfacet
  facet normal 0 0 1
    outer loop
      vertex 22.754999999999995 8.244999999999996 2
      vertex 25.945031152647967 8.254968847352023 2
      vertex 22.75496884735202 8.24503115264797 2
    endloop
  endfacet
  facet normal 0 0 1
    outer loop
      vertex 22.744999999999994 8.254999999999997 2
      vertex 25.944999999999993 8.254999999999997 2
      vertex 22.754999999999992 11.444999999999997 2
    endloop
  endfacet
  facet normal 0 0 1
    outer loop
      vertex 22.754999999999995 8.244999999999996 2
      vertex 25.95499999999999 8.245 2
      vertex 25.945031152647967 8.254968847352023 2
    endloop
  endfacet
  facet normal 0 0 1
    outer loop
      vertex 22.754999999999992 11.444999999999997 2
      vertex 25.944999999999993 8.254999999999997 2
      vertex 25.954999999999995 11.444999999999997 2
    endloop
  endfacet
  facet normal 0 0 1
    outer loop
      vertex 22.754999999999992 11.444999999999997 2
      vertex 25.944999999999997 11.454999999999995 2
      vertex 22.744999999999994 11.454999999999998 2
    endloop
  endfacet
  facet normal 0 0 1
    outer loop
      vertex 22.754999999999992 11.444999999999997 2
      vertex 25.944999999999997 11.454968749999995 2
      vertex 25.944999999999997 11.454999999999995 2
    endloop
  endfacet
  facet normal 0 0 1
    outer loop
      vertex 22.754999999999992 11.444999999999997 2
      vertex 25.954999999999995 11.444999999999997 2
      vertex 25.944999999999997 11.454968749999995 2
    endloop
  endfacet
  facet normal 0 0 1
    outer loop
      vertex 25.944999999999997 11.454968749999995 2
      vertex 25.954999999999995 11.454999999999995 2
      vertex 25.944999999999997 11.454999999999995 2
    endloop
  endfacet
  facet normal 0 0 1
    outer loop
      vertex 25.954999999999995 11.445031249999996 2
      vertex 25.944999999999997 11.454968749999995 2
      vertex 25.954999999999995 11.444999999999997 2
    endloop
  endfacet
  facet normal 0 0 -1
    outer loop
      vertex 25.954999999999995 8.244999999999996 0
      vertex 25.954999999999995 8.254999999999994 0
      vertex 29.144999999999996 8.244999999999996 0
    endloop
  endfacet
  facet normal 0 0 -1
    outer loop
      vertex 25.954999999999995 8.254999999999994 0
      vertex 25.944999999999997 11.444999999999997 0
      vertex 29.144999999999996 11.444999999999993 0
    endloop
  endfacet
  facet normal 0 0 -1
    outer loop
      vertex 25.954999999999995 8.254999999999994 0
      vertex 29.144999999999996 11.444999999999993 0
      vertex 29.144999999999996 8.244999999999996 0
    endloop
  endfacet
  facet normal 0 0 -1
    outer loop
      vertex 29.144999999999996 8.244999999999996 0
      vertex 29.144999999999996 11.444999999999993 0
      vertex 29.154999999999998 8.254999999999997 0
    endloop
  endfacet
  facet normal 0 0 -1
    outer loop
      vertex 25.954999999999995 11.454999999999995 0
      vertex 29.144999999999996 11.445031249999996 0
      vertex 29.144999999999996 11.444999999999993 0
    endloop
  endfacet
  facet normal 0 0 1
    outer loop
      vertex 25.944999999999993 8.254999999999997 2
      vertex 25.954999999999995 8.254999999999997 2
      vertex 25.954999999999995 11.444999999999997 2
    endloop
  endfacet
  facet normal 0 0 1
    outer loop
      vertex 25.95499999999999 8.245 2
      vertex 29.144999999999996 8.254999999999997 2
      vertex 25.954999999999995 8.254999999999997 2
    endloop
  endfacet
  facet normal 0 0 1
    outer loop
      vertex 25.954999999999995 8.254999999999997 2
      vertex 29.144999999999996 8.254999999999997 2
      vertex 25.954999999999995 11.444999999999997 2
    endloop
  endfacet
  facet normal 0 0 1
    outer loop
      vertex 25.954999999999995 11.444999999999997 2
      vertex 29.144999999999996 8.254999999999997 2
      vertex 29.154999999999994 11.444999999999997 2
    endloop
  endfacet
  facet normal 0 0 -1
    outer loop
      vertex 29.154999999999998 8.254999999999997 0
      vertex 29.144999999999996 11.444999999999993 0
      vertex 32.345 11.444999999999997 0
    endloop
  endfacet
  facet normal 0 0 -1
    outer loop
      vertex 29.154999999999998 8.254999999999997 0
      vertex 32.355 8.254999999999997 0
      vertex 32.34503115264797 8.24503115264797 0
    endloop
  endfacet
  facet normal 0 0 -1
    outer loop
      vertex 29.154999999999998 8.254999999999997 0
      vertex 32.345 11.444999999999997 0
      vertex 32.355 8.254999999999997 0
    endloop
  endfacet
  facet normal 0 0 -1
    outer loop
      vertex 29.144999999999996 11.444999999999993 0
      vertex 29.144999999999996 11.445031249999996 0
      vertex 29.154999999999998 11.454968749999995 0
    endloop
  endfacet
  facet normal 0 0 -1
    outer loop
      vertex 29.144999999999996 11.444999999999993 0
      vertex 29.154999999999998 11.454968749999995 0
      vertex 32.345 11.444999999999997 0
    endloop
  endfacet
  facet normal 0 0 -1
    outer loop
      vertex 32.345 11.444999999999997 0
      vertex 29.154999999999998 11.454968749999995 0
      vertex 29.154999999999998 11.454999999999995 0
    endloop
  endfacet
  facet normal 0 0 -1
    outer loop
      vertex 32.345 11.444999999999997 0
      vertex 29.154999999999998 11.454999999999995 0
      vertex 32.35499999999999 11.454999999999995 0
    endloop
  endfacet
  facet normal 0 0 1
    outer loop
      vertex 29.154999999999998 8.244999999999996 2
      vertex 32.34499999999999 8.255 2
      vertex 29.154968847352023 8.24503115264797 2
    endloop
  endfacet
  facet normal 0 0 1
    outer loop
      vertex 29.144999999999996 8.254999999999997 2
      vertex 32.34499999999999 8.255 2
      vertex 29.154999999999994 11.444999999999997 2
    endloop
  endfacet
  facet normal 0 0 1
    outer loop
      vertex 29.154999999999998 8.244999999999996 2
      vertex 32.34503115264797 8.254968847352023 2
      vertex 32.34499999999999 8.255 2
    endloop
  endfacet
  facet normal 0 0 1
    outer loop
      vertex 29.154999999999994 11.444999999999997 2
      vertex 32.34499999999999 8.255 2
      vertex 32.35500000000226 11.444999999999997 2
    endloop
  endfacet
  facet normal 0 0 1
    outer loop
      vertex 29.154999999999994 11.444999999999997 2
      vertex 32.34499999999999 11.455000000000002 2
      vertex 29.144999999999996 11.454999999999998 2
    endloop
  endfacet
  facet normal 0 0 1
    outer loop
      vertex 29.154999999999994 11.444999999999997 2
      vertex 32.34499999999999 11.454968749999995 2
      vertex 32.34499999999999 11.455000000000002 2
    endloop
  endfacet
  facet normal 0 0 1
    outer loop
      vertex 29.154999999999994 11.444999999999997 2
      vertex 32.35500000000226 11.444999999999997 2
      vertex 32.34499999999999 11.454968749999995 2
    endloop
  endfacet
  facet normal 0 0 1
    outer loop
      vertex 32.355 11.445031249999996 2
      vertex 32.34499999999999 11.454968749999995 2
      vertex 32.35500000000226 11.444999999999997 2
    endloop
  endfacet
  facet normal 0 0 -1
    outer loop
      vertex 32.355 8.244999999999996 0
      vertex 32.355 8.254999999999997 0
      vertex 35.545 8.245 0
    endloop
  endfacet
  facet normal 0 0 -1
    outer loop
      vertex 32.355 8.254999999999997 0
      vertex 35.544999999999995 11.444999999999997 0
      vertex 35.545 8.245 0
    endloop
  endfacet
  facet normal 0 0 -1
    outer loop
      vertex 32.355 8.254999999999997 0
      vertex 32.345 11.444999999999997 0
      vertex 35.544999999999995 11.444999999999997 0
    endloop
  endfacet
  facet normal 0 0 -1
    outer loop
      vertex 35.545 8.245 0
      vertex 35.544999999999995 11.444999999999997 0
      vertex 35.555 8.254999999999997 0
    endloop
  endfacet
  facet normal 0 0 1
    outer loop
      vertex 32.34499999999999 8.255 2
      vertex 32.34503115264797 8.254968847352023 2
      vertex 33.949999999999996 8.254999999999997 2
    endloop
  endfacet
  facet normal 0 0 1
    outer loop
      vertex 32.355 8.244999999999996 2
      vertex 33.949999999999996 8.254999999999997 2
      vertex 32.34503115264797 8.254968847352023 2
    endloop
  endfacet
  facet normal 0 0 1
    outer loop
      vertex 32.34499999999999 8.255 2
      vertex 33.949999999999996 8.254999999999997 2
      vertex 32.35500000000226 11.444999999999997 2
    endloop
  endfacet
  facet normal 0 0 1
    outer loop
      vertex 32.35500000000226 11.444999999999997 2
      vertex 33.949999999999996 8.254999999999997 2
      vertex 35.54499999999999 8.254999999999997 2
    endloop
  endfacet
  facet normal 0 0 1
    outer loop
      vertex 32.35500000000226 11.444999999999997 2
      vertex 35.54499999999999 8.254999999999997 2
      vertex 35.55499999999999 11.444999999999997 2
    endloop
  endfacet
  facet normal 0 0 -1
    outer loop
      vertex 35.555 8.254999999999997 0
      vertex 38.74499999999999 11.44499999999999 0
      vertex 37.154999999999994 8.254999999999997 0
    endloop
  endfacet
  facet normal 0 0 -1
    outer loop
      vertex 37.154999999999994 8.254999999999997 0
      vertex 38.754999999999995 8.254999999999997 0
      vertex 38.74503115264797 8.24503115264797 0
    endloop
  endfacet
  facet normal 0 0 -1
    outer loop
      vertex 37.154999999999994 8.254999999999997 0
      vertex 38.74499999999999 11.44499999999999 0
      vertex 38.754999999999995 8.254999999999997 0
    endloop
  endfacet
  facet normal 0 0 -1
    outer loop
      vertex 35.555 8.254999999999997 0
      vertex 35.544999999999995 11.444999999999997 0
      vertex 38.74499999999999 11.44499999999999 0
    endloop
  endfacet
  facet normal 0 0 -1
    outer loop
      vertex 35.544999999999995 11.444999999999997 0
      vertex 35.544999999999995 11.445031249999996 0
      vertex 35.55499999999999 11.454968749999995 0
    endloop
  endfacet
  facet normal 0 0 -1
    outer loop
      vertex 35.544999999999995 11.454999999999995 0
      vertex 35.55499999999999 11.454999999999995 0
      vertex 35.55499999999999 11.454968749999995 0
    endloop
  endfacet
  facet normal 0 0 -1
    outer loop
      vertex 35.544999999999995 11.444999999999997 0
      vertex 35.55499999999999 11.454968749999995 0
      vertex 38.74499999999999 11.44499999999999 0
    endloop
  endfacet
  facet normal 0 0 -1
    outer loop
      vertex 38.74499999999999 11.44499999999999 0
      vertex 35.55499999999999 11.454968749999995 0
      vertex 35.55499999999999 11.454999999999995 0
    endloop
  endfacet
  facet normal 0 0 -1
    outer loop
      vertex 38.74499999999999 11.44499999999999 0
      vertex 35.55499999999999 11.454999999999995 0
      vertex 38.745031152647975 11.44503115264797 0
    endloop
  endfacet
  facet normal 0 0 1
    outer loop
      vertex 35.55499999999999 8.244999999999996 2
      vertex 37.154999999999994 8.244999999999996 2
      vertex 35.55496884735202 8.24503115264797 2
    endloop
  endfacet
  facet normal 0 0 1
    outer loop
      vertex 35.55496884735202 8.24503115264797 2
      vertex 37.154999999999994 8.244999999999996 2
      vertex 38.74499999999999 8.255 2
    endloop
  endfacet
  facet normal 0 0 1
    outer loop
      vertex 35.54499999999999 8.254999999999997 2
      vertex 38.74499999999999 8.255 2
      vertex 35.55499999999999 11.444999999999997 2
    endloop
  endfacet
  facet normal 0 0 1
    outer loop
      vertex 37.154999999999994 8.244999999999996 2
      vertex 38.74503115264797 8.254968847352023 2
      vertex 38.74499999999999 8.255 2
    endloop
  endfacet
  facet normal 0 0 1
    outer loop
      vertex 35.55499999999999 11.444999999999997 2
      vertex 38.74499999999999 8.255 2
      vertex 38.754999999999995 11.444999999999997 2
    endloop
  endfacet
  facet normal 0 0 1
    outer loop
      vertex 35.55499999999999 11.444999999999997 2
      vertex 35.55499999999999 11.454999999999995 2
      vertex 35.544999999999995 11.454999999999995 2
    endloop
  endfacet
  facet normal 0 0 -1
    outer loop
      vertex 38.754999999999995 8.244999999999996 0
      vertex 38.754999999999995 8.254999999999997 0
      vertex 41.945031152647964 8.245031152647972 0
    endloop
  endfacet
  facet normal 0 0 -1
    outer loop
      vertex 38.754999999999995 8.254999999999997 0
      vertex 38.74499999999999 11.44499999999999 0
      vertex 38.754999999999995 11.444999999999997 0
    endloop
  endfacet
  facet normal 0 0 -1
    outer loop
      vertex 38.74499999999999 11.44499999999999 0
      vertex 38.745031152647975 11.44503115264797 0
      vertex 38.754999999999995 11.444999999999997 0
    endloop
  endfacet
  facet normal 0 0 -1
    outer loop
      vertex 38.754999999999995 8.254999999999997 0
      vertex 38.754999999999995 11.444999999999997 0
      vertex 41.95499999999999 11.454999999999995 0
    endloop
  endfacet
  facet normal 0 0 -1
    outer loop
      vertex 41.945031152647964 8.245031152647972 0
      vertex 38.754999999999995 8.254999999999997 0
      vertex 41.95499999999999 11.454999999999995 0
    endloop
  endfacet
  facet normal 0 0 -1
    outer loop
      vertex 38.754999999999995 11.444999999999997 0
      vertex 38.754999999999995 11.454999999999995 0
      vertex 41.95499999999999 11.454999999999995 0
    endloop
  endfacet
  facet normal 0 1 0
    outer loop
      vertex 38.754999999999995 11.454999999999995 0
      vertex 38.754999999999995 11.454999999999995 2
      vertex 41.95499999999999 11.454999999999995 0
    endloop
  endfacet
  facet normal 0 1 0
    outer loop
      vertex 38.754999999999995 11.454999999999995 2
      vertex 41.95499999999999 11.454999999999995 2
      vertex 41.95499999999999 11.454999999999995 0
    endloop
  endfacet
  facet normal 0 0 1
    outer loop
      vertex 38.74499999999999 8.255 2
      vertex 38.754999999999995 8.254999999999997 2
      vertex 38.754999999999995 11.444999999999997 2
    endloop
  endfacet
  facet normal 0 0 1
    outer loop
      vertex 38.754999999999995 8.244999999999996 2
      vertex 41.945031152647964 8.254968847352021 2
      vertex 38.754999999999995 8.254999999999997 2
    endloop
  endfacet
  facet normal 0 0 1
    outer loop
      vertex 38.754999999999995 8.254999999999997 2
      vertex 41.944999999999986 8.254999999999997 2
      vertex 38.754999999999995 11.444999999999997 2
    endloop
  endfacet
  facet normal 0 0 1
    outer loop
      vertex 38.754999999999995 8.254999999999997 2
      vertex 41.945031152647964 8.254968847352021 2
      vertex 41.944999999999986 8.254999999999997 2
    endloop
  endfacet
  facet normal 0 0 1
    outer loop
      vertex 38.754999999999995 11.444999999999997 2
      vertex 41.944999999999986 8.254999999999997 2
      vertex 41.95499999999999 11.454999999999995 2
    endloop
  endfacet
  facet normal 0 0 1
    outer loop
      vertex 38.754999999999995 11.444999999999997 2
      vertex 41.95499999999999 11.454999999999995 2
      vertex 38.754999999999995 11.454999999999995 2
    endloop
  endfacet
  facet normal 0 0 -1
    outer loop
      vertex 41.945031152647964 8.245031152647972 0
      vertex 41.95499999999999 8.254999999999997 0
      vertex 41.95499999999999 8.244999999999996 0
    endloop
  endfacet
  facet normal 1 0 0
    outer loop
      vertex 41.95499999999999 8.244999999999996 0
      vertex 41.95499999999999 8.254999999999997 0
      vertex 41.95499999999999 8.244999999999996 0.00623052959501655
    endloop
  endfacet
  facet normal 0 0 -1
    outer loop
      vertex 41.945031152647964 8.245031152647972 0
      vertex 41.95499999999999 11.454999999999995 0
      vertex 41.95499999999999 8.254999999999997 0
    endloop
  endfacet
  facet normal 1 0 0
    outer loop
      vertex 41.95499999999999 8.254999999999997 0
      vertex 41.95499999999999 11.454999999999995 0
      vertex 41.95499999999999 8.254999999999997 2
    endloop
  endfacet
  facet normal 1 0 0
    outer loop
      vertex 41.95499999999999 11.454999999999995 0
      vertex 41.95499999999999 11.454999999999995 2
      vertex 41.95499999999999 8.254999999999997 2
    endloop
  endfacet
  facet normal 0 0 1
    outer loop
      vertex 41.944999999999986 8.254999999999997 2
      vertex 41.95499999999999 8.254999999999997 2
      vertex 41.95499999999999 11.454999999999995 2
    endloop
  endfacet
  facet normal 0 0 -1
    outer loop
      vertex 13.144999999999992 5.044999999999997 0
      vertex 13.144999999999992 8.244999999999996 0
      vertex 16.344999999999995 8.244999999999996 0
    endloop
  endfacet
  facet normal 0 0 -1
    outer loop
      vertex 13.144999999999992 5.044999999999997 0
      vertex 16.344999999999995 8.244999999999996 0
      vertex 16.344999999999995 5.044999999999997 0
    endloop
  endfacet
  facet normal 0 0 -1
    outer loop
      vertex 16.344999999999995 5.044999999999997 0
      vertex 16.344999999999995 8.244999999999996 0
      vertex 16.354999999999993 5.054999999999995 0
    endloop
  endfacet
  facet normal 0 0 -1
    outer loop
      vertex 13.144999999999992 8.244999999999996 0
      vertex 13.154968847352018 8.254968847352021 0
      vertex 16.344999999999995 8.244999999999996 0
    endloop
  endfacet
  facet normal -1 0 0
    outer loop
      vertex 13.144999999999992 5.044999999999997 0
      vertex 13.144999999999992 5.044999999999997 2
      vertex 13.144999999999992 8.244999999999996 0
    endloop
  endfacet
  facet normal 0 -1 0
    outer loop
      vertex 13.144999999999992 5.044999999999997 0
      vertex 16.344999999999995 5.044999999999997 0
      vertex 16.344999999999995 5.044999999999997 2
    endloop
  endfacet
  facet normal 0 -1 0
    outer loop
      vertex 13.144999999999992 5.044999999999997 0
      vertex 16.344999999999995 5.044999999999997 2
      vertex 13.144999999999992 5.044999999999997 2
    endloop
  endfacet
  facet normal -1 0 0
    outer loop
      vertex 13.144999999999992 8.244999999999996 0
      vertex 13.144999999999992 5.044999999999997 2
      vertex 13.144999999999992 8.244999999999996 2
    endloop
  endfacet
  facet normal 0 0 1
    outer loop
      vertex 13.144999999999992 5.044999999999997 2
      vertex 16.344999999999995 5.054999999999995 2
      vertex 13.144999999999992 8.244999999999996 2
    endloop
  endfacet
  facet normal 0 0 1
    outer loop
      vertex 13.144999999999992 5.044999999999997 2
      vertex 16.344999999999995 5.044999999999997 2
      vertex 16.344999999999995 5.054999999999995 2
    endloop
  endfacet
  facet normal 0 0 1
    outer loop
      vertex 13.144999999999992 8.244999999999996 2
      vertex 16.344999999999995 5.054999999999995 2
      vertex 16.34499999999999 8.254999999999997 2
    endloop
  endfacet
  facet normal 0 0 1
    outer loop
      vertex 16.344999999999995 5.054999999999995 2
      vertex 16.354968847352023 8.24503115264797 2
      vertex 16.34499999999999 8.254999999999997 2
    endloop
  endfacet
  facet normal 0 0 1
    outer loop
      vertex 16.344999999999995 5.054999999999995 2
      vertex 16.354999999999993 8.244999999999996 2
      vertex 16.354968847352023 8.24503115264797 2
    endloop
  endfacet
  facet normal 0 0 -1
    outer loop
      vertex 16.344999999999995 5.044999999999997 0
      vertex 16.354999999999993 5.054999999999995 0
      vertex 19.554999999999996 5.044999999999997 0
    endloop
  endfacet
  facet normal 0 0 -1
    outer loop
      vertex 16.354999999999993 5.054999999999995 0
      vertex 19.554999999999996 5.054999999999999 0
      vertex 19.554999999999996 5.044999999999997 0
    endloop
  endfacet
  facet normal 0 0 -1
    outer loop
      vertex 16.354999999999993 5.054999999999995 0
      vertex 19.544999999999995 8.244999999999996 0
      vertex 19.554999999999996 5.054999999999999 0
    endloop
  endfacet
  facet normal 0 0 -1
    outer loop
      vertex 16.354999999999993 5.054999999999995 0
      vertex 16.344999999999995 8.244999999999996 0
      vertex 19.544999999999995 8.244999999999996 0
    endloop
  endfacet
  facet normal 0 0 -1
    outer loop
      vertex 16.354968847352023 8.254968847352023 0
      vertex 16.354999999999997 8.254999999999997 0
      vertex 19.54503115264797 8.24503115264797 0
    endloop
  endfacet
  facet normal 0 0 -1
    outer loop
      vertex 16.354999999999997 8.254999999999997 0
      vertex 19.554999999999996 8.254999999999997 0
      vertex 19.54503115264797 8.24503115264797 0
    endloop
  endfacet
  facet normal 0 -1 0
    outer loop
      vertex 16.344999999999995 5.044999999999997 0
      vertex 19.554999999999996 5.044999999999997 0
      vertex 19.554999999999996 5.044999999999997 2
    endloop
  endfacet
  facet normal 0 -1 0
    outer loop
      vertex 16.344999999999995 5.044999999999997 0
      vertex 19.554999999999996 5.044999999999997 2
      vertex 16.344999999999995 5.044999999999997 2
    endloop
  endfacet
  facet normal 0 0 1
    outer loop
      vertex 16.344999999999995 5.054999999999995 2
      vertex 16.344999999999995 5.044999999999997 2
      vertex 19.544999999999995 5.054999999999999 2
    endloop
  endfacet
  facet normal 0 0 1
    outer loop
      vertex 16.344999999999995 5.054999999999995 2
      vertex 19.544999999999995 5.054999999999999 2
      vertex 16.354999999999993 8.244999999999996 2
    endloop
  endfacet
  facet normal 0 0 1
    outer loop
      vertex 16.344999999999995 5.044999999999997 2
      vertex 19.554999999999996 5.044999999999997 2
      vertex 19.544999999999995 5.054999999999999 2
    endloop
  endfacet
  facet normal 0 0 1
    outer loop
      vertex 16.354999999999993 8.244999999999996 2
      vertex 19.544999999999995 5.054999999999999 2
      vertex 19.554999999999996 8.244999999999996 2
    endloop
  endfacet
  facet normal 0 0 1
    outer loop
      vertex 16.354968847352023 8.24503115264797 2
      vertex 19.544999999999995 8.254999999999997 2
      vertex 16.34499999999999 8.254999999999997 2
    endloop
  endfacet
  facet normal 0 0 1
    outer loop
      vertex 16.354968847352023 8.24503115264797 2
      vertex 19.54503115264797 8.254968847352023 2
      vertex 19.544999999999995 8.254999999999997 2
    endloop
  endfacet
  facet normal 0 0 1
    outer loop
      vertex 19.54503115264797 8.254968847352023 2
      vertex 19.554999999999996 8.254999999999997 2
      vertex 19.544999999999995 8.254999999999997 2
    endloop
  endfacet
  facet normal 0 0 1
    outer loop
      vertex 19.554999999999996 8.244999999999996 2
      vertex 19.554999999999996 8.254999999999997 2
      vertex 19.54503115264797 8.254968847352023 2
    endloop
  endfacet
  facet normal 0 0 -1
    outer loop
      vertex 19.554999999999996 5.054999999999999 0
      vertex 19.544999999999995 8.244999999999996 0
      vertex 19.554999999999996 8.244999999999996 0
    endloop
  endfacet
  facet normal 0 0 -1
    outer loop
      vertex 19.554999999999996 5.054999999999999 0
      vertex 22.744999999999994 5.044999999999997 0
      vertex 19.554999999999996 5.044999999999997 0
    endloop
  endfacet
  facet normal 0 0 -1
    outer loop
      vertex 19.554999999999996 5.054999999999999 0
      vertex 22.754999999999995 5.054999999999999 0
      vertex 22.744999999999994 5.044999999999997 0
    endloop
  endfacet
  facet normal 0 0 -1
    outer loop
      vertex 19.554999999999996 5.054999999999999 0
      vertex 22.744999999999994 8.244999999999996 0
      vertex 22.754999999999995 5.054999999999999 0
    endloop
  endfacet
  facet normal 0 0 -1
    outer loop
      vertex 19.554999999999996 5.054999999999999 0
      vertex 19.554999999999996 8.244999999999996 0
      vertex 22.744999999999994 8.244999999999996 0
    endloop
  endfacet
  facet normal 0 0 -1
    outer loop
      vertex 19.554999999999996 8.244999999999996 0
      vertex 19.554999999999996 8.254999999999997 0
      vertex 22.744999999999994 8.244999999999996 0
    endloop
  endfacet
  facet normal 0 -1 0
    outer loop
      vertex 19.554999999999996 5.044999999999997 0
      vertex 22.744999999999994 5.044999999999997 0
      vertex 22.744999999999994 5.044999999999997 2
    endloop
  endfacet
  facet normal 0 -1 0
    outer loop
      vertex 19.554999999999996 5.044999999999997 0
      vertex 22.744999999999994 5.044999999999997 2
      vertex 19.554999999999996 5.044999999999997 2
    endloop
  endfacet
  facet normal 0 0 1
    outer loop
      vertex 19.554999999999996 5.044999999999997 2
      vertex 22.744999999999994 5.054999999999999 2
      vertex 19.544999999999995 5.054999999999999 2
    endloop
  endfacet
  facet normal 0 0 1
    outer loop
      vertex 19.544999999999995 5.054999999999999 2
      vertex 22.744999999999994 5.054999999999999 2
      vertex 19.554999999999996 8.244999999999996 2
    endloop
  endfacet
  facet normal 0 0 1
    outer loop
      vertex 19.554999999999996 5.044999999999997 2
      vertex 22.744999999999994 5.044999999999997 2
      vertex 22.744999999999994 5.054999999999999 2
    endloop
  endfacet
  facet normal 0 0 1
    outer loop
      vertex 19.554999999999996 8.244999999999996 2
      vertex 22.744999999999994 5.054999999999999 2
      vertex 22.744999999999994 8.244999999999996 2
    endloop
  endfacet
  facet normal 0 0 1
    outer loop
      vertex 22.744999999999994 5.054999999999999 2
      vertex 22.754999999999995 8.244999999999996 2
      vertex 22.744999999999994 8.244999999999996 2
    endloop
  endfacet
  facet normal 0 0 1
    outer loop
      vertex 19.554999999999996 8.244999999999996 2
      vertex 22.744999999999994 8.244999999999996 2
      vertex 22.744999999999994 8.254999999999997 2
    endloop
  endfacet
  facet normal 0 0 1
    outer loop
      vertex 22.744999999999994 8.244999999999996 2
      vertex 22.75496884735202 8.24503115264797 2
      vertex 22.744999999999994 8.254999999999997 2
    endloop
  endfacet
  facet normal 0 0 -1
    outer loop
      vertex 22.754999999999995 5.054999999999999 0
      vertex 25.954999999999995 5.044999999999997 0
      vertex 22.744999999999994 5.044999999999997 0
    endloop
  endfacet
  facet normal 0 0 -1
    outer loop
      vertex 22.754999999999995 5.054999999999999 0
      vertex 22.744999999999994 8.244999999999996 0
      vertex 25.944999999999997 8.244999999999996 0
    endloop
  endfacet
  facet normal 0 0 -1
    outer loop
      vertex 22.744999999999994 8.254999999999997 0
      vertex 22.754999999999995 8.254999999999997 0
      vertex 22.75496884735202 8.254968847352023 0
    endloop
  endfacet
  facet normal 0 0 -1
    outer loop
      vertex 22.75496884735202 8.254968847352023 0
      vertex 22.754999999999995 8.254999999999997 0
      vertex 25.945031152647967 8.24503115264797 0
    endloop
  endfacet
  facet normal 0 0 -1
    outer loop
      vertex 22.754999999999995 5.054999999999999 0
      vertex 25.954999999999995 5.054999999999995 0
      vertex 25.954999999999995 5.044999999999997 0
    endloop
  endfacet
  facet normal 0 0 -1
    outer loop
      vertex 22.754999999999995 5.054999999999999 0
      vertex 25.944999999999997 8.244999999999996 0
      vertex 25.954999999999995 5.054999999999995 0
    endloop
  endfacet
  facet normal 0 0 -1
    outer loop
      vertex 22.754999999999995 8.254999999999997 0
      vertex 25.954999999999995 8.254999999999994 0
      vertex 25.945031152647967 8.24503115264797 0
    endloop
  endfacet
  facet normal 0 -1 0
    outer loop
      vertex 22.744999999999994 5.044999999999997 0
      vertex 25.954999999999995 5.044999999999997 0
      vertex 25.954999999999995 5.044999999999997 2
    endloop
  endfacet
  facet normal 0 -1 0
    outer loop
      vertex 22.744999999999994 5.044999999999997 0
      vertex 25.954999999999995 5.044999999999997 2
      vertex 22.744999999999994 5.044999999999997 2
    endloop
  endfacet
  facet normal 0 0 1
    outer loop
      vertex 22.744999999999994 5.044999999999997 2
      vertex 25.944999999999997 5.054999999999995 2
      vertex 22.744999999999994 5.054999999999999 2
    endloop
  endfacet
  facet normal 0 0 1
    outer loop
      vertex 22.744999999999994 5.054999999999999 2
      vertex 25.944999999999997 5.054999999999995 2
      vertex 22.754999999999995 8.244999999999996 2
    endloop
  endfacet
  facet normal 0 0 1
    outer loop
      vertex 22.75496884735202 8.24503115264797 2
      vertex 25.944999999999993 8.254999999999997 2
      vertex 22.744999999999994 8.254999999999997 2
    endloop
  endfacet
  facet normal 0 0 1
    outer loop
      vertex 22.744999999999994 5.044999999999997 2
      vertex 25.954999999999995 5.044999999999997 2
      vertex 25.944999999999997 5.054999999999995 2
    endloop
  endfacet
  facet normal 0 0 1
    outer loop
      vertex 22.754999999999995 8.244999999999996 2
      vertex 25.944999999999997 5.054999999999995 2
      vertex 25.95499999999999 8.245 2
    endloop
  endfacet
  facet normal 0 0 1
    outer loop
      vertex 22.75496884735202 8.24503115264797 2
      vertex 25.945031152647967 8.254968847352023 2
      vertex 25.944999999999993 8.254999999999997 2
    endloop
  endfacet
  facet normal 0 0 1
    outer loop
      vertex 25.945031152647967 8.254968847352023 2
      vertex 25.954999999999995 8.254999999999997 2
      vertex 25.944999999999993 8.254999999999997 2
    endloop
  endfacet
  facet normal 0 0 1
    outer loop
      vertex 25.95499999999999 8.245 2
      vertex 25.954999999999995 8.254999999999997 2
      vertex 25.945031152647967 8.254968847352023 2
    endloop
  endfacet
  facet normal 0 0 -1
    outer loop
      vertex 25.954999999999995 5.054999999999995 0
      vertex 29.144999999999996 5.044999999999997 0
      vertex 25.954999999999995 5.044999999999997 0
    endloop
  endfacet
  facet normal 0 0 -1
    outer loop
      vertex 25.954999999999995 5.054999999999995 0
      vertex 25.945031152647967 8.24503115264797 0
      vertex 25.954999999999995 8.244999999999996 0
    endloop
  endfacet
  facet normal 0 0 -1
    outer loop
      vertex 25.954999999999995 5.054999999999995 0
      vertex 25.944999999999997 8.244999999999996 0
      vertex 25.945031152647967 8.24503115264797 0
    endloop
  endfacet
  facet normal 0 0 -1
    outer loop
      vertex 25.954999999999995 5.054999999999995 0
      vertex 25.954999999999995 8.244999999999996 0
      vertex 29.144999999999996 8.244999999999996 0
    endloop
  endfacet
  facet normal 0 0 -1
    outer loop
      vertex 25.954999999999995 8.244999999999996 0
      vertex 25.945031152647967 8.24503115264797 0
      vertex 25.954999999999995 8.254999999999994 0
    endloop
  endfacet
  facet normal 0 0 -1
    outer loop
      vertex 25.954999999999995 5.054999999999995 0
      vertex 29.154999999999998 5.054999999999999 0
      vertex 29.144999999999996 5.044999999999997 0
    endloop
  endfacet
  facet normal 0 0 -1
    outer loop
      vertex 25.954999999999995 5.054999999999995 0
      vertex 29.144999999999996 8.244999999999996 0
      vertex 29.154999999999998 5.054999999999999 0
    endloop
  endfacet
  facet normal 0 -1 0
    outer loop
      vertex 25.954999999999995 5.044999999999997 0
      vertex 29.144999999999996 5.044999999999997 0
      vertex 29.144999999999996 5.044999999999997 2
    endloop
  endfacet
  facet normal 0 -1 0
    outer loop
      vertex 25.954999999999995 5.044999999999997 0
      vertex 29.144999999999996 5.044999999999997 2
      vertex 25.954999999999995 5.044999999999997 2
    endloop
  endfacet
  facet normal 0 0 1
    outer loop
      vertex 25.954999999999995 5.044999999999997 2
      vertex 25.95499999999999 8.245 2
      vertex 25.944999999999997 5.054999999999995 2
    endloop
  endfacet
  facet normal 0 0 1
    outer loop
      vertex 25.954999999999995 5.044999999999997 2
      vertex 29.144999999999996 5.054999999999999 2
      vertex 25.95499999999999 8.245 2
    endloop
  endfacet
  facet normal 0 0 1
    outer loop
      vertex 25.954999999999995 5.044999999999997 2
      vertex 29.144999999999996 5.044999999999997 2
      vertex 29.144999999999996 5.054999999999999 2
    endloop
  endfacet
  facet normal 0 0 1
    outer loop
      vertex 25.95499999999999 8.245 2
      vertex 29.144999999999996 5.054999999999999 2
      vertex 29.144999999999996 8.254999999999997 2
    endloop
  endfacet
  facet normal 0 0 1
    outer loop
      vertex 29.144999999999996 5.054999999999999 2
      vertex 29.154968847352023 8.24503115264797 2
      vertex 29.144999999999996 8.254999999999997 2
    endloop
  endfacet
  facet normal 0 0 1
    outer loop
      vertex 29.144999999999996 5.054999999999999 2
      vertex 29.154999999999998 8.244999999999996 2
      vertex 29.154968847352023 8.24503115264797 2
    endloop
  endfacet
  facet normal 0 0 -1
    outer loop
      vertex 29.154999999999998 5.054999999999999 0
      vertex 32.355 5.044999999999997 0
      vertex 29.144999999999996 5.044999999999997 0
    endloop
  endfacet
  facet normal 0 0 -1
    outer loop
      vertex 29.154999999999998 5.054999999999999 0
      vertex 29.144999999999996 8.244999999999996 0
      vertex 32.345 8.244999999999996 0
    endloop
  endfacet
  facet normal 0 0 -1
    outer loop
      vertex 29.144999999999996 8.244999999999996 0
      vertex 29.154999999999998 8.254999999999997 0
      vertex 32.345 8.244999999999996 0
    endloop
  endfacet
  facet normal 0 0 -1
    outer loop
      vertex 29.154999999999998 5.054999999999999 0
      vertex 32.355 5.055000000000002 0
      vertex 32.355 5.044999999999997 0
    endloop
  endfacet
  facet normal 0 0 -1
    outer loop
      vertex 29.154999999999998 5.054999999999999 0
      vertex 32.345 8.244999999999996 0
      vertex 32.355 5.055000000000002 0
    endloop
  endfacet
  facet normal 0 0 -1
    outer loop
      vertex 29.154999999999998 8.254999999999997 0
      vertex 32.34503115264797 8.24503115264797 0
      vertex 32.345 8.244999999999996 0
    endloop
  endfacet
  facet normal 0 -1 0
    outer loop
      vertex 29.144999999999996 5.044999999999997 0
      vertex 32.355 5.044999999999997 0
      vertex 32.355 5.044999999999997 2
    endloop
  endfacet
  facet normal 0 -1 0
    outer loop
      vertex 29.144999999999996 5.044999999999997 0
      vertex 32.355 5.044999999999997 2
      vertex 29.144999999999996 5.044999999999997 2
    endloop
  endfacet
  facet normal 0 0 1
    outer loop
      vertex 29.144999999999996 5.044999999999997 2
      vertex 32.34499999999999 5.055000000000002 2
      vertex 29.144999999999996 5.054999999999999 2
    endloop
  endfacet
  facet normal 0 0 1
    outer loop
      vertex 29.144999999999996 5.054999999999999 2
      vertex 32.34499999999999 5.055000000000002 2
      vertex 29.154999999999998 8.244999999999996 2
    endloop
  endfacet
  facet normal 0 0 1
    outer loop
      vertex 29.154968847352023 8.24503115264797 2
      vertex 32.34499999999999 8.255 2
      vertex 29.144999999999996 8.254999999999997 2
    endloop
  endfacet
  facet normal 0 0 1
    outer loop
      vertex 29.144999999999996 5.044999999999997 2
      vertex 32.355 5.044999999999997 2
      vertex 32.34499999999999 5.055000000000002 2
    endloop
  endfacet
  facet normal 0 0 1
    outer loop
      vertex 29.154999999999998 8.244999999999996 2
      vertex 32.34499999999999 5.055000000000002 2
      vertex 32.355 8.244999999999996 2
    endloop
  endfacet
  facet normal 0 0 1
    outer loop
      vertex 29.154999999999998 8.244999999999996 2
      vertex 32.355 8.244999999999996 2
      vertex 32.34503115264797 8.254968847352023 2
    endloop
  endfacet
  facet normal 0 0 -1
    outer loop
      vertex 32.355 5.055000000000002 0
      vertex 32.34503115264797 8.24503115264797 0
      vertex 32.355 8.244999999999996 0
    endloop
  endfacet
  facet normal 0 0 -1
    outer loop
      vertex 32.355 5.055000000000002 0
      vertex 32.345 8.244999999999996 0
      vertex 32.34503115264797 8.24503115264797 0
    endloop
  endfacet
  facet normal 0 0 -1
    outer loop
      vertex 32.355 5.055000000000002 0
      vertex 35.544999999999995 5.044999999999997 0
      vertex 32.355 5.044999999999997 0
    endloop
  endfacet
  facet normal 0 0 -1
    outer loop
      vertex 32.355 5.055000000000002 0
      vertex 35.545 8.245 0
      vertex 35.544999999999995 5.044999999999997 0
    endloop
  endfacet
  facet normal 0 0 -1
    outer loop
      vertex 32.355 5.055000000000002 0
      vertex 32.355 8.244999999999996 0
      vertex 35.545 8.245 0
    endloop
  endfacet
  facet normal 0 0 -1
    outer loop
      vertex 32.355 8.244999999999996 0
      vertex 32.34503115264797 8.24503115264797 0
      vertex 32.355 8.254999999999997 0
    endloop
  endfacet
  facet normal 0 0 -1
    outer loop
      vertex 35.55499999999999 5.054999999999995 0
      vertex 35.544999999999995 5.044999999999997 0
      vertex 35.545 8.245 0
    endloop
  endfacet
  facet normal 0 -1 0
    outer loop
      vertex 32.355 5.044999999999997 0
      vertex 35.544999999999995 5.044999999999997 0
      vertex 35.544999999999995 5.044999999999997 2
    endloop
  endfacet
  facet normal 0 -1 0
    outer loop
      vertex 32.355 5.044999999999997 0
      vertex 35.544999999999995 5.044999999999997 2
      vertex 32.355 5.044999999999997 2
    endloop
  endfacet
  facet normal 0 0 1
    outer loop
      vertex 32.355 5.044999999999997 2
      vertex 35.544999999999995 5.054999999999995 2
      vertex 32.34499999999999 5.055000000000002 2
    endloop
  endfacet
  facet normal 0 0 1
    outer loop
      vertex 32.34499999999999 5.055000000000002 2
      vertex 35.544999999999995 5.054999999999995 2
      vertex 32.355 8.244999999999996 2
    endloop
  endfacet
  facet normal 0 0 1
    outer loop
      vertex 32.355 5.044999999999997 2
      vertex 35.544999999999995 5.044999999999997 2
      vertex 35.544999999999995 5.054999999999995 2
    endloop
  endfacet
  facet normal 0 0 1
    outer loop
      vertex 32.355 8.244999999999996 2
      vertex 35.544999999999995 5.054999999999995 2
      vertex 35.54499999999999 8.254999999999997 2
    endloop
  endfacet
  facet normal 0 0 1
    outer loop
      vertex 32.355 8.244999999999996 2
      vertex 35.54499999999999 8.254999999999997 2
      vertex 33.949999999999996 8.254999999999997 2
    endloop
  endfacet
  facet normal 0 0 1
    outer loop
      vertex 35.544999999999995 5.054999999999995 2
      vertex 35.55496884735202 8.24503115264797 2
      vertex 35.54499999999999 8.254999999999997 2
    endloop
  endfacet
  facet normal 0 0 1
    outer loop
      vertex 35.544999999999995 5.054999999999995 2
      vertex 35.55499999999999 8.244999999999996 2
      vertex 35.55496884735202 8.24503115264797 2
    endloop
  endfacet
  facet normal 0 0 -1
    outer loop
      vertex 35.55499999999999 5.054999999999995 0
      vertex 38.754999999999995 5.044999999999997 0
      vertex 35.544999999999995 5.044999999999997 0
    endloop
  endfacet
  facet normal 0 0 -1
    outer loop
      vertex 35.55499999999999 5.054999999999995 0
      vertex 38.754999999999995 5.055000000000002 0
      vertex 38.754999999999995 5.044999999999997 0
    endloop
  endfacet
  facet normal 0 0 -1
    outer loop
      vertex 35.55499999999999 5.054999999999995 0
      vertex 38.74499999999999 8.244999999999992 0
      vertex 38.754999999999995 5.055000000000002 0
    endloop
  endfacet
  facet normal 0 0 -1
    outer loop
      vertex 35.55499999999999 5.054999999999995 0
      vertex 35.545 8.245 0
      vertex 38.74499999999999 8.244999999999992 0
    endloop
  endfacet
  facet normal 0 0 -1
    outer loop
      vertex 35.545 8.245 0
      vertex 35.555 8.254999999999997 0
      vertex 38.74499999999999 8.244999999999992 0
    endloop
  endfacet
  facet normal 0 0 -1
    outer loop
      vertex 35.555 8.254999999999997 0
      vertex 37.154999999999994 8.254999999999997 0
      vertex 38.74499999999999 8.244999999999992 0
    endloop
  endfacet
  facet normal 0 0 -1
    outer loop
      vertex 37.154999999999994 8.254999999999997 0
      vertex 38.74503115264797 8.24503115264797 0
      vertex 38.74499999999999 8.244999999999992 0
    endloop
  endfacet
  facet normal 0 -1 0
    outer loop
      vertex 35.544999999999995 5.044999999999997 0
      vertex 38.754999999999995 5.044999999999997 0
      vertex 38.754999999999995 5.044999999999997 2
    endloop
  endfacet
  facet normal 0 -1 0
    outer loop
      vertex 35.544999999999995 5.044999999999997 0
      vertex 38.754999999999995 5.044999999999997 2
      vertex 35.544999999999995 5.044999999999997 2
    endloop
  endfacet
  facet normal 0 0 1
    outer loop
      vertex 35.544999999999995 5.044999999999997 2
      vertex 38.74499999999999 5.055000000000002 2
      vertex 35.544999999999995 5.054999999999995 2
    endloop
  endfacet
  facet normal 0 0 1
    outer loop
      vertex 35.544999999999995 5.054999999999995 2
      vertex 38.74499999999999 5.055000000000002 2
      vertex 35.55499999999999 8.244999999999996 2
    endloop
  endfacet
  facet normal 0 0 1
    outer loop
      vertex 35.544999999999995 5.044999999999997 2
      vertex 38.754999999999995 5.044999999999997 2
      vertex 38.74499999999999 5.055000000000002 2
    endloop
  endfacet
  facet normal 0 0 1
    outer loop
      vertex 35.55499999999999 8.244999999999996 2
      vertex 38.74499999999999 5.055000000000002 2
      vertex 37.154999999999994 8.244999999999996 2
    endloop
  endfacet
  facet normal 0 0 1
    outer loop
      vertex 37.154999999999994 8.244999999999996 2
      vertex 38.74499999999999 5.055000000000002 2
      vertex 38.754999999999995 8.244999999999996 2
    endloop
  endfacet
  facet normal 0 0 1
    outer loop
      vertex 35.55496884735202 8.24503115264797 2
      vertex 38.74499999999999 8.255 2
      vertex 35.54499999999999 8.254999999999997 2
    endloop
  endfacet
  facet normal 0 0 1
    outer loop
      vertex 37.154999999999994 8.244999999999996 2
      vertex 38.754999999999995 8.244999999999996 2
      vertex 38.74503115264797 8.254968847352023 2
    endloop
  endfacet
  facet normal 0 0 1
    outer loop
      vertex 38.74499999999999 8.255 2
      vertex 38.74503115264797 8.254968847352023 2
      vertex 38.754999999999995 8.254999999999997 2
    endloop
  endfacet
  facet normal 0 0 1
    outer loop
      vertex 38.754999999999995 8.244999999999996 2
      vertex 38.754999999999995 8.254999999999997 2
      vertex 38.74503115264797 8.254968847352023 2
    endloop
  endfacet
  facet normal 0 0 -1
    outer loop
      vertex 38.754999999999995 5.055000000000002 0
      vertex 41.95499999999999 5.044999999999997 0
      vertex 38.754999999999995 5.044999999999997 0
    endloop
  endfacet
  facet normal 0 0 -1
    outer loop
      vertex 38.754999999999995 5.055000000000002 0
      vertex 38.74503115264797 8.24503115264797 0
      vertex 38.754999999999995 8.244999999999996 0
    endloop
  endfacet
  facet normal 0 0 -1
    outer loop
      vertex 38.754999999999995 5.055000000000002 0
      vertex 38.74499999999999 8.244999999999992 0
      vertex 38.74503115264797 8.24503115264797 0
    endloop
  endfacet
  facet normal 0 0 -1
    outer loop
      vertex 38.754999999999995 5.055000000000002 0
      vertex 38.754999999999995 8.244999999999996 0
      vertex 41.945031152647964 8.245031152647972 0
    endloop
  endfacet
  facet normal 0 0 -1
    outer loop
      vertex 38.754999999999995 5.055000000000002 0
      vertex 41.945031152647964 8.245031152647972 0
      vertex 41.95499999999999 5.044999999999997 0
    endloop
  endfacet
  facet normal 0 0 -1
    outer loop
      vertex 38.754999999999995 8.244999999999996 0
      vertex 38.74503115264797 8.24503115264797 0
      vertex 38.754999999999995 8.254999999999997 0
    endloop
  endfacet
  facet normal 0 -1 0
    outer loop
      vertex 38.754999999999995 5.044999999999997 0
      vertex 41.95499999999999 5.044999999999997 0
      vertex 41.95499999999999 5.044999999999997 2
    endloop
  endfacet
  facet normal 0 -1 0
    outer loop
      vertex 38.754999999999995 5.044999999999997 0
      vertex 41.95499999999999 5.044999999999997 2
      vertex 38.754999999999995 5.044999999999997 2
    endloop
  endfacet
  facet normal 0 0 1
    outer loop
      vertex 38.754999999999995 5.044999999999997 2
      vertex 38.754999999999995 8.244999999999996 2
      vertex 38.74499999999999 5.055000000000002 2
    endloop
  endfacet
  facet normal 0 0 1
    outer loop
      vertex 38.754999999999995 5.044999999999997 2
      vertex 41.95499999999999 5.044999999999997 2
      vertex 38.754999999999995 8.244999999999996 2
    endloop
  endfacet
  facet normal 0 0 1
    outer loop
      vertex 38.754999999999995 8.244999999999996 2
      vertex 41.95499999999999 5.044999999999997 2
      vertex 41.945031152647964 8.254968847352021 2
    endloop
  endfacet
  facet normal 0 0 1
    outer loop
      vertex 41.944999999999986 8.254999999999997 2
      vertex 41.945031152647964 8.254968847352021 2
      vertex 41.95499999999999 8.254999999999997 2
    endloop
  endfacet
  facet normal 0 0 -1
    outer loop
      vertex 41.945031152647964 8.245031152647972 0
      vertex 41.95499999999999 8.244999999999996 0
      vertex 41.95499999999999 5.044999999999997 0
    endloop
  endfacet
  facet normal 1 0 0
    outer loop
      vertex 41.95499999999999 5.044999999999997 0
      vertex 41.95499999999999 8.244999999999996 0
      vertex 41.95499999999999 8.244999999999996 0.00623052959501655
    endloop
  endfacet
  facet normal 1 0 0
    outer loop
      vertex 41.95499999999999 5.044999999999997 0
      vertex 41.95499999999999 8.244999999999996 0.00623052959501655
      vertex 41.95499999999999 5.044999999999997 2
    endloop
  endfacet
  facet normal 1 0 0
    outer loop
      vertex 41.95499999999999 8.244999999999996 0.00623052959501655
      vertex 41.95499999999999 8.254999999999997 0
      vertex 41.95499999999999 8.254999999999997 2
    endloop
  endfacet
  facet normal 1 0 0
    outer loop
      vertex 41.95499999999999 8.244999999999996 0.00623052959501655
      vertex 41.95499999999999 8.254999999999997 2
      vertex 41.95499999999999 5.044999999999997 2
    endloop
  endfacet
  facet normal 0 0 1
    outer loop
      vertex 41.945031152647964 8.254968847352021 2
      vertex 41.95499999999999 5.044999999999997 2
      vertex 41.95499999999999 8.254999999999997 2
    endloop
  endfacet
endsolid OpenSCAD_Model
